email,name,Unnamed: 2,dob,gender,academic_title,academic_title_year,degree,degree_year,academic_position,position,home_adress,mobile,department,linh_vuc_chuyen_sau,department_level,name_eg,official_name_vi,official_name_en,official_name_en_unique,name_extension
andrew.hupert@gmail.com,Andrew Hupert,1,,,,,,,Giảng viên thỉnh giảng,,,,,,,Andrew Hupert,Andrew Hupert,Andrew Hupert,Andrew Hupert,
thangbn@neu.edu.vn,Bạch Ngọc Thắng,1,1980,Nam,Phó giáo sư,2022,Tiến sĩ,2014,Giảng viên (Hạng III),Phó viện trưởng,"Thị xã Hà Đông, Hà Tây",,Viện Phát triển bền vững,,E:\NeuTech\Dữ liệu\Dữ liệu giảng viên\Phòng ban viện/Viện Phát triển bền vững,Bach Ngoc Thang,PGS. TS. Bạch Ngọc Thắng,Assoc. Prof. Bach Ngoc Thang,Assoc. Prof. Bach Ngoc Thang,
vanbc@neu.edu.vn,Bùi Cẩm Vân,1,1989,Nữ,,,Tiến sĩ,2024,Giảng viên (Hạng III),,"Số 5, ngách 12, ngõ 82, Trần Cung, Cầu Giấy, Hà Nội",0966100689,Khoa Quản trị kinh doanh,,E:\NeuTech\Dữ liệu\Dữ liệu giảng viên\Trường Kinh Doanh/Khoa QTKD,Bui Cam Van,TS. Bùi Cẩm Vân,Dr. Bui Cam Van,Dr. Bui Cam Van,
duybc@neu.edu.vn,Bùi Cao Duy,1,1979,Nam,,,,2002,Chức vụ:,,"Số 18B1, Đại học Ngoại thương, Hà Nội",,Trung tâm Dịch vụ Hỗ trợ đào tạo,,E:\NeuTech\Dữ liệu\Dữ liệu giảng viên\Phòng ban viện/Trung tâm Dịch vụ hỗ trợ đào tạo,Bui Cao Duy,Bùi Cao Duy,Bui Cao Duy,Bui Cao Duy,
buidovan@neu.edu.vn,Bùi Đỗ Vân,1,1988,Nữ,,,Thạc sĩ,2016,Giảng viên chính (Hạng II),,"Số 21, Tổ 22B, Minh Khai, Hai Bà Trưng, Hà Nội",0945364668,Viện Ngân hàng - Tài chính,,E:\NeuTech\Dữ liệu\Dữ liệu giảng viên\Phòng ban viện/Viện Ngân hàng - Tài chính,Bui Do Van,ThS. Bùi Đỗ Vân,Bui Do Van M.Sc.,Bui Do Van M.Sc.,
dungbd@neu.edu.vn,Bùi Đức Dũng,1,1977,Nam,,,Thạc sĩ,2013,Chuyên viên chính hạng II,Trưởng phòng,"Số 4 Ngõ 35 Phố Nam Dư, Lĩnh Nam, Hoàng Mai, Hà Nội",0912016788,Phòng Tổng hợp,,E:\NeuTech\Dữ liệu\Dữ liệu giảng viên\Phòng ban viện/Phòng tổng hợp,Bui Duc Dung,ThS. Bùi Đức Dũng,Bui Duc Dung M.Sc.,Bui Duc Dung M.Sc.,
thobd@neu.edu.vn,Bùi Đức Thọ,1,1975,Nam,Phó giáo sư,2015,Tiến sĩ,2005,Giảng viên cao cấp (Hạng I),Bí thư Đảng ủy - Giám đốc Đại học,"Ngõ 167, ngách 31, nhà số 9 Tây Sơn, Đống Đa, Hà Nội",0986426633,Ban Giám đốc,,E:\NeuTech\Dữ liệu\Dữ liệu giảng viên\Phòng ban viện/Ban giám hiệu,Bui Duc Tho,PGS. TS. Bùi Đức Thọ,Assoc. Prof. Bui Duc Tho,Assoc. Prof. Bui Duc Tho,
trieubd@neu.edu.vn,Bùi Đức Triệu,1,1963,Nam,Phó giáo sư,,Tiến sĩ,,Giảng viên cao cấp (Hạng I),,"Số nhà 10, ngách 176/10, Lê Trọng Tấn, Thanh Xuân, Hà Nội",0913004030,Khoa Thống kê,,E:\NeuTech\Dữ liệu\Dữ liệu giảng viên\Trường Công nghệ/Khoa Thống Kê,Bui Duc Trieu,PGS. TS. Bùi Đức Triệu,Assoc. Prof. Bui Duc Trieu,Assoc. Prof. Bui Duc Trieu,
tuanbd@neu.edu.vn,Bùi Đức Tuân,1,1971,Nam,Phó giáo sư,,Tiến sĩ,2008,Giảng viên cao cấp (Hạng I),Phó viện trưởng,"1006-W3, KĐT Vinhomes Westpoint, , Nam Từ Liêm, Hà Nội",0903456596,Viện Quản trị kinh doanh,,E:\NeuTech\Dữ liệu\Dữ liệu giảng viên\Trường Kinh Doanh/Viện QTKD,Bui Duc Tuan,PGS. TS. Bùi Đức Tuân,Assoc. Prof. Bui Duc Tuan,Assoc. Prof. Bui Duc Tuan,
haibd@neu.edu.vn,Bùi Dương Hải,1,1976,Nam,,,Thạc sĩ,2003,Giảng viên (Hạng III),Phó trưởng bộ môn,"203 - B2, TT Thành Công, , Ba Đình, Hà Nội",0904235498,Khoa Toán kinh tế,,E:\NeuTech\Dữ liệu\Dữ liệu giảng viên\Trường Công nghệ/Khoa Toán Kinh tế,Bui Duong Hai,ThS. Bùi Dương Hải,Bui Duong Hai M.Sc.,Bui Duong Hai M.Sc.,
buihung@neu.edu.vn,Bùi Hùng,1,1983,Nam,,,,2008,Giảng viên (Hạng III),,"Tổ 20, Phúc Lợi, Long Biên, Hà Nội",,"Khoa Môi trường, Biến đổi khí hậu và Đô thị",,"E:\NeuTech\Dữ liệu\Dữ liệu giảng viên\Trường Kinh tế và Quản lý công/Khoa Môi trường, Biến đổi khí hậu và Đô thị",Bui Hung,Bùi Hùng,Bui Hung,Bui Hung,
huybh@neu.edu.vn,Bùi Hữu Huy,1,1975,Nam,,,Thạc sĩ,2017,Chức vụ:,,"Số 3 nhà B9 tập thể Trường ĐHKTQD, Đồng Tâm, Hai Bà Trưng, Hà Nội",,Phòng Quản trị thiết bị,,E:\NeuTech\Dữ liệu\Dữ liệu giảng viên\Phòng ban viện/Phòng quản trị thiết bị,Bui Huu Huy,ThS. Bùi Hữu Huy,Bui Huu Huy M.Sc.,Bui Huu Huy M.Sc.,
hoanbh@neu.edu.vn,Bùi Huy Hoàn,1,1995,Nam,,,Thạc sĩ,2022,Chuyên viên,,"Phòng 504 - D2, tập thể 781, Khương Trung, Thanh Xuân, Hà Nội",0965666857,Phòng Quản lý khoa học,,E:\NeuTech\Dữ liệu\Dữ liệu giảng viên\Phòng ban viện/Phòng Quản lý Khoa học,Bui Huy Hoan,ThS. Bùi Huy Hoàn,Bui Huy Hoan M.Sc.,Bui Huy Hoan M.Sc.,
nhuongbh@neu.edu.vn,Bùi Huy Nhượng,1,1973,Nam,Phó giáo sư,2012,Tiến sĩ,2007,Giảng viên cao cấp (Hạng I),Phó giám đốc Đại học,"P1604B1, Khu Mandarin Garden, đường Hoàng Minh Giám, Trung Hoà, Cầu Giấy, Hà Nội",0915156368,Ban Giám đốc,,E:\NeuTech\Dữ liệu\Dữ liệu giảng viên\Phòng ban viện/Ban giám hiệu,Bui Huy Nhuong,PGS. TS. Bùi Huy Nhượng,Assoc. Prof. Bui Huy Nhuong,Assoc. Prof. Bui Huy Nhuong,
trungbk@neu.edu.vn,Bùi Kiên Trung,1,1976,Nam,,,Tiến sĩ,2016,Giảng viên (Hạng III),Phó trưởng phòng,"Ecopark, Xuân Quan, Văn Giang, Hưng Yên",0912228939,Phòng Tổng hợp,,E:\NeuTech\Dữ liệu\Dữ liệu giảng viên\Phòng ban viện/Trung tâm đào tạo từ xa,Bui Kien Trung,TS. Bùi Kiên Trung,Dr. Bui Kien Trung,Dr. Bui Kien Trung,
vuongbm@neu.edu.vn,Bùi Minh Vương,1,1966,Nam,,,,,Chức vụ:,,"Tổ 12, Long Biên, Long Biên, Hà Nội",0904303814,Phòng Quản trị thiết bị,,E:\NeuTech\Dữ liệu\Dữ liệu giảng viên\Phòng ban viện/Phòng quản trị thiết bị,Bui Minh Vuong,Bùi Minh Vương,Bui Minh Vuong,Bui Minh Vuong,
thuybn@neu.edu.vn,Bùi Ngọc Thúy,1,1984,Nữ,,,Thạc sĩ,2018,Văn thư,Văn thư,"222 Lê Duẩn, Khâm Thiên, Đống Đa, Hà Nội",0904662788,Khoa Đầu tư,,E:\NeuTech\Dữ liệu\Dữ liệu giảng viên\Trường Kinh tế và Quản lý công/Khoa Đầu tư,Bui Ngoc Thuy,ThS. Bùi Ngọc Thúy,Bui Ngoc Thuy M.Sc.,Bui Ngoc Thuy M.Sc.,
hoanbq@neu.edu.vn,Bùi Quang Hoàn,1,1978,Nam,,,Cử nhân,2001,Thư viện viên,,"Số 24A phố Chùa Vua, Phố Huế, Hai Bà Trưng, Hà Nội",,"Trung tâm Thông tin, tư liệu, thư viện",,E:\NeuTech\Dữ liệu\Dữ liệu giảng viên\Phòng ban viện/Trung tâm thông tin thư viện,Bui Quang Hoan,Bùi Quang Hoàn,Bui Quang Hoan,Bui Quang Hoan,
buiquochoan@neu.edu.vn,Bùi Quốc Hoàn,1,1981,Nam,,,Tiến sĩ,2025,Giảng viên chính (Hạng II),Chánh văn phòng (trường thành viên),"Số nhà 51, phố Giáp Nhị, Thịnh Liệt, Hoàng Mai, Hà Nội",0983386428,Trường Công nghệ,,E:\NeuTech\Dữ liệu\Dữ liệu giảng viên\Trường Công nghệ/Khoa Khoa học Cơ sở,Bui Quoc Hoan,TS. Bùi Quốc Hoàn,Dr. Bui Quoc Hoan,Dr. Bui Quoc Hoan,
anhbq@neu.edu.vn,Bùi Quỳnh Anh,1,1976,Nữ,,,Thạc sĩ,2005,Giảng viên (Hạng III),Phó trưởng bộ môn,"P202 Ct1 Skylight, Minh Khai, Hai Bà Trưng, Hà Nội",0944981746,Khoa Bảo hiểm,,E:\NeuTech\Dữ liệu\Dữ liệu giảng viên\Trường Kinh Doanh/Khoa Bảo hiểm,Bui Quynh Anh,ThS. Bùi Quỳnh Anh,Bui Quynh Anh M.Sc.,Bui Quynh Anh M.Sc.,
huyentx@neu.edu.vn,Bùi Thị Bích Huyền,1,1980,Nữ,,,Thạc sĩ,1980,Chức vụ:,,"42 tổ 15 Ngách 63/56 Phố Trần Quốc Vượng, Dịch Vọng Hậu, Cầu Giấy, Hà Nội",0979767680,Trung tâm Đào tạo từ xa,,E:\NeuTech\Dữ liệu\Dữ liệu giảng viên\Phòng ban viện/Trung tâm đào tạo từ xa,Bui Thi Bich Huyen,ThS. Bùi Thị Bích Huyền,Bui Thi Bich Huyen M.Sc.,Bui Thi Bich Huyen M.Sc.,
buihanh83@neu.edu.vn,Bùi Thị Hạnh,1,1983,Nữ,,,Thạc sĩ,2010,Chuyên viên,,"Số 18, ngách 545/19/2 Đường Xuân Đỉnh, Xuân Đỉnh, Bắc Từ Liêm, Hà Nội",0903466848,Nhà xuất bản Trường Đại học Kinh tế quốc dân,,E:\NeuTech\Dữ liệu\Dữ liệu giảng viên\Phòng ban viện/nhà xuất bản,Bui Thi Hanh,ThS. Bùi Thị Hạnh,Bui Thi Hanh M.Sc.,Bui Thi Hanh M.Sc.,
lanbh@neu.edu.vn,Bùi Thị Hoàng Lan,1,1977,Nữ,Phó giáo sư,2023,Tiến sĩ,2013,Giảng viên cao cấp (Hạng I),Phó trưởng bộ môn,"11-T6 KĐT Nam Thăng Long (Ciputra), tổ dân phố Nam Thăng Long, Xuân Đỉnh, Bắc Từ Liêm, Hà Nội",0936125066,"Khoa Môi trường, Biến đổi khí hậu và Đô thị",,"E:\NeuTech\Dữ liệu\Dữ liệu giảng viên\Trường Kinh tế và Quản lý công/Khoa Môi trường, Biến đổi khí hậu và Đô thị",Bui Thi Hoang Lan,PGS. TS. Bùi Thị Hoàng Lan,Assoc. Prof. Bui Thi Hoang Lan,Assoc. Prof. Bui Thi Hoang Lan,
vietbh@neu.edu.vn,Bùi Thị Hồng Việt,1,1978,Nữ,,,Tiến sĩ,2012,Giảng viên chính (Hạng II),Trưởng bộ môn,"Phòng 1801 Tòa B4, Kim Liên, Đống Đa, Hà Nội",0982110177,Khoa Khoa học Quản lý,,E:\NeuTech\Dữ liệu\Dữ liệu giảng viên\Trường Kinh tế và Quản lý công/Khoa Khoa học quản lý,Bui Thi Hong Viet,TS. Bùi Thị Hồng Việt,Dr. Bui Thi Hong Viet,Dr. Bui Thi Hong Viet,
xuanbtk@neu.edu.vn,Bùi Thị Kim Xuân,1,1969,Nữ,,,,,Chức vụ:,,"Tổ 18, Hoàng Liệt, Hoàng Mai, Hà Nội",0983334269,Phòng Quản trị thiết bị,,E:\NeuTech\Dữ liệu\Dữ liệu giảng viên\Phòng ban viện/Phòng quản trị thiết bị,Bui Thi Kim Xuan,Bùi Thị Kim Xuân,Bui Thi Kim Xuan,Bui Thi Kim Xuan,
builanhkt@neu.edu.vn,Bùi Thị Lành,1,1986,Nữ,,,Tiến sĩ,2022,Giảng viên chính (Hạng II),,", , Hà Đông, Hà Nội",0936364164,Viện Thương mại và Kinh tế quốc tế,,E:\NeuTech\Dữ liệu\Dữ liệu giảng viên\Trường Kinh Doanh/Viện Thương mại và Kinh tế Quốc tế,Bui Thi Lanh,TS. Bùi Thị Lành,Dr. Bui Thi Lanh,Dr. Bui Thi Lanh,
minhbtl@neu.edu.vn,Bùi Thị Lê Minh,1,1981,Nữ,,,Thạc sĩ,,Giảng viên (Hạng III),,"526 phố Bạch Mai, Thanh Nhàn, Hai Bà Trưng, Hà Nội",0988820505,Khoa Ngoại ngữ kinh tế,,E:\NeuTech\Dữ liệu\Dữ liệu giảng viên\Trường Kinh tế và Quản lý công/Khoa Ngoại ngữ Kinh tế,Bui Thi Le Minh,ThS. Bùi Thị Lê Minh,Bui Thi Le Minh M.Sc.,Bui Thi Le Minh M.Sc.,
haibm@neu.edu.vn,Bùi Thị Minh Hải,1,1977,Nữ,,,Tiến sĩ,2010,Giảng viên chính (Hạng II),,"Số 04, D1, Thấp tầng 4, Bắc Linh Đàm , Đại Kim, Hoàng Mai, Hà Nội",0916031028,Viện Kế toán - Kiểm toán,"Kiểm toán, kiểm soát nội bộ, kiểm soát quản lý",E:\NeuTech\Dữ liệu\Dữ liệu giảng viên\Phòng ban viện/Viện Kế toán Kiểm toán,Bui Thi Minh Hai,TS. Bùi Thị Minh Hải,Dr. Bui Thi Minh Hai,Dr. Bui Thi Minh Hai,
trangbq@neu.edu.vn,Bùi Thị Quỳnh Trang,1,1981,Nữ,,,Cử nhân,2005,Chuyên viên,,"Số 31 ngõ 184 Vương Thừa Vũ, Khương Trung, Thanh Xuân, Hà Nội",0912478259,Viện Đào tạo quốc tế,,E:\NeuTech\Dữ liệu\Dữ liệu giảng viên\Phòng ban viện/Viện Đào tạo Quốc tế,Bui Thi Quynh Trang,Bùi Thị Quỳnh Trang,Bui Thi Quynh Trang,Bui Thi Quynh Trang,
senbt@neu.edu.vn,Bùi Thị Sen,1,1973,Nữ,,,Thạc sĩ,2009,Ngạch Thư viện viên chính,Giám đốc Trung tâm thư viện,"Tổ 9 Định Công, Định Công, Hoàng Mai, Hà Nội",0853261903,"Trung tâm Thông tin, tư liệu, thư viện",,E:\NeuTech\Dữ liệu\Dữ liệu giảng viên\Phòng ban viện/Trung tâm thông tin thư viện,Bui Thi Sen,ThS. Bùi Thị Sen,Bui Thi Sen M.Sc.,Bui Thi Sen M.Sc.,
binhbtt@neu.edu.vn,Bùi Thị Thanh Bình,1,1987,Nữ,,,Thạc sĩ,2012,Giảng viên (Hạng III),,"CC Mulberry Lane - Nguyễn Văn Lộc, , Hà Đông, Hà Nội",0987392374,Khoa Ngoại ngữ kinh tế,,E:\NeuTech\Dữ liệu\Dữ liệu giảng viên\Trường Kinh tế và Quản lý công/Khoa Ngoại ngữ Kinh tế,Bui Thi Thanh Binh,ThS. Bùi Thị Thanh Bình,Bui Thi Thanh Binh M.Sc.,Bui Thi Thanh Binh M.Sc.,
huyenbt@neu.edu.vn,Bùi Thị Thanh Huyền,1,1981,Nữ,,,Tiến sĩ,2020,Giảng viên chính (Hạng II),,"SN17, đường Trúc Khê, Láng Hạ, Đống Đa, Hà Nội",0983798698,Khoa Kế hoạch và Phát triển,,E:\NeuTech\Dữ liệu\Dữ liệu giảng viên\Trường Kinh tế và Quản lý công/Khoa Kế hoạch và phát triển,Bui Thi Thanh Huyen,TS. Bùi Thị Thanh Huyền,Dr. Bui Thi Thanh Huyen,Dr. Bui Thi Thanh Huyen,
buithuy@neu.edu.vn,Bùi Thị Thúy,1,1976,Nữ,,,Thạc sĩ,2014,Trợ lý,Trợ lý,"Thôn 7, Thạch Hoà, Thạch Thất, Hà Nội",0815666528,Khoa Kinh tế và Quản lý Nguồn nhân lực,,E:\NeuTech\Dữ liệu\Dữ liệu giảng viên\Trường Kinh Doanh/Khoa Kinh tế và Quản lý nguồn nhân lực,Bui Thi Thuy,ThS. Bùi Thị Thúy,Bui Thi Thuy M.Sc.,Bui Thi Thuy M.Sc.,
vanbt@neu.edu.vn,Bùi Thu Vân,1,1991,Nữ,,,Thạc sĩ,2015,Giảng viên (Hạng III),,"TT1.09, ngõ 183 Hoàng Văn Thái, Thanh Xuân, Hà Nội",,Khoa Quản trị kinh doanh,,E:\NeuTech\Dữ liệu\Dữ liệu giảng viên\Trường Kinh Doanh/Khoa QTKD,Bui Thu Van,ThS. Bùi Thu Vân,Bui Thu Van M.Sc.,Bui Thu Van M.Sc.,
thuyanh@neu.edu.vn,Bùi Thùy Anh,1,1992,Nữ,,,Thạc sĩ,2020,Chuyên viên,,"Số 5 ngõ 102, Khương Trung, Thanh Xuân, Hà Nội",0947430890,Viện Đào tạo Sau đại học,,E:\NeuTech\Dữ liệu\Dữ liệu giảng viên\Phòng ban viện/Viện Đào tạo sau Đại học,Bui Thuy Anh,ThS. Bùi Thùy Anh,Bui Thuy Anh M.Sc.,Bui Thuy Anh M.Sc.,
,Bùi Trung Hải,1,1981,Nam,,,,,Giảng viên chính (Hạng II),Phó trưởng phòng,"4B, ngõ 121 Kim Ngưu, Thanh Lương, Hai Bà Trưng, Hà Nội",0904190911,Phòng Công tác chính trị và Quản lý sinh viên,,E:\NeuTech\Dữ liệu\Dữ liệu giảng viên\Trường Kinh tế và Quản lý công/Khoa Kế hoạch và phát triển,Bui Trung Hai,Bùi Trung Hải,Bui Trung Hai,Bui Trung Hai,
hungbv@neu.edu.vn,Bùi Văn Hưng,1,1962,Nam,Phó giáo sư,,Tiến sĩ,2005,Giảng viên cao cấp (Hạng I),,"202, Phương Liệt, Thanh Xuân, Hà Nội",,Viện Thương mại và Kinh tế quốc tế,,E:\NeuTech\Dữ liệu\Dữ liệu giảng viên\Trường Kinh Doanh/Viện Thương mại và Kinh tế Quốc tế,Bui Van Hung,PGS. TS. Bùi Văn Hưng,Assoc. Prof. Bui Van Hung,Assoc. Prof. Bui Van Hung,
nambv@neu.edu.vn,Bùi Văn Nam,1,1971,Nam,,,,,Chức vụ:,,"Đê Lương, Yên Bắc, Duy Tiên, Hà Nam",,Trung tâm Dịch vụ Hỗ trợ đào tạo,,E:\NeuTech\Dữ liệu\Dữ liệu giảng viên\Phòng ban viện/Trung tâm Dịch vụ hỗ trợ đào tạo,Bui Van Nam,Bùi Văn Nam,Bui Van Nam,Bui Van Nam,
cananhtuan@neu.edu.vn,Cấn Anh Tuấn,1,1975,Nam,,,Tiến sĩ,2012,Giảng viên chính (Hạng II),Giám đốc,"17 Hoa Lan 4, Vinhomes Reverside, Phúc Lợi, Long Biên, Hà Nội",0913366736,Trung tâm Đào tạo Liên tục,,E:\NeuTech\Dữ liệu\Dữ liệu giảng viên\Phòng ban viện/Trung tâm Dịch vụ hỗ trợ đào tạo,Can Anh Tuan,TS. Cấn Anh Tuấn,Dr. Can Anh Tuan,Dr. Can Anh Tuan,
hungcd@neu.edu.vn,Cao Đông Hưng,1,1984,Nam,,,Thạc sĩ,2010,Giảng viên (Hạng III),,"Số 17/122, Định Công, Hoàng Mai, Hà Nội",0976488886,Viện Ngân hàng - Tài chính,,E:\NeuTech\Dữ liệu\Dữ liệu giảng viên\Phòng ban viện/Viện Ngân hàng - Tài chính,Cao Dong Hung,ThS. Cao Đông Hưng,Cao Dong Hung M.Sc.,Cao Dong Hung M.Sc.,
huyenck@neu.edu.vn,Cao Khánh Huyền,1,1982,Nữ,,,Cử nhân,,Chức vụ:,,"Số 17, ngõ 122, Phố Định Công, Định Công, Hoàng Mai, Hà Nội",0943268278,Trung tâm Dịch vụ Hỗ trợ đào tạo,,E:\NeuTech\Dữ liệu\Dữ liệu giảng viên\Phòng ban viện/Trung tâm Dịch vụ hỗ trợ đào tạo,Cao Khanh Huyen,Cao Khánh Huyền,Cao Khanh Huyen,Cao Khanh Huyen,
quangcq@neu.edu.vn,Cao Quốc Quang,1,1976,Nam,,,Tiến sĩ,2019,Giảng viên chính (Hạng II),Phó trưởng khoa,"74 Nguyễn Văn Giáp, Cầu Diễn, Nam Từ Liêm, Hà Nội",0923004606,Khoa Thống kê,,E:\NeuTech\Dữ liệu\Dữ liệu giảng viên\Trường Công nghệ/Khoa Thống Kê,Cao Quoc Quang,TS. Cao Quốc Quang,Dr. Cao Quoc Quang,Dr. Cao Quoc Quang,
huongct@neu.edu.vn,Cao Thị Thu Hương,1,1981,Nữ,,,Thạc sĩ,2007,Giảng viên chính (Hạng II),,"Phòng 502 - K14, Bách Khoa, Hai Bà Trưng, Hà Nội",0912916316,Khoa Công nghệ thông tin,,E:\NeuTech\Dữ liệu\Dữ liệu giảng viên\Trường Công nghệ/Khoa Công nghệ Thông tin,Cao Thi Thu Huong,ThS. Cao Thị Thu Hương,Cao Thi Thu Huong M.Sc.,Cao Thi Thu Huong M.Sc.,
nhicy@neu.edu.vn,Cao Thị ý Nhi,1,1976,Nữ,Phó giáo sư,2016,Tiến sĩ,2007,Giảng viên cao cấp (Hạng I),,"A1P3 TT Đại học Kinh tế Quốc dân , Đồng Tâm, Hai Bà Trưng, Hà Nội",,Viện Ngân hàng - Tài chính,,E:\NeuTech\Dữ liệu\Dữ liệu giảng viên\Phòng ban viện/Viện Ngân hàng - Tài chính,Cao Thi y Nhi,PGS. TS. Cao Thị ý Nhi,Assoc. Prof. Cao Thi y Nhi,Assoc. Prof. Cao Thi y Nhi,
xiemct@neu.edu.vn,Cao Thúy Xiêm,1,1962,Nữ,Phó giáo sư,,Tiến sĩ,,Giảng viên cao cấp (Hạng I),,"7 Nhà 8 tập thể Đai học Kinh tế Quốc dân, , ,",0904538601,Khoa Kinh tế học,,E:\NeuTech\Dữ liệu\Dữ liệu giảng viên\Trường Kinh tế và Quản lý công/Khoa Kinh tế học,Cao Thuy Xiem,PGS. TS. Cao Thúy Xiêm,Assoc. Prof. Cao Thuy Xiem,Assoc. Prof. Cao Thuy Xiem,
cuongct@neu.edu.vn,Cao Tiến Cường,1,1964,Nam,,,Cử nhân,1985,Giảng viên (Hạng III),,"Tập thể ĐHKTQD, Đồng Tâm, Hai Bà Trưng, Hà Nội",,Khoa Marketing,,E:\NeuTech\Dữ liệu\Dữ liệu giảng viên\Trường Kinh Doanh/Khoa Marketing,Cao Tien Cuong,Cao Tiến Cường,Cao Tien Cuong,Cao Tien Cuong,
,Cát Thị Thu,1,1965,Nữ,,,,,Chức vụ:,,"Nhà 8 tầng 3 tập thể ĐHKTQD, Hà Nội",,Phòng Quản trị thiết bị,,E:\NeuTech\Dữ liệu\Dữ liệu giảng viên\Phòng ban viện/Phòng quản trị thiết bị,Cat Thi Thu,Cát Thị Thu,Cat Thi Thu,Cat Thi Thu,
haicd@neu.edu.vn,Chu Đức Hải,1,1963,Nam,,,,,Nhân viên,,"347 C17, Quỳnh Lôi, Hai Bà Trưng, Hà Nội",0912828038,Phòng Quản trị thiết bị,,E:\NeuTech\Dữ liệu\Dữ liệu giảng viên\Phòng ban viện/Phòng quản trị thiết bị,Chu Duc Hai,Chu Đức Hải,Chu Duc Hai,Chu Duc Hai,
cdh@neu.edu.vn,Chu Đức Hiền,1,1985,Nam,,,Thạc sĩ,2010,Giảng viên chính (Hạng II),,"Số 1 ngách 26 ngõ 250, Khương Trung, Thanh Xuân, Hà Nội",0984261633,Bộ môn Giáo dục thể chất,,E:\NeuTech\Dữ liệu\Dữ liệu giảng viên\Phòng ban viện/Bộ môn GDTC,Chu Duc Hien,ThS. Chu Đức Hiền,Chu Duc Hien M.Sc.,Chu Duc Hien M.Sc.,
ngoccb@neu.edu.vn,Chu Thị Bích Ngọc,1,1973,Nữ,,,Tiến sĩ,2014,Giảng viên chính (Hạng II),,"37 ngõ 112 đường 19/5, Văn Quán, Hà Đông, Hà Nội",0985826967,Khoa Thống kê,,E:\NeuTech\Dữ liệu\Dữ liệu giảng viên\Trường Công nghệ/Khoa Thống Kê,Chu Thi Bich Ngoc,TS. Chu Thị Bích Ngọc,Dr. Chu Thi Bich Ngoc,Dr. Chu Thi Bich Ngoc,
nganctk@neu.edu.vn,Chu Thị Kim Ngân,1,1983,Nữ,,,Thạc sĩ,2009,Giảng viên chính (Hạng II),,"Toà B, vinaconex 2, số 1 Nghiêm Xuân Yêm, Đại Kim, Hoàng Mai, Hà Nội",0912759093,Khoa Ngoại ngữ kinh tế,,E:\NeuTech\Dữ liệu\Dữ liệu giảng viên\Trường Kinh tế và Quản lý công/Khoa Ngoại ngữ Kinh tế,Chu Thi Kim Ngan,ThS. Chu Thị Kim Ngân,Chu Thi Kim Ngan M.Sc.,Chu Thi Kim Ngan M.Sc.,
doanct@neu.edu.vn,Chu Tiến Đoàn,1,1988,Nam,,,Thạc sĩ,2023,Nhân viên,,"Số 10 ngõ 84 Trần Đại Nghĩa, Đồng Tâm, Hai Bà Trưng, Hà Nội",0944474385,"Trung tâm Nghiên cứu, tư vấn Kinh tế và Kinh doanh",,E:\NeuTech\Dữ liệu\Dữ liệu giảng viên\Phòng ban viện/Trung tâm nghiên cứu và tư vấn kinh tế,Chu Tien Doan,ThS. Chu Tiến Đoàn,Chu Tien Doan M.Sc.,Chu Tien Doan M.Sc.,
vuct@neu.edu.vn,Chu Tuấn Vũ,1,1991,Nam,,,Thạc sĩ,2015,Giảng viên (Hạng III),,"Số 23 ngõ 175 đường Lạc Long Quân, Tây Hồ, Hà Nội",0934675491,Khoa Quản trị kinh doanh,,E:\NeuTech\Dữ liệu\Dữ liệu giảng viên\Trường Kinh Doanh/Khoa QTKD,Chu Tuan Vu,ThS. Chu Tuấn Vũ,Chu Tuan Vu M.Sc.,Chu Tuan Vu M.Sc.,
,Chu Văn Hưng,1,1981,Nam,,,Cử nhân,2015,Chức vụ:,,"Nhà số 1, Ngách 29/72, Ngõ 29, Khương Hạ, Thanh Xuân, Hà Nội",,Trung tâm Dịch vụ Hỗ trợ đào tạo,,E:\NeuTech\Dữ liệu\Dữ liệu giảng viên\Phòng ban viện/Trung tâm Dịch vụ hỗ trợ đào tạo,Chu Van Hung,Chu Văn Hưng,Chu Van Hung,Chu Van Hung,
damlannhi@neu.edu.vn,Đàm Lan Nhi,1,1990,Nữ,,,Thạc sĩ,2015,Giảng viên (Hạng III),,"124 Hàng Bạc, Hàng Bạc, Hoàn Kiếm, Hà Nội",0969963004,Khoa Hệ thống thông tin quản lý,,E:\NeuTech\Dữ liệu\Dữ liệu giảng viên\Trường Công nghệ/Khoa Hệ thống Thông tin Quản lý,Dam Lan Nhi,ThS. Đàm Lan Nhi,Dam Lan Nhi M.Sc.,Dam Lan Nhi M.Sc.,
vinhdq@neu.edu.vn,Đàm Quang Vinh,1,1974,Nam,Phó giáo sư,2015,Tiến sĩ,2003,Giảng viên cao cấp (Hạng I),Giám đốc,"Số 36B Hoa Phượng 7, vinhomes riverside, Phúc Lợi, Long Biên, Hà Nội",0979689189,Trung tâm Đào tạo từ xa,,E:\NeuTech\Dữ liệu\Dữ liệu giảng viên\Phòng ban viện/Trung tâm đào tạo từ xa,Dam Quang Vinh,PGS. TS. Đàm Quang Vinh,Assoc. Prof. Dam Quang Vinh,Assoc. Prof. Dam Quang Vinh,
toaids@neu.edu.vn,Đàm Sơn Toại,1,1977,Nam,,,Tiến sĩ,2014,Giảng viên (Hạng III),Trưởng phòng,"6/26, Yên Phụ, Tây Hồ, Hà Nội",0965255926,Phòng Khảo thí và Đảm bảo chất lượng Giáo dục,,E:\NeuTech\Dữ liệu\Dữ liệu giảng viên\Phòng ban viện/Phòng khảo thí & DBCLGD,Dam Son Toai,TS. Đàm Sơn Toại,Dr. Dam Son Toai,Dr. Dam Son Toai,
oanhdtk@neu.edu.vn,Đàm Thị Kim Oanh,1,1984,Nữ,,,Tiến sĩ,2021,Giảng viên chính (Hạng II),,"Ngõ 51, Lương Khánh Thiện, Hà Nội",,Viện Kế toán - Kiểm toán,,E:\NeuTech\Dữ liệu\Dữ liệu giảng viên\Phòng ban viện/Viện Kế toán Kiểm toán,Dam Thi Kim Oanh,TS. Đàm Thị Kim Oanh,Dr. Dam Thi Kim Oanh,Dr. Dam Thi Kim Oanh,
thanhtd@neu.edu.vn,Đàm Tiến Thành,1,1998,Nam,,,Thạc sĩ,2023,Giảng viên (Hạng III),,"Số 14 - lô 2B, KĐT Trung Yên, Yên Hoà, Cầu Giấy, Hà Nội",0326090033,Khoa Khoa học dữ liệu và Trí tuệ nhân tạo,,E:\NeuTech\Dữ liệu\Dữ liệu giảng viên\Trường Công nghệ/Khoa KHDL và TTNT,Dam Tien Thanh,ThS. Đàm Tiến Thành,Dam Tien Thanh M.Sc.,Dam Tien Thanh M.Sc.,
huedv@neu.edu.vn,Đàm Văn Huệ,1,1959,Nam,Phó giáo sư,,Tiến sĩ,2002,Giảng viên cao cấp (Hạng I),,"Tập thể Đại học Kinh tế quốc dân, Hà Nội",,Viện Ngân hàng - Tài chính,,E:\NeuTech\Dữ liệu\Dữ liệu giảng viên\Phòng ban viện/Viện Ngân hàng - Tài chính,Dam Van Hue,PGS. TS. Đàm Văn Huệ,Assoc. Prof. Dam Van Hue,Assoc. Prof. Dam Van Hue,
tuanda@neu.edu.vn,Đặng Anh Tuấn,1,1976,Nam,,,Thạc sĩ,2001,Giảng viên chính (Hạng II),,"Nhà 6- Ngõ 90 - Phố Trần Đại Nghĩa, Đồng Tâm, Hai Bà Trưng, Hà Nội",0983664485,Viện Ngân hàng - Tài chính,,E:\NeuTech\Dữ liệu\Dữ liệu giảng viên\Phòng ban viện/Viện Ngân hàng - Tài chính,Dang Anh Tuan,ThS. Đặng Anh Tuấn,Dang Anh Tuan M.Sc.,Dang Anh Tuan M.Sc.,
dinhdh@neu.edu.vn,Đặng Hoàng Định,1,1988,Nam,,,Thạc sĩ,2021,Chuyên viên,,"Tân Minh, Sóc Sơn, Hà Nội",0349612576,Viện Đào tạo Sau đại học,,E:\NeuTech\Dữ liệu\Dữ liệu giảng viên\Phòng ban viện/Viện Đào tạo sau Đại học,Dang Hoang Dinh,ThS. Đặng Hoàng Định,Dang Hoang Dinh M.Sc.,Dang Hoang Dinh M.Sc.,
sondh@neu.edu.vn,Đặng Hồng Sơn,1,1977,Nam,,,Thạc sĩ,2005,Giảng viên chính (Hạng II),,"Số nhà 24A Ngõ 629 Đường Giải phóng, Giáp Bát, Hoàng Mai, Hà Nội",0915626699,Khoa Kinh tế và Quản lý Nguồn nhân lực,,E:\NeuTech\Dữ liệu\Dữ liệu giảng viên\Trường Kinh Doanh/Khoa Kinh tế và Quản lý nguồn nhân lực,Dang Hong Son,ThS. Đặng Hồng Sơn,Dang Hong Son M.Sc.,Dang Hong Son M.Sc.,
ngandh@neu.edu.vn,Đặng Huy Ngân,1,1979,Nam,,,Tiến sĩ,2018,Giảng viên chính (Hạng II),,"Số nhà 12, ngõ 495 đường Nguyễn Khoái, tổ 5, Thanh Trì, Hoàng Mai, Hà Nội",0944095265,Khoa Khoa học cơ sở,,E:\NeuTech\Dữ liệu\Dữ liệu giảng viên\Trường Công nghệ/Khoa Khoa học Cơ sở,Dang Huy Ngan,TS. Đặng Huy Ngân,Dr. Dang Huy Ngan,Dr. Dang Huy Ngan,
quandm@neu.edu.vn,Đặng Minh Quân,1,1978,Nam,,,Tiến sĩ,2006,Giảng viên (Hạng III),,"Số 28 ngõ 376/12 đường Bưởi, Ba Đình, Hà Nội",0962740669,Khoa Công nghệ thông tin,,E:\NeuTech\Dữ liệu\Dữ liệu giảng viên\Trường Công nghệ/Khoa Công nghệ Thông tin,Dang Minh Quan,TS. Đặng Minh Quân,Dr. Dang Minh Quan,Dr. Dang Minh Quan,
biendn@neu.edu.vn,Đặng Ngọc Biên,1,1976,Nam,,,Tiến sĩ,2024,Giảng viên (Hạng III),,"221 Thanh Nhàn, Thanh Nhàn, Hai Bà Trưng, Hà Nội",0913512680,Viện Ngân hàng - Tài chính,Thị trường tài chínhChính sách tiền tệTài chính công nghệ (Fintech),E:\NeuTech\Dữ liệu\Dữ liệu giảng viên\Phòng ban viện/Viện Ngân hàng - Tài chính,Dang Ngoc Bien,TS. Đặng Ngọc Biên,Dr. Dang Ngoc Bien,Dr. Dang Ngoc Bien,
dangocduc@neu.edu.vn,Đặng Ngọc Đức,1,1964,Nam,Phó giáo sư,,Tiến sĩ,2003,Giảng viên cao cấp (Hạng I),,"Số 37 đường Hướng Dương 3, KĐT Vinhomes Reverside 2, Phúc Đồng, Long Biên, Hà Nội",0903226809,Viện Ngân hàng - Tài chính,,E:\NeuTech\Dữ liệu\Dữ liệu giảng viên\Phòng ban viện/Viện Ngân hàng - Tài chính,Dang Ngoc Duc,PGS. TS. Đặng Ngọc Đức,Assoc. Prof. Dang Ngoc Duc,Assoc. Prof. Dang Ngoc Duc,
sudn@neu.edu.vn,Đặng Ngọc Sự,1,1966,Nam,,,Tiến sĩ,2012,Giảng viên (Hạng III),,"Tập thể trường Đại học Kinh tế quốc dân, , ,",0904628668,Khoa Quản trị kinh doanh,,E:\NeuTech\Dữ liệu\Dữ liệu giảng viên\Trường Kinh Doanh/Khoa QTKD,Dang Ngoc Su,TS. Đặng Ngọc Sự,Dr. Dang Ngoc Su,Dr. Dang Ngoc Su,
haianh@neu.edu.vn,Đặng Thị Hải Anh,1,1987,Nữ,,,Thạc sĩ,2018,Chuyên viên,,"P13, N8, TT ĐHKTQD, Đồng Tâm, Hai Bà Trưng, Hà Nội",0942004008,Phòng Tổ chức cán bộ,,E:\NeuTech\Dữ liệu\Dữ liệu giảng viên\Phòng ban viện/Phòng tổ chức cán bộ,Dang Thi Hai Anh,ThS. Đặng Thị Hải Anh,Dang Thi Hai Anh M.Sc.,Dang Thi Hai Anh M.Sc.,
dangthihoa@neu.edu.vn,Đặng Thị Hoa,1,1988,Nữ,,,Thạc sĩ,2017,Giảng viên (Hạng III),,"130 Nguyễn Đức Cảnh , Hoàng Văn Thụ, Hoàng Mai, Hà Nội",0977382205,Khoa Kinh tế học,,E:\NeuTech\Dữ liệu\Dữ liệu giảng viên\Trường Kinh tế và Quản lý công/Khoa Kinh tế học,Dang Thi Hoa,ThS. Đặng Thị Hoa,Dang Thi Hoa M.Sc.,Dang Thi Hoa M.Sc.,
huedt@neu.edu.vn,Đặng Thị Huê,1,1969,Nữ,,,Thạc sĩ,2016,Trưởng Trạm Y tế,Trạm trưởng,"Số 35, ngách 69A/72 Hoàng Văn Thái, Khương Mai, Thanh Xuân, Hà Nội",0988508455,Trạm y tế,,E:\NeuTech\Dữ liệu\Dữ liệu giảng viên\Phòng ban viện/Trạm y tế,Dang Thi Hue,ThS. Đặng Thị Huê,Dang Thi Hue M.Sc.,Dang Thi Hue M.Sc.,
kimthoa@neu.edu.vn,Đặng Thị Kim Thoa,1,1982,Nữ,,,Tiến sĩ,2017,Giảng viên chính (Hạng II),Phó trưởng bộ môn,"1101, B15, Đại Kim, Hoàng Mai, Hà Nội",0988426240,Khoa Quản trị kinh doanh,,E:\NeuTech\Dữ liệu\Dữ liệu giảng viên\Trường Kinh Doanh/Khoa QTKD,Dang Thi Kim Thoa,TS. Đặng Thị Kim Thoa,Dr. Dang Thi Kim Thoa,Dr. Dang Thi Kim Thoa,
xuandl@neu.edu.vn,Đặng Thị Lệ Xuân,1,1976,Nữ,Phó giáo sư,,Tiến sĩ,2012,Giảng viên cao cấp (Hạng I),Phó trưởng khoa,"1009 chung cư Trung Yên 1, khu đô thị Trung Yên, Trung Hoà, Cầu Giấy, Hà Nội",0979693006,Khoa Kế hoạch và Phát triển,,E:\NeuTech\Dữ liệu\Dữ liệu giảng viên\Trường Kinh tế và Quản lý công/Khoa Kế hoạch và phát triển,Dang Thi Le Xuan,PGS. TS. Đặng Thị Lệ Xuân,Assoc. Prof. Dang Thi Le Xuan,Assoc. Prof. Dang Thi Le Xuan,
loandt@neu.edu.vn,Đặng Thị Loan,1,1954,Nữ,Giáo sư,2007,Tiến sĩ,1991,Giảng viên cao cấp (Hạng I),,"A12B - 25, Láng Hạ, Đống Đa, Hà Nội",,Bộ môn Kế toán quản trị,,E:\NeuTech\Dữ liệu\Dữ liệu giảng viên\Phòng ban viện/Viện Kế toán Kiểm toán,Dang Thi Loan,GS. TS. Đặng Thị Loan,Prof. Dang Thi Loan,Prof. Dang Thi Loan,
thuydm@neu.edu.vn,Đặng Thị Minh Thủy,1,1990,Nữ,,,Thạc sĩ,2014,Giảng viên (Hạng III),,"B4 Lô 8, đô thị mới Định Công, Định Công, Hoàng Mai, Hà Nội",0932265625,Khoa Bảo hiểm,,E:\NeuTech\Dữ liệu\Dữ liệu giảng viên\Trường Kinh Doanh/Khoa Bảo hiểm,Dang Thi Minh Thuy,ThS. Đặng Thị Minh Thủy,Dang Thi Minh Thuy M.Sc.,Dang Thi Minh Thuy M.Sc.,
phuongdt@neu.edu.vn,Đặng Thị Phương,1,1982,Nữ,,,,2000,Trưởng ban TT DV,Trưởng ban,"Tổ 27, Đồng Tâm, Hai Bà Trưng, Hà Nội",,Trung tâm Dịch vụ Hỗ trợ đào tạo,,E:\NeuTech\Dữ liệu\Dữ liệu giảng viên\Phòng ban viện/Trung tâm Dịch vụ hỗ trợ đào tạo,Dang Thi Phuong,Đặng Thị Phương,Dang Thi Phuong,Dang Thi Phuong,
thuhang@neu.edu.vn,Đặng Thị Thu Hằng,1,1983,Nữ,,,,2010,Chuyên viên,,"P26 C14, Kim Liên, Đống Đa, Hà Nội",,"Viện Đào tạo tiên tiến, chất lượng cao và POHE",,"E:\NeuTech\Dữ liệu\Dữ liệu giảng viên\Phòng ban viện/Viện Đào tạo, tiên tiến, CLC và POHE",Dang Thi Thu Hang,Đặng Thị Thu Hằng,Dang Thi Thu Hang,Dang Thi Thu Hang,
dangthuyha@neu.edu.vn,Đặng Thị Thúy Hà,1,1985,Nữ,,,Tiến sĩ,2011,Chuyên viên,,"Số 52, C8A1, Tập thể Đại học KTQD, Đồng Tâm, Hai Bà Trưng, Hà Nội",0984556872,Phòng Tài chính – Kế toán,,E:\NeuTech\Dữ liệu\Dữ liệu giảng viên\Phòng ban viện/Phòng Tài chính Kế toán,Dang Thi Thuy Ha,TS. Đặng Thị Thúy Hà,Dr. Dang Thi Thuy Ha,Dr. Dang Thi Thuy Ha,
hangdt@neu.edu.vn,Đặng Thị Thúy Hằng,1,1976,Nữ,,,Tiến sĩ,2016,Giảng viên chính (Hạng II),,"P1216, Nhà OCT2-ĐN2, Bắc Linh Đàm, Đại Kim, Hoàng Mai, Hà Nội",0915166150,Viện Kế toán - Kiểm toán,,E:\NeuTech\Dữ liệu\Dữ liệu giảng viên\Phòng ban viện/Viện Kế toán Kiểm toán,Dang Thi Thuy Hang,TS. Đặng Thị Thúy Hằng,Dr. Dang Thi Thuy Hang,Dr. Dang Thi Thuy Hang,
hong.dangtt@neu.edu.vn,Đặng Thị Thúy Hồng,1,1978,Nữ,,,Tiến sĩ,2015,Giảng viên chính (Hạng II),,"Nhà số 7 dãy M5, Ngõ 70 Đường Nguyễn An Ninh, Tương Mai, Hoàng Mai, Hà Nội",,Viện Thương mại và Kinh tế quốc tế,,E:\NeuTech\Dữ liệu\Dữ liệu giảng viên\Trường Kinh Doanh/Viện Thương mại và Kinh tế Quốc tế,Dang Thi Thuy Hong,TS. Đặng Thị Thúy Hồng,Dr. Dang Thi Thuy Hong,Dr. Dang Thi Thuy Hong,
giangdt@neu.edu.vn,Đặng Thị Trà Giang,1,1990,Nữ,,,Tiến sĩ,2023,Giảng viên (Hạng III),,"P1603, chung cư A1 229 Phố Vọng, Đồng Tâm, Hai Bà Trưng, Hà Nội",,Viện Kế toán - Kiểm toán,,E:\NeuTech\Dữ liệu\Dữ liệu giảng viên\Phòng ban viện/Viện Kế toán Kiểm toán,Dang Thi Tra Giang,TS. Đặng Thị Trà Giang,Dr. Dang Thi Tra Giang,Dr. Dang Thi Tra Giang,
trangdt@neu.edu.vn,Đặng Thị Trang,1,1988,Nữ,,,Cử nhân,2010,Chuyên viên,,"Số 1510 CT4A2 BLĐ, Đại Kim, Hoàng Mai, Hà Nội",,Phòng Tài chính – Kế toán,,E:\NeuTech\Dữ liệu\Dữ liệu giảng viên\Phòng ban viện/Phòng Tài chính Kế toán,Dang Thi Trang,Đặng Thị Trang,Dang Thi Trang,Dang Thi Trang,
xuandt@neu.edu.vn,Đặng Thị Xuân,1,1966,Nữ,,,Cử nhân,2001,Trợ lý,Trợ lý,"Phòng 1 - Nhà B9 - Tập thể ĐHKTQD, Đồng Tâm, Hai Bà Trưng, Hà Nội",0982196616,Khoa Thống kê,,E:\NeuTech\Dữ liệu\Dữ liệu giảng viên\Trường Công nghệ/Khoa Thống Kê,Dang Thi Xuan,Đặng Thị Xuân,Dang Thi Xuan,Dang Thi Xuan,
thuongdt@neu.edu.vn,Đặng Trần Thường,1,1980,Nam,,,Cử nhân,2003,Biên tập viên,,"16 phố Huy Du, Cầu Diễn, Nam Từ Liêm, Hà Nội",0902192763,Tạp chí Kinh tế và Phát triển,,E:\NeuTech\Dữ liệu\Dữ liệu giảng viên\Phòng ban viện/Tạp chí Kinh tế phát triển,Dang Tran Thuong,Đặng Trần Thường,Dang Tran Thuong,Dang Tran Thuong,
anhdt@neu.edu.vn,Đặng Tuấn Anh,1,1983,Nam,,,Tiến sĩ,2017,Giảng viên (Hạng III),Phó giám đốc,"Số 88 Khương Đình, Tổ 3 cụm 1, Hạ Đình, Thanh Xuân, Hà Nội",0904040028,Trung tâm Ứng dụng Công nghệ thông tin,,E:\NeuTech\Dữ liệu\Dữ liệu giảng viên\Phòng ban viện/Trung tâm ứng dụng CNTT,Dang Tuan Anh,TS. Đặng Tuấn Anh,Dr. Dang Tuan Anh,Dr. Dang Tuan Anh,
,Đặng Văn Tưởng,1,1977,Nam,,,,,Chức vụ:,,Điện thọai: CQ: ; Mobile:,,Trung tâm Dịch vụ Hỗ trợ đào tạo,,E:\NeuTech\Dữ liệu\Dữ liệu giảng viên\Phòng ban viện/Trung tâm Dịch vụ hỗ trợ đào tạo,Dang Van Tuong,Đặng Văn Tưởng,Dang Van Tuong,Dang Van Tuong,
daniel.vanhoutte@gmail.com,Daniel Van Houtte,1,,,,,,,Giảng viên thỉnh giảng,,,,,,,Daniel Van Houtte,Daniel Van Houtte,Daniel Van Houtte,Daniel Van Houtte,
cuuda@neu.edu.vn,Đào Anh Cửu,1,1972,Nam,,,Thạc sĩ,2019,Tổ trưởng,Tổ trưởng,"Phòng A17 tập thể ĐHKT Quốc dân, Hà Nội",0912210174,Trung tâm Dịch vụ Hỗ trợ đào tạo,,E:\NeuTech\Dữ liệu\Dữ liệu giảng viên\Phòng ban viện/Trung tâm Dịch vụ hỗ trợ đào tạo,Dao Anh Cuu,ThS. Đào Anh Cửu,Dao Anh Cuu M.Sc.,Dao Anh Cuu M.Sc.,
daoanhtuan@neu.edu.vn,Đào Anh Tuấn,1,1978,Nam,,,Tiến sĩ,2016,Giảng viên chính (Hạng II),,"Số 31 B1 TT Đại học kinh tế Quốc dân, Đồng Tâm, Hai Bà Trưng, Hà Nội",,Viện Ngân hàng - Tài chính,,E:\NeuTech\Dữ liệu\Dữ liệu giảng viên\Phòng ban viện/Viện Ngân hàng - Tài chính,Dao Anh Tuan,TS. Đào Anh Tuấn,Dr. Dao Anh Tuan,Dr. Dao Anh Tuan,
trungdbk@neu.edu.vn,Đào Bùi Kiên Trung,1,1989,Nam,,,Thạc sĩ,,Giảng viên (Hạng III),,"C2701 Chung cư Imperia Garden 203 Nguyễn Huy Tưởng, Thanh Xuân Trung, Thanh Xuân, Hà Nội",0932284396,Khoa Toán kinh tế,,E:\NeuTech\Dữ liệu\Dữ liệu giảng viên\Trường Công nghệ/Khoa Toán Kinh tế,Dao Bui Kien Trung,ThS. Đào Bùi Kiên Trung,Dao Bui Kien Trung M.Sc.,Dao Bui Kien Trung M.Sc.,
anhdlt@neu.edu.vn,Đào Lê Trang Anh,1,1990,Nữ,,,Thạc sĩ,,Giảng viên (Hạng III),,"P3606, CT4 Vimeco, Nguyễn Chánh, Trung Hoà, Cầu Giấy, Hà Nội",0966888628,Viện Ngân hàng - Tài chính,,E:\NeuTech\Dữ liệu\Dữ liệu giảng viên\Phòng ban viện/Viện Ngân hàng - Tài chính,Dao Le Trang Anh,ThS. Đào Lê Trang Anh,Dao Le Trang Anh M.Sc.,Dao Le Trang Anh M.Sc.,
hoangmd@neu.edu.vn,Đào Minh Hoàng,1,1993,Nam,,,Thạc sĩ,2017,Giảng viên (Hạng III),,"Số 2 ngõ 2 phố Vương Thừa Vũ, Khương Trung, Thanh Xuân, Hà Nội",0934447963,Khoa Đầu tư,,E:\NeuTech\Dữ liệu\Dữ liệu giảng viên\Trường Kinh tế và Quản lý công/Khoa Đầu tư,Dao Minh Hoang,ThS. Đào Minh Hoàng,Dao Minh Hoang M.Sc.,Dao Minh Hoang M.Sc.,
daominhngoc@neu.edu.vn,Đào Minh Ngọc,1,1978,Nữ,,,Tiến sĩ,2019,Giảng viên chính (Hạng II),Phó trưởng khoa,"28 ngõ 118 Đào Tấn, Cống Vị, Ba Đình, Hà Nội",0988569836,Khoa Du lịch và Khách sạn,Quản trị khách sạn (ẩm thực và kinh doanh ăn uống)Hành vi người tiêu dùngVăn hóa du lịch,E:\NeuTech\Dữ liệu\Dữ liệu giảng viên\Trường Kinh Doanh/Khoa Du lịch và Khách sạn,Dao Minh Ngoc,TS. Đào Minh Ngọc,Dr. Dao Minh Ngoc,Dr. Dao Minh Ngoc,
tungdt@neu.edu.vn,Đào Thanh Tùng,1,1977,Nam,,,Tiến sĩ,2008,Giảng viên chính (Hạng II),Trưởng phòng,"Số 82, Dãy B1, tập thể đại học kinh tế quốc dân, Đồng Tâm, Hai Bà Trưng, Hà Nội",,Phòng Hợp tác quốc tế,,E:\NeuTech\Dữ liệu\Dữ liệu giảng viên\Phòng ban viện/Phòng hợp tác quốc tế,Dao Thanh Tung,TS. Đào Thanh Tùng,Dr. Dao Thanh Tung,Dr. Dao Thanh Tung,
huongdt@neu.edu.vn,Đào Thị Hương,1,1993,Nữ,,,Cử nhân,2015,Chuyên viên,,"Số 10A, hẻm 541/40/1 đường Bát Khối, Thạch Bàn, Long Biên, Hà Nội",0975809438,Viện Kế toán - Kiểm toán,,E:\NeuTech\Dữ liệu\Dữ liệu giảng viên\Phòng ban viện/Viện Kế toán Kiểm toán,Dao Thi Huong,Đào Thị Hương,Dao Thi Huong,Dao Thi Huong,
,Đào Thị Ngân Giang,1,1976,Nữ,,,Thạc sĩ,2004,Giảng viên (Hạng III),,"192 Hoàng Văn Thái , Thanh Xuân, Hà Nội",,Khoa Bất động sản và Kinh tế Tài nguyên,,E:\NeuTech\Dữ liệu\Dữ liệu giảng viên\Trường Kinh Doanh/Khoa BĐS & KTTN,Dao Thi Ngan Giang,ThS. Đào Thị Ngân Giang,Dao Thi Ngan Giang M.Sc.,Dao Thi Ngan Giang M.Sc.,
lamdt@neu.edu.vn,Đào Thị Thanh Lam,1,1973,Nữ,Phó giáo sư,,Tiến sĩ,2007,Giảng viên cao cấp (Hạng I),,"10 Dịch Vọng-Thành Thái-Cầu Giấy, , Cầu Giấy, Hà Nội",0913095896,Viện Quản trị kinh doanh,,E:\NeuTech\Dữ liệu\Dữ liệu giảng viên\Trường Kinh Doanh/Viện QTKD,Dao Thi Thanh Lam,PGS. TS. Đào Thị Thanh Lam,Assoc. Prof. Dao Thi Thanh Lam,Assoc. Prof. Dao Thi Thanh Lam,
thugiang@neu.edu.vn,Đào Thị Thu Giang,1,1991,Nữ,,,Cử nhân,2013,Chuyên viên,,"14 ngách 28 ngõ 185 Minh Khai, Minh Khai, Hai Bà Trưng, Hà Nội",0963693906,Phòng Hợp tác quốc tế,,E:\NeuTech\Dữ liệu\Dữ liệu giảng viên\Phòng ban viện/Phòng hợp tác quốc tế,Dao Thi Thu Giang,Đào Thị Thu Giang,Dao Thi Thu Giang,Dao Thi Thu Giang,
daothuha@neu.edu.vn,Đào Thu Hà,1,1983,Nữ,,,Tiến sĩ,2024,Giảng viên chính (Hạng II),,"Số 146 tổ 26 Ngõ 354 đường Trường Chinh, , Đống Đa, Hà Nội",0904228411,Khoa Luật,,E:\NeuTech\Dữ liệu\Dữ liệu giảng viên\Trường Kinh tế và Quản lý công/Khoa Luật,Dao Thu Ha,TS. Đào Thu Hà,Dr. Dao Thu Ha,Dr. Dao Thu Ha,
thanhdc@neu.edu.vn,Đào Trí Thanh,1,1979,Nam,,,Thạc sĩ,2016,Chuyên viên,,"A1, TT Đại học Kinh Tế Quốc Dân, Đồng Tâm, Hai Bà Trưng, Hà Nội",0912365799,Khoa Đại học tại chức,,E:\NeuTech\Dữ liệu\Dữ liệu giảng viên\Phòng ban viện/Khoa Đại học tại chức,Dao Tri Thanh,ThS. Đào Trí Thanh,Dao Tri Thanh M.Sc.,Dao Tri Thanh M.Sc.,
tuananh@neu.edu.vn,Đào Tuấn Anh,1,1977,Nam,,,,,Công nhân viên chức,,"Đồng Tiến, Phượng Dực, Phú Xuyên, Hà Nội",0988833686,Phòng Truyền thông,,E:\NeuTech\Dữ liệu\Dữ liệu giảng viên\Phòng ban viện/Phòng truyền thông,Dao Tuan Anh,Đào Tuấn Anh,Dao Tuan Anh,Dao Tuan Anh,
thanhdv@neu.edu.vn,Đào Văn Thanh,1,1973,Nam,,,,1999,Giảng viên (Hạng III),Phó trưởng phòng,"1016, Chung cư Garden Capital, 102 Trường Chinh, Phương Mai, Đống Đa, Hà Nội",0912135208,Phòng Thanh tra – Pháp chế,1. 50202 (Kinh doanh và quản lý)2. 50299 (Kinh tế học và kinh doanh khác),E:\NeuTech\Dữ liệu\Dữ liệu giảng viên\Phòng ban viện/Phòng thanh tra pháp chế,Dao Van Thanh,Đào Văn Thanh,Dao Van Thanh,Dao Van Thanh,
jmdat@hotmail.com,Dautrey Jean-Marc,1,,,,,,,Giảng viên thỉnh giảng,,,,,,,Dautrey Jean-Marc,Dautrey Jean-Marc,Dautrey Jean-Marc,Dautrey Jean-Marc,
tuandinh@neu.edu.vn,Đinh Anh Tuấn,1,1990,Nam,,,Thạc sĩ,2015,Giảng viên (Hạng III),,"Số 5C ngõ 603 Lạc Long Quân, Xuân La, Tây Hồ, Hà Nội",0936621916,Khoa Đầu tư,Sáng tạo Xã hộiDoanh nghiệp Xã hộiQuản trị Đổi mới,E:\NeuTech\Dữ liệu\Dữ liệu giảng viên\Trường Kinh tế và Quản lý công/Khoa Đầu tư,Dinh Anh Tuan,ThS. Đinh Anh Tuấn,Dinh Anh Tuan M.Sc.,Dinh Anh Tuan M.Sc.,
dungcd@neu.edu.vn,Đinh Chung Dũng,1,1984,Nam,,,Thạc sĩ,2018,Chuyên viên,,"Số 30 Ngô Thì Nhậm, Phạm Đình Hổ, Hai Bà Trưng, Hà Nội",,Trung tâm Ứng dụng Công nghệ thông tin,,E:\NeuTech\Dữ liệu\Dữ liệu giảng viên\Phòng ban viện/Trung tâm ứng dụng CNTT,Dinh Chung Dung,ThS. Đinh Chung Dũng,Dinh Chung Dung M.Sc.,Dinh Chung Dung M.Sc.,
truongdd@neu.edu.vn,Đinh Đức Trường,1,1977,Nam,Giáo sư,2023,Tiến sĩ,,Giảng viên cao cấp (Hạng I),Trưởng khoa,"A2 P3 Tập thể Trung Tự, Đống Đa, Hà Nội",0916879768,"Khoa Môi trường, Biến đổi khí hậu và Đô thị",,"E:\NeuTech\Dữ liệu\Dữ liệu giảng viên\Trường Kinh tế và Quản lý công/Khoa Môi trường, Biến đổi khí hậu và Đô thị",Dinh Duc Truong,GS. TS. Đinh Đức Trường,Prof. Dinh Duc Truong,Prof. Dinh Duc Truong,
namdh@neu.edu.vn,Đinh Hoài Nam,1,1964,Nam,,,Thạc sĩ,2000,Giảng viên chính (Hạng II),Giám đốc TT thuộc Khoa,"Tổ 20, TT XN in 15, Láng Hạ, Đống Đa, Hà Nội",,Khoa Luật,,E:\NeuTech\Dữ liệu\Dữ liệu giảng viên\Trường Kinh tế và Quản lý công/Khoa Luật,Dinh Hoai Nam,ThS. Đinh Hoài Nam,Dinh Hoai Nam M.Sc.,Dinh Hoai Nam M.Sc.,
thaodh@neu.edu.vn,Đinh Hương Thảo,1,1990,Nữ,,,Thạc sĩ,,Giảng viên (Hạng III),,"Tập thể 395C Giải phóng, Phương Liệt, Thanh Xuân, Hà Nội",0969168159,Viện Ngân hàng - Tài chính,,E:\NeuTech\Dữ liệu\Dữ liệu giảng viên\Phòng ban viện/Viện Ngân hàng - Tài chính,Dinh Huong Thao,ThS. Đinh Hương Thảo,Dinh Huong Thao M.Sc.,Dinh Huong Thao M.Sc.,
dinhlehaiha@neu.edu.vn,Đinh Lê Hải Hà,1,1976,Nữ,,,Tiến sĩ,2013,Giảng viên chính (Hạng II),Phó viện trưởng,"Bán đảo Linh Đàm, Hoàng Liệt, Hoàng Mai, Hà Nội",0915089945,Viện Thương mại và Kinh tế quốc tế,Logistics và Quản lý chuỗi cung ứngThương mạiTạo thuận lợi thương mại,E:\NeuTech\Dữ liệu\Dữ liệu giảng viên\Trường Kinh Doanh/Viện Thương mại và Kinh tế Quốc tế,Dinh Le Hai Ha,TS. Đinh Lê Hải Hà,Dr. Dinh Le Hai Ha,Dr. Dinh Le Hai Ha,
huongdm@neu.edu.vn,Đinh Mai Hương,1,1975,Nữ,,,Thạc sĩ,2001,Giảng viên chính (Hạng II),,"33/12/9 Lê Thanh Nghị, Bách Khoa, Hai Bà Trưng, Hà Nội",0913316644,Khoa Kinh tế học,,E:\NeuTech\Dữ liệu\Dữ liệu giảng viên\Trường Kinh tế và Quản lý công/Khoa Kinh tế học,Dinh Mai Huong,ThS. Đinh Mai Hương,Dinh Mai Huong M.Sc.,Dinh Mai Huong M.Sc.,
anhdn@neu.edu.vn,Đinh Ngọc Anh,1,1977,Nữ,,,Thạc sĩ,2006,Giảng viên (Hạng III),,"P1601, Tòa P2 - Park Lane Khu đô thị Nam Thăng Long - Ciputra Hà Nội, Xuân Đỉnh, Bắc Từ Liêm, Hà Nội",0978704549,Khoa Ngoại ngữ kinh tế,,E:\NeuTech\Dữ liệu\Dữ liệu giảng viên\Trường Kinh tế và Quản lý công/Khoa Ngoại ngữ Kinh tế,Dinh Ngoc Anh,ThS. Đinh Ngọc Anh,Dinh Ngoc Anh M.Sc.,Dinh Ngoc Anh M.Sc.,
maidinh@neu.edu.vn,Đinh Quỳnh Mai,1,1989,Nữ,,,Cử nhân,2011,Chuyên viên,,"Số 18 ngõ 10 Tôn Thất Tùng, Đống Đa, Hà Nội",,Viện Đào tạo quốc tế,,E:\NeuTech\Dữ liệu\Dữ liệu giảng viên\Phòng ban viện/Viện Đào tạo Quốc tế,Dinh Quynh Mai,Đinh Quỳnh Mai,Dinh Quynh Mai,Dinh Quynh Mai,
hungdt@neu.edu.vn,Đinh Thế Hùng,1,1977,Nam,Phó giáo sư,2020,Tiến sĩ,2012,Giảng viên cao cấp (Hạng I),Phó viện trưởng,"Phòng 203 - Toà nhà N09 - số 193 - phố Trung Kinh, Yên Hoà, Cầu Giấy, Hà Nội",0904129658,Viện Kế toán - Kiểm toán,,E:\NeuTech\Dữ liệu\Dữ liệu giảng viên\Phòng ban viện/Viện Kế toán Kiểm toán,Dinh The Hung,PGS. TS. Đinh Thế Hùng,Assoc. Prof. Dinh The Hung,Assoc. Prof. Dinh The Hung,
haphuongdt@neu.edu.vn,Đinh Thị Hà Phương,1,1990,Nữ,,,Thạc sĩ,2017,Chuyên viên,,"16/324 Tô Hiệu,Hồ Nam, Lê Chân, Hải Phòng",,Phòng Công tác chính trị và Quản lý sinh viên,,E:\NeuTech\Dữ liệu\Dữ liệu giảng viên\Phòng ban viện/Phòng CTCT & QLSV,Dinh Thi Ha Phuong,ThS. Đinh Thị Hà Phương,Dinh Thi Ha Phuong M.Sc.,Dinh Thi Ha Phuong M.Sc.,
theudh@neu.edu.vn,Đinh Thị Hồng Thêu,1,1985,Nữ,,,Tiến sĩ,2024,Giảng viên (Hạng III),,Điện thọai: CQ: ; Mobile:,,Khoa Toán kinh tế,,E:\NeuTech\Dữ liệu\Dữ liệu giảng viên\Trường Công nghệ/Khoa Toán Kinh tế,Dinh Thi Hong Theu,TS. Đinh Thị Hồng Thêu,Dr. Dinh Thi Hong Theu,Dr. Dinh Thi Hong Theu,
chungdk@neu.edu.vn,Đinh Thị Kim Chung,1,1980,Nữ,,,Tiến sĩ,2020,Giảng viên chính (Hạng II),,"C16 TT Hành chính quốc gia, Trung Kinh, Yên Hoà, Cầu Giấy, Hà Nội",0966869199,Khoa Ngoại ngữ kinh tế,"Giáo dục, Ngôn ngữ học, Các vấn đề xã hội",E:\NeuTech\Dữ liệu\Dữ liệu giảng viên\Trường Kinh tế và Quản lý công/Khoa Ngoại ngữ Kinh tế,Dinh Thi Kim Chung,TS. Đinh Thị Kim Chung,Dr. Dinh Thi Kim Chung,Dr. Dinh Thi Kim Chung,
huongdl@neu.edu.vn,Đinh Thị Lan Hương,1,1970,Nữ,,,Thạc sĩ,1999,Giảng viên chính (Hạng II),,"Số 10, ngách 2, ngõ 124 Minh Khai, Minh Khai, Hai Bà Trưng, Hà Nội",0915307785,Khoa Ngoại ngữ kinh tế,,E:\NeuTech\Dữ liệu\Dữ liệu giảng viên\Phòng ban viện/Trung tâm ngoại ngữ kinh tế,Dinh Thi Lan Huong,ThS. Đinh Thị Lan Hương,Dinh Thi Lan Huong M.Sc.,Dinh Thi Lan Huong M.Sc.,
phuongdq@neu.edu.vn,Đinh Thị Quý Phượng,1,1976,Nữ,,,Cử nhân,2003,Chuyên viên,,"Số 15 Hàn Thuyên, Phạm Đình Hổ, Hai Bà Trưng, Hà Nội",,Viện Ngân hàng - Tài chính,,E:\NeuTech\Dữ liệu\Dữ liệu giảng viên\Phòng ban viện/Viện Ngân hàng - Tài chính,Dinh Thi Quy Phuong,Đinh Thị Quý Phượng,Dinh Thi Quy Phuong,Dinh Thi Quy Phuong,
maidt@neu.edu.vn,Đinh Thị Tuyết Mai,1,1965,Nữ,,,,1996,Văn thư,Văn thư,"P316A3 giảng võ, khu tập thể giảng võ, Giảng Võ, Ba Đình, Hà Nội",0947037388,Khoa Ngoại ngữ kinh tế,,E:\NeuTech\Dữ liệu\Dữ liệu giảng viên\Trường Kinh tế và Quản lý công/Khoa Ngoại ngữ Kinh tế,Dinh Thi Tuyet Mai,Đinh Thị Tuyết Mai,Dinh Thi Tuyet Mai,Dinh Thi Tuyet Mai,
ducdt@neu.edu.vn,Đinh Thiện Đức,1,1969,Nam,,,Tiến sĩ,2004,Giảng viên cao cấp (Hạng I),Trưởng bộ môn,"71 ngõ Tự Do, phố Đại La, Đồng Tâm, Hai Bà Trưng, Hà Nội",0904125456,Khoa Kinh tế học,Kinh tế họcQuản trị kinh doanh,E:\NeuTech\Dữ liệu\Dữ liệu giảng viên\Trường Kinh tế và Quản lý công/Khoa Kinh tế học,Dinh Thien Duc,TS. Đinh Thiện Đức,Dr. Dinh Thien Duc,Dr. Dinh Thien Duc,
dtdung@neu.edu.vn,Đinh Thùy Dung,1,1992,Nữ,,,Thạc sĩ,2016,Giảng viên (Hạng III),,"P109 nhà A9, tập thể Khương Thượng, Trung Tự, Đống Đa, Hà Nội",0778251192,Khoa Đầu tư,,E:\NeuTech\Dữ liệu\Dữ liệu giảng viên\Trường Kinh tế và Quản lý công/Khoa Đầu tư,Dinh Thuy Dung,ThS. Đinh Thùy Dung,Dinh Thuy Dung M.Sc.,Dinh Thuy Dung M.Sc.,
oanhdv@neu.edu.vn,Đinh Vân Oanh,1,1984,Nữ,,,Tiến sĩ,2023,Giảng viên (Hạng III),,"11 phố 226, Văn Miếu, Đống Đa, Hà Nội",0945602345,Khoa Marketing,,E:\NeuTech\Dữ liệu\Dữ liệu giảng viên\Trường Kinh Doanh/Khoa Marketing,Dinh Van Oanh,TS. Đinh Vân Oanh,Dr. Dinh Van Oanh,Dr. Dinh Van Oanh,
,Đinh Văn Trà,1,1975,Nam,,,,,Chức vụ:,,Điện thọai: CQ: ; Mobile:,,Trung tâm Dịch vụ Hỗ trợ đào tạo,,E:\NeuTech\Dữ liệu\Dữ liệu giảng viên\Phòng ban viện/Trung tâm Dịch vụ hỗ trợ đào tạo,Dinh Van Tra,Đinh Văn Trà,Dinh Van Tra,Dinh Van Tra,
hoangdv@neu.edu.vn,Đinh Viết Hoàng,1,1990,Nam,,,Tiến sĩ,2022,Giảng viên (Hạng III),,"Tổng cục 5, Yên Xá, Tân Triều, Thanh Trì, Hà Nội",0932129229,Khoa Khoa học Quản lý,"Kinh tế quốc tế, kinh tế học thể chế, đánh giá chính sách.",E:\NeuTech\Dữ liệu\Dữ liệu giảng viên\Trường Kinh tế và Quản lý công/Khoa Khoa học quản lý,Dinh Viet Hoang,TS. Đinh Viết Hoàng,Dr. Dinh Viet Hoang,Dr. Dinh Viet Hoang,
congda@neu.edu.vn,Đỗ Anh Công,1,1982,Nam,,,Thạc sĩ,2016,Chuyên viên,,"Số 05 ngõ 105, Ngọc Trục, Đại Mỗ, , Nam Từ Liêm, Hà Nội",0982055911,Phòng Tổng hợp,,E:\NeuTech\Dữ liệu\Dữ liệu giảng viên\Phòng ban viện/Phòng tổng hợp,Do Anh Cong,ThS. Đỗ Anh Công,Do Anh Cong M.Sc.,Do Anh Cong M.Sc.,
ducda@neu.edu.vn,Đỗ Anh Đức,1,1983,Nam,Phó giáo sư,2022,Tiến sĩ,2015,Giảng viên cao cấp (Hạng I),Giám đốc,"Phòng 2607 R1A Royal City, 72 Nguyễn Trãi, Thượng Đình, Thanh Xuân, Hà Nội",0813686666,Trung tâm Ngoại ngữ kinh tế,,E:\NeuTech\Dữ liệu\Dữ liệu giảng viên\Phòng ban viện/Trung tâm ngoại ngữ kinh tế,Do Anh Duc,PGS. TS. Đỗ Anh Đức,Assoc. Prof. Do Anh Duc,Assoc. Prof. Do Anh Duc,
doducbinh@neu.edu.vn,Đỗ Đức Bình,1,1953,Nam,Giáo sư,2006,,2006,Giảng viên cao cấp (Hạng I),,"Phòng 302- ĐN2-OCT2, Đại Kim, Hoàng Mai, Hà Nội",0912014027,Viện Thương mại và Kinh tế quốc tế,,E:\NeuTech\Dữ liệu\Dữ liệu giảng viên\Trường Kinh Doanh/Viện Thương mại và Kinh tế Quốc tế,Do Duc Binh,GS. Đỗ Đức Bình,Prof. Do Duc Binh,Prof. Do Duc Binh,
thodd@neu.edu.vn,Đỗ Đức Thọ,1,1963,Nam,,,Thạc sĩ,2002,Chuyên viên,Chánh văn phòng,"Số 4, ngách 3, ngõ 10, Láng Hạ, Ba Đình, Hà Nội, Thành Công, Ba Đình, Hà Nội",,Viện Quản trị kinh doanh,,E:\NeuTech\Dữ liệu\Dữ liệu giảng viên\Trường Kinh Doanh/Viện QTKD,Do Duc Tho,ThS. Đỗ Đức Thọ,Do Duc Tho M.Sc.,Do Duc Tho M.Sc.,
linhdh@neu.edu.vn,Đỗ Hoài Linh,1,1982,Nữ,Phó giáo sư,2019,Tiến sĩ,,Giảng viên cao cấp (Hạng I),Phó trưởng bộ môn,"R12316 Royal City, Thượng Đình, Thanh Xuân, Hà Nội",0912797782,Viện Ngân hàng - Tài chính,,E:\NeuTech\Dữ liệu\Dữ liệu giảng viên\Phòng ban viện/Viện Ngân hàng - Tài chính,Do Hoai Linh,PGS. TS. Đỗ Hoài Linh,Assoc. Prof. Do Hoai Linh,Assoc. Prof. Do Hoai Linh,
nhungdh@neu.edu.vn,Đỗ Hồng Nhung,1,1982,Nữ,Phó giáo sư,2022,Tiến sĩ,2015,Giảng viên chính (Hạng II),,"Số 1- 72/32 - Tổ 40A, Thượng Đình, Thanh Xuân, Hà Nội",0912588916,Viện Ngân hàng - Tài chính,,E:\NeuTech\Dữ liệu\Dữ liệu giảng viên\Phòng ban viện/Viện Ngân hàng - Tài chính,Do Hong Nhung,PGS. TS. Đỗ Hồng Nhung,Assoc. Prof. Do Hong Nhung,Assoc. Prof. Do Hong Nhung,
,Đỗ Hương Lan,1,1976,Nữ,Phó giáo sư,2014,Tiến sĩ,2006,Giảng viên cao cấp (Hạng I),Phó giám đốc,"Số nhà 71 ngách 93/20 phố Hoàng Văn Thái, Khương Trung, Thanh Xuân, Hà Nội",0989172595,Trung tâm Khởi nghiệp và Sáng tạo xã hội,,E:\NeuTech\Dữ liệu\Dữ liệu giảng viên\Phòng ban viện/Trung tâm khởi nghiệp & Sáng tạo xã hội,Do Huong Lan,PGS. TS. Đỗ Hương Lan,Assoc. Prof. Do Huong Lan,Assoc. Prof. Do Huong Lan,
hoangdk@neu.edu.vn,Đỗ Kim Hoàng,1,1963,Nam,,,Thạc sĩ,2000,Giảng viên chính (Hạng II),,"Thôn Trung, Xuân Đỉnh, Từ Liêm, Hà Nội",0912844779,Khoa Luật,,E:\NeuTech\Dữ liệu\Dữ liệu giảng viên\Trường Kinh tế và Quản lý công/Khoa Luật,Do Kim Hoang,ThS. Đỗ Kim Hoàng,Do Kim Hoang M.Sc.,Do Kim Hoang M.Sc.,
dominhdiep@neu.edu.vn,Đỗ Minh Diệp,1,1990,Nữ,,,Thạc sĩ,2015,Giảng viên (Hạng III),,"Số 26 ngách 158/23 Ngọc Hà, , Ba Đình, Hà Nội",,Khoa Marketing,,E:\NeuTech\Dữ liệu\Dữ liệu giảng viên\Trường Kinh Doanh/Khoa Marketing,Do Minh Diep,ThS. Đỗ Minh Diệp,Do Minh Diep M.Sc.,Do Minh Diep M.Sc.,
diepdn@neu.edu.vn,Đỗ Ngọc Điệp,1,1990,Nữ,,,Thạc sĩ,2015,Giảng viên (Hạng III),,"Số 4, ngách 10/3, ngõ 10, Láng Hạ, , Ba Đình, Hà Nội",0978766069,Khoa Quản trị kinh doanh,,E:\NeuTech\Dữ liệu\Dữ liệu giảng viên\Trường Kinh Doanh/Khoa QTKD,Do Ngoc Diep,ThS. Đỗ Ngọc Điệp,Do Ngoc Diep M.Sc.,Do Ngoc Diep M.Sc.,
anhdq@neu.edu.vn,Đỗ Quỳnh Anh,1,1988,Nữ,,,Tiến sĩ,2022,Giảng viên chính (Hạng II),,"37 - A2 - tập thể số 8 Trần Quốc Toản, Hàng Bài, Hoàn Kiếm, Hà Nội",,Khoa Kinh tế học,,E:\NeuTech\Dữ liệu\Dữ liệu giảng viên\Trường Kinh tế và Quản lý công/Khoa Kinh tế học,Do Quynh Anh,TS. Đỗ Quỳnh Anh,Dr. Do Quynh Anh,Dr. Do Quynh Anh,
dongdt@neu.edu.vn,Đỗ Thị Đông,1,1976,Nữ,Phó giáo sư,,Tiến sĩ,2012,Giảng viên cao cấp (Hạng I),Giám đốc,"BT9, Khu Bắc Hà, , Hà Đông, Hà Nội",0989334496,Trung tâm Khởi nghiệp và Sáng tạo xã hội,Quản trị kinh doanh: Quản trị chất lượng và đổi mớiQuản lý công nghiệp,E:\NeuTech\Dữ liệu\Dữ liệu giảng viên\Trường Kinh Doanh/Khoa QTKD,Do Thi Dong,PGS. TS. Đỗ Thị Đông,Assoc. Prof. Do Thi Dong,Assoc. Prof. Do Thi Dong,
hadh@neu.edu.vn,Đỗ Thị Hải Hà,1,1975,Nữ,Giáo sư,2023,Tiến sĩ,2007,Giảng cao cấp (Hạng I),Hiệu trưởng (trường thành viên),"229 phố Vọng, Đồng Tâm, Hai Bà Trưng, Hà Nội",0903969489,Trường Kinh tế và Quản lý công,,E:\NeuTech\Dữ liệu\Dữ liệu giảng viên\Trường Kinh tế và Quản lý công/Khoa Khoa học quản lý,Do Thi Hai Ha,GS. TS. Đỗ Thị Hải Hà,Prof. Do Thi Hai Ha,Prof. Do Thi Hai Ha,
dthuong@neu.edu.vn,Đỗ Thị Hương,1,1972,Nữ,,,Tiến sĩ,2007,Giảng viên cao cấp (Hạng I),Trưởng bộ môn,"Số 219 phố Trần Đại Nghĩa, Đồng Tâm, Hai Bà Trưng, Hà Nội",0915325408,Viện Thương mại và Kinh tế quốc tế,,E:\NeuTech\Dữ liệu\Dữ liệu giảng viên\Trường Kinh Doanh/Viện Thương mại và Kinh tế Quốc tế,Do Thi Huong,TS. Đỗ Thị Hương,Dr. Do Thi Huong,Dr. Do Thi Huong,
landtk@neu.edu.vn,Đỗ Thị Kiều Lan,1,1987,Nữ,,,Thạc sĩ,2013,Giảng viên (Hạng III),,"P31, A9, ngõ 120 Hoàng Quốc Việt, , Cầu Giấy, Hà Nội",0904869092,Khoa Ngoại ngữ kinh tế,,E:\NeuTech\Dữ liệu\Dữ liệu giảng viên\Trường Kinh tế và Quản lý công/Khoa Ngoại ngữ Kinh tế,Do Thi Kieu Lan,ThS. Đỗ Thị Kiều Lan,Do Thi Kieu Lan M.Sc.,Do Thi Kieu Lan M.Sc.,
phuongdo@neu.edu.vn,Đỗ Thị Phương,1,1982,Nữ,,,,2012,Chuyên viên,,"P503, K12, Tập thể Bách Khoa, Bách Khoa, Hai Bà Trưng, Hà Nội",0912186086,"Trung tâm Thông tin, tư liệu, thư viện",,E:\NeuTech\Dữ liệu\Dữ liệu giảng viên\Phòng ban viện/Trung tâm thông tin thư viện,Do Thi Phuong,Đỗ Thị Phương,Do Thi Phuong,Do Thi Phuong,
,Đỗ Thị Thu Hương,1,1977,Nữ,,,Cử nhân,1999,Giảng viên (Hạng III),,"B12 TT Bộ kế hoạch đầu tư Ngõ 106 Hoàng Quốc Việt , Cầu Giấy, Hà Nội",,Khoa Kinh tế học,,E:\NeuTech\Dữ liệu\Dữ liệu giảng viên\Trường Kinh tế và Quản lý công/Khoa Kinh tế học,Do Thi Thu Huong,Đỗ Thị Thu Hương,Do Thi Thu Huong,Do Thi Thu Huong,
thuydtt@neu.edu.vn,Đỗ Thị Thu Thủy,1,1985,Nữ,,,Tiến sĩ,,Giảng viên chính (Hạng II),,"Số 90 Hoa Bằng , Yên Hoà, Cầu Giấy, Hà Nội",,Viện Ngân hàng - Tài chính,,E:\NeuTech\Dữ liệu\Dữ liệu giảng viên\Phòng ban viện/Viện Ngân hàng - Tài chính,Do Thi Thu Thuy,TS. Đỗ Thị Thu Thủy,Dr. Do Thi Thu Thuy,Dr. Do Thi Thu Thuy,
thuha79@neu.edu.vn,Đỗ Thu Hà,1,1979,Nữ,,,Thạc sĩ,2009,Chuyên viên chính hạng II,Phó trưởng phòng,"P11, C2, Tập thể trường ĐHKTQD, Đồng Tâm, Hai Bà Trưng, Hà Nội",0913585195,Phòng Tài chính – Kế toán,,E:\NeuTech\Dữ liệu\Dữ liệu giảng viên\Phòng ban viện/Phòng Tài chính Kế toán,Do Thu Ha,ThS. Đỗ Thu Hà,Do Thu Ha M.Sc.,Do Thu Ha M.Sc.,
nhungdt@neu.edu.vn,Đỗ Tuyết Nhung,1,1981,Nữ,,,Tiến sĩ,2021,Chuyên viên,,"số 8, ngõ 68/53/9, Cầu Giấy, Hà Nội",,Viện Đào tạo Sau đại học,,E:\NeuTech\Dữ liệu\Dữ liệu giảng viên\Phòng ban viện/Viện Đào tạo sau Đại học,Do Tuyet Nhung,TS. Đỗ Tuyết Nhung,Dr. Do Tuyet Nhung,Dr. Do Tuyet Nhung,
huandv@neu.edu.vn,Đỗ Văn Huân,1,1978,Nam,,,Tiến sĩ,2018,Giảng viên chính (Hạng II),Trưởng bộ môn,"Căn hộ 2509, Chung cư Riverside Garden 349 Vũ Tông Phan, Khương Đình, Thanh Xuân, Hà Nội",0904273740,Khoa Thống kê,,E:\NeuTech\Dữ liệu\Dữ liệu giảng viên\Trường Công nghệ/Khoa Thống Kê,Do Van Huan,TS. Đỗ Văn Huân,Dr. Do Van Huan,Dr. Do Van Huan,
sangdv@neu.edu.vn,Đỗ Văn Sang,1,1979,Nam,,,Tiến sĩ,2021,Giảng viên (Hạng III),Giám đốc,"Số 7A ngách 108 ngõ 75 đường Giải Phóng, Đồng Tâm, Hai Bà Trưng, Hà Nội",0904188869,Nhà xuất bản Trường Đại học Kinh tế quốc dân,"Khoa học máy tính, Hệ thống thông tin quản lý",E:\NeuTech\Dữ liệu\Dữ liệu giảng viên\Phòng ban viện/nhà xuất bản,Do Van Sang,TS. Đỗ Văn Sang,Dr. Do Van Sang,Dr. Do Van Sang,
doxuandung@neu.edu.vn,Đỗ Xuân Dũng,1,1967,Nam,,,Thạc sĩ,2010,Chuyên viên chính hạng II,Trưởng phòng,"Thị xã Hà Đông, Hà Tây",,Phòng Thanh tra – Pháp chế,,E:\NeuTech\Dữ liệu\Dữ liệu giảng viên\Phòng ban viện/Phòng thanh tra pháp chế,Do Xuan Dung,ThS. Đỗ Xuân Dũng,Do Xuan Dung M.Sc.,Do Xuan Dung M.Sc.,
tienda@neu.edu.vn,Đoàn Anh Tiến,1,1977,Nam,,,Cử nhân,2005,Chức vụ:,,"60 ngõ Thống Nhất, Đại La, Trương Định, Hai Bà Trưng, Hà Nội",0968831879,Trung tâm Dịch vụ Hỗ trợ đào tạo,,E:\NeuTech\Dữ liệu\Dữ liệu giảng viên\Phòng ban viện/Trung tâm Dịch vụ hỗ trợ đào tạo,Doan Anh Tien,Đoàn Anh Tiến,Doan Anh Tien,Doan Anh Tien,
hanhdm@neu.edu.vn,Đoàn Minh Hạnh,1,1978,Nữ,,,Thạc sĩ,2006,Chuyên viên,,"Ngõ 39 phố Hào Nam, Hoàng Văn Thụ, Hoàng Mai, Hà Nội",0912233477,Viện Quản trị kinh doanh,,E:\NeuTech\Dữ liệu\Dữ liệu giảng viên\Trường Kinh Doanh/Viện QTKD,Doan Minh Hanh,ThS. Đoàn Minh Hạnh,Doan Minh Hanh M.Sc.,Doan Minh Hanh M.Sc.,
thaodp@neu.edu.vn,Đoàn Phương Thảo,1,1977,Nữ,,,Tiến sĩ,2011,Giảng viên (Hạng III),Phó trưởng bộ môn,"Số nhà 2 ngách 34 khu tập thể 28B Điện Biên Phủ, Điện Biên, Ba Đình, Hà Nội",0904165005,Viện Ngân hàng - Tài chính,,E:\NeuTech\Dữ liệu\Dữ liệu giảng viên\Phòng ban viện/Viện Ngân hàng - Tài chính,Doan Phuong Thao,TS. Đoàn Phương Thảo,Dr. Doan Phuong Thao,Dr. Doan Phuong Thao,
doanquangminh@neu.edu.vn,Đoàn Quang Minh,1,1969,Nam,,,Tiến sĩ,2012,Giảng viên chính (Hạng II),Trưởng bộ môn,"Số nhà 18, ngách 72, ngõ 218, phố Tây Sơn, , Đống Đa, Hà Nội",0377885769,Khoa Hệ thống thông tin quản lý,,E:\NeuTech\Dữ liệu\Dữ liệu giảng viên\Trường Công nghệ/Khoa Hệ thống Thông tin Quản lý,Doan Quang Minh,TS. Đoàn Quang Minh,Dr. Doan Quang Minh,Dr. Doan Quang Minh,
doanthanhnga@neu.edu.vn,Đoàn Thanh Nga,1,1981,Nữ,Phó giáo sư,2022,Tiến sĩ,2011,Giảng viên cao cấp (Hạng I),Phó trưởng bộ môn,"Số 2510B1, Tòa B1, Chung cư Sky Central, 176 Định Công, Định Công, Hoàng Mai, Hà Nội",0906290208,Viện Kế toán - Kiểm toán,,E:\NeuTech\Dữ liệu\Dữ liệu giảng viên\Phòng ban viện/Viện Kế toán Kiểm toán,Doan Thanh Nga,PGS. TS. Đoàn Thanh Nga,Assoc. Prof. Doan Thanh Nga,Assoc. Prof. Doan Thanh Nga,
yendb@neu.edu.vn,Đoàn Thị Bảo Yến,1,1990,Nữ,,,Thạc sĩ,2017,Chuyên viên,,"1002, Chung cư HH4C Linh Đàm, Hoàng Liệt, Hoàng Mai, Hà Nội",0372956360,Viện Quản trị kinh doanh,,E:\NeuTech\Dữ liệu\Dữ liệu giảng viên\Trường Kinh Doanh/Viện QTKD,Doan Thi Bao Yen,ThS. Đoàn Thị Bảo Yến,Doan Thi Bao Yen M.Sc.,Doan Thi Bao Yen M.Sc.,
phuongdth@neu.edu.vn,Đoàn Thị Hoài Phương,1,1985,Nữ,,,Thạc sĩ,2017,Chuyên viên,,"Số 31A, ngõ 30, Phan Đình Giót, Phương Liệt, Thanh Xuân, Hà Nội",,"Viện Đào tạo tiên tiến, chất lượng cao và POHE",,"E:\NeuTech\Dữ liệu\Dữ liệu giảng viên\Phòng ban viện/Viện Đào tạo, tiên tiến, CLC và POHE",Doan Thi Hoai Phuong,ThS. Đoàn Thị Hoài Phương,Doan Thi Hoai Phuong M.Sc.,Doan Thi Hoai Phuong M.Sc.,
,Đoàn Thị Thanh Mai,1,1981,Nữ,,,Cử nhân,2005,Chức vụ:,,"Số 31, ngõ 30, Phan Đình Giót, Phương Liệt, Thanh Xuân, Hà Nội",,Trung tâm Dịch vụ Hỗ trợ đào tạo,,E:\NeuTech\Dữ liệu\Dữ liệu giảng viên\Phòng ban viện/Trung tâm Dịch vụ hỗ trợ đào tạo,Doan Thi Thanh Mai,Đoàn Thị Thanh Mai,Doan Thi Thanh Mai,Doan Thi Thanh Mai,
theudt@neu.edu.vn,Đoàn Thị Thêu,1,1982,Nữ,,,Thạc sĩ,,Chuyên viên,,"Số 154/88 Trần Quý Cáp, Văn Chương, Đống Đa, Hà Nội",0907385588,Phòng Truyền thông,,E:\NeuTech\Dữ liệu\Dữ liệu giảng viên\Phòng ban viện/Phòng truyền thông,Doan Thi Theu,ThS. Đoàn Thị Thêu,Doan Thi Theu M.Sc.,Doan Thi Theu M.Sc.,
quynhdt@neu.edu.vn,Đoàn Thị Trúc Quỳnh,1,1981,Nữ,,,Thạc sĩ,2006,Giảng viên chính (Hạng II),,"1291 Giải Phòng, Hà Nội",0913283820,Viện Kế toán - Kiểm toán,,E:\NeuTech\Dữ liệu\Dữ liệu giảng viên\Phòng ban viện/Viện Kế toán Kiểm toán,Doan Thi Truc Quynh,ThS. Đoàn Thị Trúc Quỳnh,Doan Thi Truc Quynh M.Sc.,Doan Thi Truc Quynh M.Sc.,
duongdt@neu.edu.vn,Doãn Thùy Dương,1,1989,Nữ,,,Tiến sĩ,2023,Giảng viên (Hạng III),,"Tập thể ĐH Thương Mại, Mai Dịch, Cầu Giấy, Hà Nội",,Viện Kế toán - Kiểm toán,,E:\NeuTech\Dữ liệu\Dữ liệu giảng viên\Phòng ban viện/Viện Kế toán Kiểm toán,Doan Thuy Duong,TS. Doãn Thùy Dương,Dr. Doan Thuy Duong,Dr. Doan Thuy Duong,
doantrongtuyen@neu.edu.vn,Đoàn Trọng Tuyến,1,1982,Nam,,,Tiến sĩ,2022,Giảng viên chính (Hạng II),Phó trưởng khoa,"Số nhà 16B, ngõ 61, Giáp Nhị, Thinh Liệt, Hoàng Mai, HN, Thịnh Liệt, Hoàng Mai, Hà Nội",0989355056,Khoa Khoa học cơ sở,Toán Ứng dụng trong kinh tế; Cơ sở toán học cho khoa học Dữ liệu,E:\NeuTech\Dữ liệu\Dữ liệu giảng viên\Trường Công nghệ/Khoa Khoa học Cơ sở,Doan Trong Tuyen,TS. Đoàn Trọng Tuyến,Dr. Doan Trong Tuyen,Dr. Doan Trong Tuyen,
tuongloan@neu.edu.vn,Đoàn Tường Loan,1,1981,Nữ,,,Thạc sĩ,2007,Giảng viên (Hạng III),,"150 Bùi Thị Xuân, Hai Bà Trưng, Hà Nội",,Khoa Ngoại ngữ kinh tế,,E:\NeuTech\Dữ liệu\Dữ liệu giảng viên\Trường Kinh tế và Quản lý công/Khoa Ngoại ngữ Kinh tế,Doan Tuong Loan,ThS. Đoàn Tường Loan,Doan Tuong Loan M.Sc.,Doan Tuong Loan M.Sc.,
dungdv@neu.edu.vn,Đoàn Việt Dũng,1,1979,Nam,,,Tiến sĩ,,Giảng viên chính (Hạng II),,Phòng 2 A4a Đại học Kinh tế quốc dân Hà Nội,0947171333,Khoa Kinh tế học,,E:\NeuTech\Dữ liệu\Dữ liệu giảng viên\Trường Kinh tế và Quản lý công/Khoa Kinh tế học,Doan Viet Dung,TS. Đoàn Việt Dũng,Dr. Doan Viet Dung,Dr. Doan Viet Dung,
haudx@neu.edu.vn,Đoàn Xuân Hậu,1,1984,Nam,Phó giáo sư,2023,Tiến sĩ,2016,Giảng viên cao cấp (Hạng I),Phó giám đốc,"Phòng 1701 Tòa C, Mandarin Garden 2, 493 Trương Định, P. Tân Mai, Q. Hoàng Mai, Tp. Hà Nội, Giải Phóng, Hoàng Mai, Hà Nội",0903398586,Trung tâm Đào tạo từ xa,,E:\NeuTech\Dữ liệu\Dữ liệu giảng viên\Trường Kinh Doanh/Khoa QTKD,Doan Xuan Hau,PGS. TS. Đoàn Xuân Hậu,Assoc. Prof. Doan Xuan Hau,Assoc. Prof. Doan Xuan Hau,
hadtkth@neu.edu.vn,Đồng Thị Hà,1,1977,Nữ,,,Tiến sĩ,2014,Giảng viên chính (Hạng II),,"P3 - C3 Ngách 96/42 ngõ Tự Do- Đồng Tâm - HBT - HN, Đồng Tâm, Hai Bà Trưng, Hà Nội",0912440609,Khoa Kinh tế học,,E:\NeuTech\Dữ liệu\Dữ liệu giảng viên\Trường Kinh tế và Quản lý công/Khoa Kinh tế học,Dong Thi Ha,TS. Đồng Thị Hà,Dr. Dong Thi Ha,Dr. Dong Thi Ha,
,Đồng Xuân Bách,1,1994,Nam,,,Tiến sĩ,2023,Giảng viên (Hạng III),,"Liên Hòa, Kim Thành, Hải Dương",0342645417,Khoa Toán kinh tế,,E:\NeuTech\Dữ liệu\Dữ liệu giảng viên\Trường Công nghệ/Khoa Toán Kinh tế,Dong Xuan Bach,TS. Đồng Xuân Bách,Dr. Dong Xuan Bach,Dr. Dong Xuan Bach,
doanhdc@neu.edu.vn,Dương Công Doanh,1,1987,Nam,Phó giáo sư,2023,Tiến sĩ,2020,Giảng viên cao cấp (Hạng I),,"Căn hộ 906, tòa nhà NƠ 7A, Nguyễn Duy Trinh, bán đảo Linh Đàm, Hoàng Liệt, Hoàng Mai, Hà Nội",0982273187,Khoa Quản trị kinh doanh,,E:\NeuTech\Dữ liệu\Dữ liệu giảng viên\Trường Kinh Doanh/Khoa QTKD,Duong Cong Doanh,PGS. TS. Dương Công Doanh,Assoc. Prof. Duong Cong Doanh,Assoc. Prof. Duong Cong Doanh,
duongducloan@neu.edu.vn,Dương Đức Loan,1,1964,Nam,,,,1981,Trưởng ban TT DV,Trưởng ban,"Tổ 23, Ngõ 13, Ngõ chợ Khâm Thiên, Hà Nội",,Trung tâm Dịch vụ Hỗ trợ đào tạo,,E:\NeuTech\Dữ liệu\Dữ liệu giảng viên\Phòng ban viện/Trung tâm Dịch vụ hỗ trợ đào tạo,Duong Duc Loan,Dương Đức Loan,Duong Duc Loan,Duong Duc Loan,
ngadn@neu.edu.vn,Dương Nguyệt Nga,1,1971,Nữ,,,Tiến sĩ,2009,Giảng viên chính (Hạng II),,"216A14 An Dương, Yên Phụ, Tây Hồ, Hà Nội",0947171842,Khoa Luật,,E:\NeuTech\Dữ liệu\Dữ liệu giảng viên\Trường Kinh tế và Quản lý công/Khoa Luật,Duong Nguyet Nga,TS. Dương Nguyệt Nga,Dr. Duong Nguyet Nga,Dr. Duong Nguyet Nga,
quemai@neu.edu.vn,Dương Quế Mai,1,1988,Nữ,,,Thạc sĩ,2021,Nhân viên,Văn thư,"Số 3 dãy A2, ngõ 10, Trần Phú, Văn Quán, Hà Đông, Hà Nội",0973708454,Khoa Quản trị kinh doanh,,E:\NeuTech\Dữ liệu\Dữ liệu giảng viên\Trường Kinh Doanh/Khoa QTKD,Duong Que Mai,ThS. Dương Quế Mai,Duong Que Mai M.Sc.,Duong Que Mai M.Sc.,
duongchi@neu.edu.vn,Dương Thị Chi,1,1986,Nữ,,,Tiến sĩ,2021,Giảng viên chính (Hạng II),,"Phòng 407, nhà D3, ngõ 164, đường Vương Thừa Vũ, Thanh Xuân, Hà Nội",,Viện Kế toán - Kiểm toán,,E:\NeuTech\Dữ liệu\Dữ liệu giảng viên\Phòng ban viện/Viện Kế toán Kiểm toán,Duong Thi Chi,TS. Dương Thị Chi,Dr. Duong Thi Chi,Dr. Duong Thi Chi,
hoadt@neu.edu.vn,Dương Thị Hoa,1,1984,Nữ,,,Tiến sĩ,2024,Giảng viên chính (Hạng II),,"85, Khương Trung, Thanh Xuân, Hà Nội",,Khoa Marketing,,E:\NeuTech\Dữ liệu\Dữ liệu giảng viên\Trường Kinh Doanh/Khoa Marketing,Duong Thi Hoa,TS. Dương Thị Hoa,Dr. Duong Thi Hoa,Dr. Duong Thi Hoa,
ngandt@neu.edu.vn,Dương Thị Ngân,1,1975,Nữ,,,Thạc sĩ,2000,Giảng viên chính (Hạng II),,"CT16 Khu Do Thi Dinh Cong Ha noi, , , Hà Nội",0912491948,Viện Thương mại và Kinh tế quốc tế,,E:\NeuTech\Dữ liệu\Dữ liệu giảng viên\Trường Kinh Doanh/Viện Thương mại và Kinh tế Quốc tế,Duong Thi Ngan,ThS. Dương Thị Ngân,Duong Thi Ngan M.Sc.,Duong Thi Ngan M.Sc.,
,Dương Thị Thu Hương,1,1971,Nữ,,,,1988,Chức vụ:,,"Phòng 2, B5, tập thể Đại học Kinh tế Quốc dân, Đồng Tâm, Hai Bà Trưng, Hà Nội",,Trung tâm Dịch vụ Hỗ trợ đào tạo,,E:\NeuTech\Dữ liệu\Dữ liệu giảng viên\Phòng ban viện/Trung tâm Dịch vụ hỗ trợ đào tạo,Duong Thi Thu Huong,Dương Thị Thu Hương,Duong Thi Thu Huong,Duong Thi Thu Huong,
anhdtv@neu.edu.vn,Dương Thị Vân Anh,1,1979,Nữ,,,Tiến sĩ,2013,Giảng viên chính (Hạng II),,"24, LK3, khu đô thị Văn Khê, Phúc La, Hà Đông, Hà Nội",0974704999,Viện Kế toán - Kiểm toán,,E:\NeuTech\Dữ liệu\Dữ liệu giảng viên\Phòng ban viện/Viện Kế toán Kiểm toán,Duong Thi Van Anh,TS. Dương Thị Vân Anh,Dr. Duong Thi Van Anh,Dr. Duong Thi Van Anh,
thuyha@neu.edu.vn,Dương Thúy Hà,1,1981,Nữ,,,Tiến sĩ,2021,Giảng viên chính (Hạng II),,"B18, Lô 8, khu đô thị mới Định Công, Hoàng Mai, Hà Nội",,Viện Ngân hàng - Tài chính,,E:\NeuTech\Dữ liệu\Dữ liệu giảng viên\Phòng ban viện/Viện Ngân hàng - Tài chính,Duong Thuy Ha,TS. Dương Thúy Hà,Dr. Duong Thuy Ha,Dr. Duong Thuy Ha,
linhthuy@neu.edu.vn,Dương Thùy Linh,1,1989,Nữ,,,Tiến sĩ,2023,Giảng viên (Hạng III),,"124A ngõ 325 Kim Ngưu, , Hai Bà Trưng, Hà Nội",0949048397,Khoa Khoa học Quản lý,,E:\NeuTech\Dữ liệu\Dữ liệu giảng viên\Trường Kinh tế và Quản lý công/Khoa Khoa học quản lý,Duong Thuy Linh,TS. Dương Thùy Linh,Dr. Duong Thuy Linh,Dr. Duong Thuy Linh,
baydv@neu.edu.vn,Dương Văn Bảy,1,1971,Nam,,,Tiến sĩ,2019,Giảng viên (Hạng III),Trưởng ban,"Park 6, KĐT Times City, Mai Động, Hoàng Mai, Hà Nội",0904411777,Viện Đào tạo quốc tế,- Quản trị chuỗi cung ứng và vận hành- Thương mại điện tử và Kinh doanh số - Quản trị chất lượng,E:\NeuTech\Dữ liệu\Dữ liệu giảng viên\Phòng ban viện/Viện Đào tạo Quốc tế,Duong Van Bay,TS. Dương Văn Bảy,Dr. Duong Van Bay,Dr. Duong Van Bay,
thongduongviet@neu.edu.vn,Dương Việt Thông,1,1982,Nam,,,Tiến sĩ,2016,Giảng viên chính (Hạng II),,"Số 2, ngõ 92, Trương Định, Hà Nội",,Khoa Khoa học cơ sở,,E:\NeuTech\Dữ liệu\Dữ liệu giảng viên\Trường Công nghệ/Khoa Khoa học Cơ sở,Duong Viet Thong,TS. Dương Việt Thông,Dr. Duong Viet Thong,Dr. Duong Viet Thong,
ga_lantz@yahoo.com,Garold Lantz,1,,,,,,,Giảng viên thỉnh giảng,,,,,,,Garold Lantz,Garold Lantz,Garold Lantz,Garold Lantz,
longgt@neu.edu.vn,Giang Thanh Long,1,1976,Nam,Giáo sư,2022,Tiến sĩ,2008,Giảng viên cao cấp (Hạng I),,"Thủy Trúc 2, Ecopark, Phụng Công, Văn Giang, Hưng Yên",0936639629,Khoa Kinh tế học,"- Già hóa dân số, các chính sách an sinh xã hội và tài chính hưu trí- Già hóa dân số, các chính sách chăm sóc sức khỏe và tài chính y tế- Các vấn đề về tăng trưởng kinh tế, năng suất và các chính sách xã hội khác",E:\NeuTech\Dữ liệu\Dữ liệu giảng viên\Trường Kinh tế và Quản lý công/Khoa Kinh tế học,Giang Thanh Long,GS. TS. Giang Thanh Long,Prof. Giang Thanh Long,Prof. Giang Thanh Long,
yength@neu.edu.vn,Giao Thị Hoàng Yến,1,1989,Nữ,,,Cử nhân,2011,Chuyên viên,,"Trung Hoà, Cầu Giấy, Hà Nội",,"Viện Đào tạo tiên tiến, chất lượng cao và POHE",,"E:\NeuTech\Dữ liệu\Dữ liệu giảng viên\Phòng ban viện/Viện Đào tạo, tiên tiến, CLC và POHE",Giao Thi Hoang Yen,Giao Thị Hoàng Yến,Giao Thi Hoang Yen,Giao Thi Hoang Yen,
ngocgk@neu.edu.vn,Giao Thị Khánh Ngọc,1,1981,Nữ,,,Tiến sĩ,2023,Chuyên viên,,"Dãy 41, Phòng 22 Khu tập thể Đại học Bách khoa Hà Nội, Bách Khoa, Hai Bà Trưng, Hà Nội",0976986599,Viện Đào tạo Sau đại học,,E:\NeuTech\Dữ liệu\Dữ liệu giảng viên\Phòng ban viện/Viện Đào tạo sau Đại học,Giao Thi Khanh Ngoc,TS. Giao Thị Khánh Ngọc,Dr. Giao Thi Khanh Ngoc,Dr. Giao Thi Khanh Ngoc,
hanhhh@neu.edu.vn,Hà Hồng Hạnh,1,1985,Nữ,Phó giáo sư,2023,Tiến sĩ,2019,Giảng viên cao cấp (Hạng I),,", Thành Công, Ba Đình, Hà Nội",0932722699,Viện Kế toán - Kiểm toán,,E:\NeuTech\Dữ liệu\Dữ liệu giảng viên\Phòng ban viện/Viện Kế toán Kiểm toán,Ha Hong Hanh,PGS. TS. Hà Hồng Hạnh,Assoc. Prof. Ha Hong Hanh,Assoc. Prof. Ha Hong Hanh,
oanhhk@neu.edu.vn,Hà Kiều Oanh,1,1987,Nữ,,,Tiến sĩ,2022,Giảng viên chính (Hạng II),,"Số 12/30 Phan Đình Giót, Phương Liệt, Thanh Xuân, Hà Nội",0983802987,Viện Ngân hàng - Tài chính,Tài chính doanh nghiệpThuếQuản trị tài chính,E:\NeuTech\Dữ liệu\Dữ liệu giảng viên\Phòng ban viện/Viện Ngân hàng - Tài chính,Ha Kieu Oanh,TS. Hà Kiều Oanh,Dr. Ha Kieu Oanh,Dr. Ha Kieu Oanh,
tunghl@neu.edu.vn,Hà Lâm Tùng,1,1977,Nam,,,Cử nhân,2002,Chuyên viên chính hạng II,,"1413 CT2A Gelexia, Yên Sở, Hoàng Mai, Hà Nội",0989087751,Trung tâm Ứng dụng Công nghệ thông tin,,E:\NeuTech\Dữ liệu\Dữ liệu giảng viên\Phòng ban viện/Trung tâm ứng dụng CNTT,Ha Lam Tung,Hà Lâm Tùng,Ha Lam Tung,Ha Lam Tung,
hoanghm@neu.edu.vn,Hà Minh Hoàng,1,1985,Nam,Phó giáo sư,2023,Tiến sĩ,2013,Giảng viên cao cấp (Hạng I),Trưởng khoa,"Căn hộ 2012 tầng 20, Nhà A1 (CT01) KCNĐT TP Xanh, Cầu Diễn, Nam Từ Liêm, Hà Nội",0933528386,Khoa Khoa học dữ liệu và Trí tuệ nhân tạo,,E:\NeuTech\Dữ liệu\Dữ liệu giảng viên\Trường Công nghệ/Khoa KHDL và TTNT,Ha Minh Hoang,PGS. TS. Hà Minh Hoàng,Assoc. Prof. Ha Minh Hoang,Assoc. Prof. Ha Minh Hoang,
hangocthang@neu.edu.vn,Hà Ngọc Thắng,1,1979,Nam,,,Tiến sĩ,2016,Giảng viên chính (Hạng II),Phó trưởng bộ môn,"Tổ 26, Tương Mai, Hoàng Mai, Hà Nội",0945816363,Khoa Quản trị kinh doanh,,E:\NeuTech\Dữ liệu\Dữ liệu giảng viên\Trường Kinh Doanh/Khoa QTKD,Ha Ngoc Thang,TS. Hà Ngọc Thắng,Dr. Ha Ngoc Thang,Dr. Ha Ngoc Thang,
hoahq@neu.edu.vn,Hà Quỳnh Hoa,1,1975,Nữ,Phó giáo sư,,Tiến sĩ,2008,Giảng viên cao cấp (Hạng I),Phó GĐ Trung tâm thuộc Khoa,"P411, CT2, CC Skylight 125D Minh Khai, Minh Khai, Hai Bà Trưng, Hà Nội",0904442316,Khoa Kinh tế học,,E:\NeuTech\Dữ liệu\Dữ liệu giảng viên\Trường Kinh tế và Quản lý công/Khoa Kinh tế học,Ha Quynh Hoa,PGS. TS. Hà Quỳnh Hoa,Assoc. Prof. Ha Quynh Hoa,Assoc. Prof. Ha Quynh Hoa,
tunghs@neu.edu.vn,Hà Sơn Tùng,1,1980,Nam,Phó giáo sư,2020,Tiến sĩ,2013,Giảng viên cao cấp (Hạng I),Trưởng khoa,"38 Phố Huế, Hàng Bài, Hoàn Kiếm, Hà Nội",0905666680,Khoa Quản trị kinh doanh,,E:\NeuTech\Dữ liệu\Dữ liệu giảng viên\Trường Kinh Doanh/Khoa QTKD,Ha Son Tung,PGS. TS. Hà Sơn Tùng,Assoc. Prof. Ha Son Tung,Assoc. Prof. Ha Son Tung,
hahuong@neu.edu.vn,Hà Thị Hương,1,1983,Nữ,,,Cử nhân,2008,Chuyên viên,,"Nghách 20, Tổ 4, Phố Đại Đồng , Thanh Trì, Hoàng Mai, Hà Nội",0942053138,Khoa Du lịch và Khách sạn,,E:\NeuTech\Dữ liệu\Dữ liệu giảng viên\Trường Kinh Doanh/Khoa Du lịch và Khách sạn,Ha Thi Huong,Hà Thị Hương,Ha Thi Huong,Ha Thi Huong,
sonhh@neu.edu.vn,Hà Thị Hương Sơn,1,1980,Nữ,,,Tiến sĩ,2019,Giảng viên chính (Hạng II),,"Mễ Sở, Văn Giang, Hưng Yên",,Khoa Ngoại ngữ kinh tế,,E:\NeuTech\Dữ liệu\Dữ liệu giảng viên\Trường Kinh tế và Quản lý công/Khoa Ngoại ngữ Kinh tế,Ha Thi Huong Son,TS. Hà Thị Hương Sơn,Dr. Ha Thi Huong Son,Dr. Ha Thi Huong Son,
tranghth@neu.edu.vn,Hà Thị Huyền Trang,1,1986,Nữ,,,,2009,Chuyên viên,,"Số 6- Ngõ 206- Tương Mai, Tương Mai, Hoàng Mai, Hà Nội",0918518668,Khoa Đại học tại chức,,E:\NeuTech\Dữ liệu\Dữ liệu giảng viên\Phòng ban viện/Khoa Đại học tại chức,Ha Thi Huyen Trang,Hà Thị Huyền Trang,Ha Thi Huyen Trang,Ha Thi Huyen Trang,
huehm@neu.edu.vn,Hà Thị Minh Huệ,1,1985,Nữ,,,Thạc sĩ,2010,Giảng viên (Hạng III),,"1506A1, Hoa Binh green city, 505 Minh Khai, Vĩnh Tuy, Hai Bà Trưng, Hà Nội",0968627762,Khoa Khoa học cơ sở,,E:\NeuTech\Dữ liệu\Dữ liệu giảng viên\Trường Công nghệ/Khoa Khoa học Cơ sở,Ha Thi Minh Hue,ThS. Hà Thị Minh Huệ,Ha Thi Minh Hue M.Sc.,Ha Thi Minh Hue M.Sc.,
linhnga@neu.edu.vn,Hà Thị Ngà,1,1977,Nữ,,,Cử nhân,2010,Chức vụ:,,"Số nhà 34, ngõ 133, phố Hồng Mai, Quỳnh Lôi, Hai Bà Trưng, Hà Nội",,Phòng Tổng hợp,,E:\NeuTech\Dữ liệu\Dữ liệu giảng viên\Phòng ban viện/Phòng tổng hợp,Ha Thi Nga,Hà Thị Ngà,Ha Thi Nga,Ha Thi Nga,
dunghp@neu.edu.vn,Hà Thị Phương Dung,1,1978,Nữ,,,Tiến sĩ,2014,Giảng viên chính (Hạng II),,"Số 458 Minh Khai, Mai Động, Hoàng Mai, Hà Nội",0919997258,Viện Kế toán - Kiểm toán,,E:\NeuTech\Dữ liệu\Dữ liệu giảng viên\Phòng ban viện/Viện Kế toán Kiểm toán,Ha Thi Phuong Dung,TS. Hà Thị Phương Dung,Dr. Ha Thi Phuong Dung,Dr. Ha Thi Phuong Dung,
huanht@neu.edu.vn,Hà Thúc Huân,1,1989,Nam,,,Tiến sĩ,2021,Giảng viên (Hạng III),,"Số 7, ngõ 79 An Dương Vương, Phú Thượng, Tây Hồ, Hà Nội",0397498955,Khoa Kinh tế học,,E:\NeuTech\Dữ liệu\Dữ liệu giảng viên\Trường Kinh tế và Quản lý công/Khoa Kinh tế học,Ha Thuc Huan,TS. Hà Thúc Huân,Dr. Ha Thuc Huan,Dr. Ha Thuc Huan,
havietnga03@neu.edu.vn,Hà Tuấn Anh,1,1968,Nam,,,Thạc sĩ,2004,Chuyên viên,,"55/13/17 Hoàng Hoa Thám, Ngọc Hà, Ba Đình, Hà Nội",0989631650,Viện Phát triển bền vững,,E:\NeuTech\Dữ liệu\Dữ liệu giảng viên\Phòng ban viện/Viện Phát triển bền vững,Ha Tuan Anh,ThS. Hà Tuấn Anh,Ha Tuan Anh M.Sc.,Ha Tuan Anh M.Sc.,
thuhl@neu.edu.vn,Hàn Thị Lan Thư,1,1979,Nữ,,,Thạc sĩ,2005,Giảng viên chính (Hạng II),,"Số nhà 13, ngách 94, ngõ Tự Do, phố Đại La, quận Hai Bà Trưng, Đồng Tâm, Hai Bà Trưng, Hà Nội",,Viện Kế toán - Kiểm toán,,E:\NeuTech\Dữ liệu\Dữ liệu giảng viên\Phòng ban viện/Viện Kế toán Kiểm toán,Han Thi Lan Thu,ThS. Hàn Thị Lan Thư,Han Thi Lan Thu M.Sc.,Han Thi Lan Thu M.Sc.,
baohd@neu.edu.vn,Hồ Đình Bảo,1,1976,Nam,Phó giáo sư,,Tiến sĩ,2012,Giảng viên cao cấp (Hạng I),Trưởng phòng,"Trương Định, Hai Bà Trưng, Hà Nội",0943947241,Phòng Tổ chức cán bộ,,E:\NeuTech\Dữ liệu\Dữ liệu giảng viên\Trường Kinh tế và Quản lý công/Khoa Kinh tế học,Ho Dinh Bao,PGS. TS. Hồ Đình Bảo,Assoc. Prof. Ho Dinh Bao,Assoc. Prof. Ho Dinh Bao,
lanhh@neu.edu.vn,Hồ Hoàng Lan,1,1981,Nữ,,,Tiến sĩ,,Giảng viên (Hạng III),Trưởng ban,"P11 Khu đô thị Times City, Hà Nội, , Hai Bà Trưng, Hà Nội",0912462588,Viện Đào tạo quốc tế,,E:\NeuTech\Dữ liệu\Dữ liệu giảng viên\Phòng ban viện/Viện Đào tạo Quốc tế,Ho Hoang Lan,TS. Hồ Hoàng Lan,Dr. Ho Hoang Lan,Dr. Ho Hoang Lan,
anhhq@neu.edu.vn,Hồ Quỳnh Anh,1,1975,Nữ,,,Thạc sĩ,2005,Chuyên viên chính hạng II,Phó trưởng phòng,"Phòng 304, nhà A, tập thể Bưu điện, ngõ 84 Chùa Láng3 - A2 - Tập thể 128C Đại La, Láng Thượng, Đống Đa, Hà Nội",0913347889,Phòng Tổng hợp,,E:\NeuTech\Dữ liệu\Dữ liệu giảng viên\Phòng ban viện/Phòng tổng hợp,Ho Quynh Anh,ThS. Hồ Quỳnh Anh,Ho Quynh Anh M.Sc.,Ho Quynh Anh M.Sc.,
hohaiyen@neu.edu.vn,Hồ Thị Hải Yến,1,1964,Nữ,,,Thạc sĩ,1999,Chức vụ:,,"Số nhà 30, tổ 34, Thanh Xuân Trung, Thanh Xuân, Hà Nội",,Phòng Quản lý khoa học,,E:\NeuTech\Dữ liệu\Dữ liệu giảng viên\Phòng ban viện/Phòng Quản lý Khoa học,Ho Thi Hai Yen,ThS. Hồ Thị Hải Yến,Ho Thi Hai Yen M.Sc.,Ho Thi Hai Yen M.Sc.,
,Hồ Thị Hương Giang,1,1976,Nữ,,,,1998,Giảng viên (Hạng III),,"200 Lê Trọng Tấn, Khương Mai, Thanh Xuân, Hà Nội",,Khoa Ngoại ngữ kinh tế,,E:\NeuTech\Dữ liệu\Dữ liệu giảng viên\Trường Kinh tế và Quản lý công/Khoa Ngoại ngữ Kinh tế,Ho Thi Huong Giang,Hồ Thị Hương Giang,Ho Thi Huong Giang,Ho Thi Huong Giang,
phuonghb@neu.edu.vn,Hoàng Bích Phương,1,1980,Nữ,,,Thạc sĩ,,Giảng viên (Hạng III),,"Số 11 Phùng Khắc Khoan, Hai Bà Trưng, Hà Nội",0912438434,Khoa Toán kinh tế,,E:\NeuTech\Dữ liệu\Dữ liệu giảng viên\Trường Công nghệ/Khoa Toán Kinh tế,Hoang Bich Phuong,ThS. Hoàng Bích Phương,Hoang Bich Phuong M.Sc.,Hoang Bich Phuong M.Sc.,
manhhd@neu.edu.vn,Hoàng Đức Mạnh,1,1981,Nam,,,Tiến sĩ,2014,Giảng viên (Hạng III),Phó trưởng khoa,"P2526-Vp3-Linh Đàm, Hoàng Liệt, Hoàng Mai, Hà Nội",0904633994,Khoa Toán kinh tế,,E:\NeuTech\Dữ liệu\Dữ liệu giảng viên\Trường Công nghệ/Khoa Toán Kinh tế,Hoang Duc Manh,TS. Hoàng Đức Mạnh,Dr. Hoang Duc Manh,Dr. Hoang Duc Manh,
hoangducthan@neu.edu.vn,Hoàng Đức Thân,1,1958,Nam,Giáo sư,2003,Tiến sĩ,2003,Giảng viên cao cấp (Hạng I),,"92 ngõ Tự do, Đại La, Đồng Tâm, Hai Bà Trưng, Hà Nội",0903297981,Viện Thương mại và Kinh tế quốc tế,,E:\NeuTech\Dữ liệu\Dữ liệu giảng viên\Trường Kinh Doanh/Viện Thương mại và Kinh tế Quốc tế,Hoang Duc Than,GS. TS. Hoàng Đức Thân,Prof. Hoang Duc Than,Prof. Hoang Duc Than,
gianghh@neu.edu.vn,Hoàng Hương Giang,1,1977,Nữ,,,Tiến sĩ,2011,Chức vụ:,,"Phùng Chí Kiên, Nghĩa Đô, Cầu Giấy, Hà Nội",,Viện Thương mại và Kinh tế quốc tế,,E:\NeuTech\Dữ liệu\Dữ liệu giảng viên\Trường Kinh Doanh/Viện Thương mại và Kinh tế Quốc tế,Hoang Huong Giang,TS. Hoàng Hương Giang,Dr. Hoang Huong Giang,Dr. Hoang Huong Giang,
hoangkhanh@neu.edu.vn,Hoàng Khánh,1,1986,Nam,,,Tiến sĩ,2021,Giảng viên (Hạng III),,"C3 lô 19 đô thị Định Công, , Hoàng Mai, Hà Nội",,Viện Ngân hàng - Tài chính,,E:\NeuTech\Dữ liệu\Dữ liệu giảng viên\Phòng ban viện/Viện Ngân hàng - Tài chính,Hoang Khanh,TS. Hoàng Khánh,Dr. Hoang Khanh,Dr. Hoang Khanh,
hunghm@neu.edu.vn,Hoàng Mạnh Hùng,1,1978,Nam,,,Tiến sĩ,2015,Giảng viên chính (Hạng II),Trưởng bộ môn,"423 Minh Khai, Vĩnh Tuy, Hai Bà Trưng, Hà Nội",0912019437,Khoa Bất động sản và Kinh tế Tài nguyên,,E:\NeuTech\Dữ liệu\Dữ liệu giảng viên\Trường Kinh Doanh/Khoa BĐS & KTTN,Hoang Manh Hung,TS. Hoàng Mạnh Hùng,Dr. Hoang Manh Hung,Dr. Hoang Manh Hung,
phuonghm@neu.edu.vn,Hoàng Minh Phượng,1,1977,Nữ,,,Thạc sĩ,2015,Chuyên viên chính hạng II,,"Số 4, Nguyễn Gia Thiều, Trần Hưng Đạo, Hoàn Kiếm, Hà Nội",0903260677,Phòng Tổ chức cán bộ,,E:\NeuTech\Dữ liệu\Dữ liệu giảng viên\Phòng ban viện/Phòng tổ chức cán bộ,Hoang Minh Phuong,ThS. Hoàng Minh Phượng,Hoang Minh Phuong M.Sc.,Hoang Minh Phuong M.Sc.,
htha@neu.edu.vn,Hoàng Thanh Hà,1,1982,Nữ,,,,2004,Chuyên viên chính hạng II,,"Số 6 - B5, ngõ 6, Kim Đồng, Hoàng Mai, Hà Nội",0982631126,Phòng Quản lý đào tạo,,E:\NeuTech\Dữ liệu\Dữ liệu giảng viên\Phòng ban viện/Phòng Quản lý đào tạo,Hoang Thanh Ha,Hoàng Thanh Hà,Hoang Thanh Ha,Hoang Thanh Ha,
chinhthon@neu.edu.vn,Hoàng Thị Chinh Thon,1,1988,Nữ,,,Thạc sĩ,2015,Giảng viên (Hạng III),,"163 Nguyễn Đức Cảnh , , Hoàng Mai, Hà Nội",0983895440,Khoa Kinh tế học,,E:\NeuTech\Dữ liệu\Dữ liệu giảng viên\Trường Kinh tế và Quản lý công/Khoa Kinh tế học,Hoang Thi Chinh Thon,ThS. Hoàng Thị Chinh Thon,Hoang Thi Chinh Thon M.Sc.,Hoang Thi Chinh Thon M.Sc.,
haht@neu.edu.vn,Hoàng Thị Hà,1,1965,Nữ,,,Thạc sĩ,2004,Giảng viên (Hạng III),,"Phòng 15A07, tòa A3, chung cư 250 minh khai, , , Hà Nội",0369886199,"Khoa Môi trường, Biến đổi khí hậu và Đô thị",,"E:\NeuTech\Dữ liệu\Dữ liệu giảng viên\Trường Kinh tế và Quản lý công/Khoa Môi trường, Biến đổi khí hậu và Đô thị",Hoang Thi Ha,ThS. Hoàng Thị Hà,Hoang Thi Ha M.Sc.,Hoang Thi Ha M.Sc.,
hienht@neu.edu.vn,Hoàng Thị Hiền,1,1983,Nữ,,,Cử nhân,2008,Chức vụ:,,"Tổ 8, Thịnh Liệt, Hoàng Mai, Hà Nội",0988669235,Trung tâm Ứng dụng Công nghệ thông tin,,E:\NeuTech\Dữ liệu\Dữ liệu giảng viên\Phòng ban viện/Trung tâm ứng dụng CNTT,Hoang Thi Hien,Hoàng Thị Hiền,Hoang Thi Hien,Hoang Thi Hien,
hoaht@neu.edu.vn,Hoàng Thị Hòa,1,1975,Nữ,,,,2001,Kế toán viên,,"Số 73, Phố Nguyễn Đức Cảnh, Hà Nội",,Phòng Tài chính – Kế toán,,E:\NeuTech\Dữ liệu\Dữ liệu giảng viên\Phòng ban viện/Phòng Tài chính Kế toán,Hoang Thi Hoa,Hoàng Thị Hòa,Hoang Thi Hoa,Hoang Thi Hoa,
dinhhh@neu.edu.vn,Hoàng Thị Hồng Dinh,1,1973,Nữ,,,Thạc sĩ,2018,Chuyên viên chính hạng II,Phó Chánh văn phòng,"76 Đường Hoàng mai, P. Hoàng Văn Thụ, Q. Hoàng Mai, TP. Hà Nội, Hoàng Văn Thụ, Hoàng Mai, Hà Nội",0989783889,Văn phòng Đảng - Đoàn thể,,E:\NeuTech\Dữ liệu\Dữ liệu giảng viên\Phòng ban viện/Văn phòng Đảng - Đoàn thể,Hoang Thi Hong Dinh,ThS. Hoàng Thị Hồng Dinh,Hoang Thi Hong Dinh M.Sc.,Hoang Thi Hong Dinh M.Sc.,
ngochh@neu.edu.vn,Hoàng Thị Hồng Ngọc,1,1990,Nữ,,,Thạc sĩ,,Giảng viên chính (Hạng II),,"146 ngõ Trại Cá, Trương Định, Hai Bà Trưng, Hà Nội",0973662481,Viện Ngân hàng - Tài chính,,E:\NeuTech\Dữ liệu\Dữ liệu giảng viên\Phòng ban viện/Viện Ngân hàng - Tài chính,Hoang Thi Hong Ngoc,ThS. Hoàng Thị Hồng Ngọc,Hoang Thi Hong Ngoc M.Sc.,Hoang Thi Hong Ngoc M.Sc.,
hoanghue@neu.edu.vn,Hoàng Thị Huệ,1,1987,Nữ,,,Tiến sĩ,2021,Giảng viên chính (Hạng II),,"Ngõ 107, Vĩnh Hưng, Hoàng Mai, Hà Nội",0984277598,Khoa Kinh tế và Quản lý Nguồn nhân lực,50202 (Kinh doanh và Quản lý),E:\NeuTech\Dữ liệu\Dữ liệu giảng viên\Trường Kinh Doanh/Khoa Kinh tế và Quản lý nguồn nhân lực,Hoang Thi Hue,TS. Hoàng Thị Huệ,Dr. Hoang Thi Hue,Dr. Hoang Thi Hue,
huonghlnhtc@neu.edu.vn,Hoàng Thị Lan Hương,2,1977,Nữ,,,Tiến sĩ,2013,Giảng viên chính (Hạng II),,"P401 - A14 - Ngõ 100 Trần Đại Nghĩa - P.Đồng Tâm - Q. Hai Bà Trưng - Hà Nội, Đồng Tâm, Hai Bà Trưng, Hà Nội",,Viện Ngân hàng - Tài chính,,E:\NeuTech\Dữ liệu\Dữ liệu giảng viên\Phòng ban viện/Viện Ngân hàng - Tài chính,Hoang Thi Lan Huong,TS. Hoàng Thị Lan Hương,Dr. Hoang Thi Lan Huong,Dr. Hoang Thi Lan Huong (School of Finance and Banking),(School of Finance and Banking)
,Hoàng Thị Lan Hương,2,1961,Nữ,,,Tiến sĩ,,Giảng viên chính (Hạng II),,"251 Giảng Võ, Cát Linh, Đống Đa, Hà Nội",0913322886,Khoa Du lịch và Khách sạn,KINH TẾ DU LỊCHQUẢN TRỊ KINH DOANH KHÁCH SẠNQUẢN LÝ CÔNG,E:\NeuTech\Dữ liệu\Dữ liệu giảng viên\Trường Kinh Doanh/Khoa Du lịch và Khách sạn,Hoang Thi Lan Huong,TS. Hoàng Thị Lan Hương,Dr. Hoang Thi Lan Huong,Dr. Hoang Thi Lan Huong (Faculty of tourism and hotels),(Faculty of tourism and hotels)
tamht@neu.edu.vn,Hoàng Thị Thanh Tâm,1,1973,Nữ,,,Thạc sĩ,1998,Giảng viên chính (Hạng II),,"Nhà số 3, TT3C, Tây nam Linh Đàm, Hoàng Liệt, Hoàng Mai, Hà Nội",0865528208,Khoa Toán kinh tế,,E:\NeuTech\Dữ liệu\Dữ liệu giảng viên\Trường Công nghệ/Khoa Toán Kinh tế,Hoang Thi Thanh Tam,ThS. Hoàng Thị Thanh Tâm,Hoang Thi Thanh Tam M.Sc.,Hoang Thi Thanh Tam M.Sc.,
hoangthuha@neu.edu.vn,Hoàng Thị Thu Hà,1,1982,Nữ,,,Tiến sĩ,2015,Giảng viên chính (Hạng II),,"Tòa T11 tầng 7 căn 20 chung cư Times city, Vĩnh Tuy, Hai Bà Trưng, Hà Nội",0976125127,Khoa Đầu tư,,E:\NeuTech\Dữ liệu\Dữ liệu giảng viên\Trường Kinh tế và Quản lý công/Khoa Đầu tư,Hoang Thi Thu Ha,TS. Hoàng Thị Thu Hà,Dr. Hoang Thi Thu Ha,Dr. Hoang Thi Thu Ha,
hoanghuong@neu.edu.vn,Hoàng Thị Thu Hương,1,1983,Nữ,,,Tiến sĩ,,Giảng viên chính (Hạng II),Trưởng bộ môn,"CC Capital Garden, 102 Trường Chinh, Phương Mai, Đống Đa, Hà Nội",0985822479,Khoa Du lịch và Khách sạn,,E:\NeuTech\Dữ liệu\Dữ liệu giảng viên\Trường Kinh Doanh/Khoa Du lịch và Khách sạn,Hoang Thi Thu Huong,TS. Hoàng Thị Thu Hương,Dr. Hoang Thi Thu Huong,Dr. Hoang Thi Thu Huong,
ngaht@neu.edu.vn,Hoàng Thị Thúy Nga,1,1975,Nữ,,,Tiến sĩ,2012,Giảng viên chính (Hạng II),Phó trưởng khoa,"P1502 A UDIC COMPLEX, Trung Hoà, Cầu Giấy, Hà Nội",0968158777,Khoa Kinh tế học,,E:\NeuTech\Dữ liệu\Dữ liệu giảng viên\Trường Kinh tế và Quản lý công/Khoa Kinh tế học,Hoang Thi Thuy Nga,TS. Hoàng Thị Thúy Nga,Dr. Hoang Thi Thuy Nga,Dr. Hoang Thi Thuy Nga,
ngocht@neu.edu.vn,Hoàng Thị Thúy Ngọc,1,1964,Nữ,,,Tiến sĩ,2011,Giảng viên cao cấp (Hạng I),,Điện thọai: CQ: ; Mobile: 0904865570,0904865570,Khoa Ngoại ngữ kinh tế,,E:\NeuTech\Dữ liệu\Dữ liệu giảng viên\Trường Kinh tế và Quản lý công/Khoa Ngoại ngữ Kinh tế,Hoang Thi Thuy Ngoc,TS. Hoàng Thị Thúy Ngọc,Dr. Hoang Thi Thuy Ngoc,Dr. Hoang Thi Thuy Ngoc,
,Hoàng Thu Trang,1,1990,Nữ,,,Cử nhân,2012,Giảng viên (Hạng III),,"Số 39 tổ 9c, Thanh Nhàn, Hai Bà Trưng, Hà Nội",,Khoa Khoa học Quản lý,,E:\NeuTech\Dữ liệu\Dữ liệu giảng viên\Trường Kinh tế và Quản lý công/Khoa Khoa học quản lý,Hoang Thu Trang,Hoàng Thu Trang,Hoang Thu Trang,Hoang Thu Trang,
anhhth@neu.edu.vn,Hoàng Thụy Anh,1,1967,Nam,,,,1989,Chức vụ:,,"Số 5, Tổ 6, Tương Mai, Hoàng Mai, Hà Nội",,Trung tâm Dịch vụ Hỗ trợ đào tạo,,E:\NeuTech\Dữ liệu\Dữ liệu giảng viên\Phòng ban viện/Trung tâm Dịch vụ hỗ trợ đào tạo,Hoang Thuy Anh,Hoàng Thụy Anh,Hoang Thuy Anh,Hoang Thuy Anh,
phuonght@neu.edu.vn,Hoàng Thúy Phương,1,1977,Nữ,,,Cử nhân,1999,Chuyên viên chính hạng II,,"84, khu đô thị Garden City, Thạch Bàn, Long Biên, Hà Nội",0904480090,"Trung tâm Thông tin, tư liệu, thư viện",,E:\NeuTech\Dữ liệu\Dữ liệu giảng viên\Phòng ban viện/Trung tâm thông tin thư viện,Hoang Thuy Phuong,Hoàng Thúy Phương,Hoang Thuy Phuong,Hoang Thuy Phuong,
loanht@neu.edu.vn,Hoàng Tố Loan,1,1970,Nữ,,,Thạc sĩ,2009,Chuyên viên chính hạng II,,"Z8 P201 (9), Bách Khoa, Hai Bà Trưng, Hà Nội",0989138779,"Viện Đào tạo tiên tiến, chất lượng cao và POHE",,"E:\NeuTech\Dữ liệu\Dữ liệu giảng viên\Phòng ban viện/Viện Đào tạo, tiên tiến, CLC và POHE",Hoang To Loan,ThS. Hoàng Tố Loan,Hoang To Loan M.Sc.,Hoang To Loan M.Sc.,
laiht@neu.edu.vn,Hoàng Trung Lai,1,1990,Nam,,,Thạc sĩ,,Giảng viên (Hạng III),,Điện thọai: CQ: ; Mobile:,,Viện Ngân hàng - Tài chính,,E:\NeuTech\Dữ liệu\Dữ liệu giảng viên\Phòng ban viện/Viện Ngân hàng - Tài chính,Hoang Trung Lai,ThS. Hoàng Trung Lai,Hoang Trung Lai M.Sc.,Hoang Trung Lai M.Sc.,
cuonghv@neu.edu.vn,Hoàng Văn Cường,1,1963,Nam,Giáo sư,2020,Tiến sĩ,2003,Giảng viên cao cấp (Hạng I),,"Số 20, ngõ 92, Trần Đại Nghĩa, Đồng Tâm, Hai Bà Trưng, Hà Nội",0913362279,Khoa Bất động sản và Kinh tế Tài nguyên,,E:\NeuTech\Dữ liệu\Dữ liệu giảng viên\Trường Kinh Doanh/Khoa BĐS & KTTN,Hoang Van Cuong,GS. TS. Hoàng Văn Cường,Prof. Hoang Van Cuong,Prof. Hoang Van Cuong,
hoangthang@neu.edu.vn,Hoàng Văn Thắng,1,1980,Nam,,,Thạc sĩ,2006,Giảng viên chính (Hạng II),,"P308-Chung Cư F5-ĐTM Yên Hòa Cầu Giấy, Yên Hoà, Cầu Giấy, Hà Nội",0983667866,Khoa Khoa học cơ sở,,E:\NeuTech\Dữ liệu\Dữ liệu giảng viên\Trường Công nghệ/Khoa Khoa học Cơ sở,Hoang Van Thang,ThS. Hoàng Văn Thắng,Hoang Van Thang M.Sc.,Hoang Van Thang M.Sc.,
viethn@neu.edu.vn,Hoàng Việt,1,1950,Nam,Giáo sư,2003,Tiến sĩ,1989,Giảng viên cao cấp (Hạng I),,"Tổ 9, Tương Mai, Hai Bà Trưng, Hà Nội",,Khoa Bất động sản và Kinh tế Tài nguyên,,E:\NeuTech\Dữ liệu\Dữ liệu giảng viên\Trường Kinh Doanh/Khoa BĐS & KTTN,Hoang Viet,GS. TS. Hoàng Việt,Prof. Hoang Viet,Prof. Hoang Viet,
huyhv@neu.edu.vn,Hoàng Việt Huy,1,1990,Nam,,,Tiến sĩ,2022,Giảng viên (Hạng III),,"C3 lô 19 Khu đô thị Định Công, Định Công, Hoàng Mai, Hà Nội",0915555340,Khoa Quản trị kinh doanh,,E:\NeuTech\Dữ liệu\Dữ liệu giảng viên\Trường Kinh Doanh/Khoa QTKD,Hoang Viet Huy,TS. Hoàng Việt Huy,Dr. Hoang Viet Huy,Dr. Hoang Viet Huy,
hiephoang@neu.edu.vn,Hoàng Vũ Hiệp,1,1991,Nam,,,Thạc sĩ,,Giảng viên (Hạng III),,"Số 5a ngõ 236 phố Lê Trọng Tấn, Lê Trọng Tấn, Thanh Xuân, Hà Nội",,Viện Quản trị kinh doanh,,E:\NeuTech\Dữ liệu\Dữ liệu giảng viên\Trường Kinh Doanh/Viện QTKD,Hoang Vu Hiep,ThS. Hoàng Vũ Hiệp,Hoang Vu Hiep M.Sc.,Hoang Vu Hiep M.Sc.,
quehx@neu.edu.vn,Hoàng Xuân Quế,1,1967,Nam,Phó giáo sư,,Tiến sĩ,2004,Giảng viên cao cấp (Hạng I),Viện trưởng,"Tổ 5A, Phương Liệt, Đống Đa, Hà Nội",0989666998,Viện Ngân hàng - Tài chính,,E:\NeuTech\Dữ liệu\Dữ liệu giảng viên\Phòng ban viện/Viện Ngân hàng - Tài chính,Hoang Xuan Que,PGS. TS. Hoàng Xuân Quế,Assoc. Prof. Hoang Xuan Que,Assoc. Prof. Hoang Xuan Que,
truonghx@neu.edu.vn,Hoàng Xuân Trường,1,1974,Nam,,,Tiến sĩ,2022,Giảng viên chính (Hạng II),Trưởng khoa,"T030616, Khu Times City, số 458 Minh Khai, Hà Nội, Vĩnh Tuy, Hai Bà Trưng, Hà Nội",0912906129,Khoa Luật,"Luật kinh tế, Luật Lao động",E:\NeuTech\Dữ liệu\Dữ liệu giảng viên\Trường Kinh tế và Quản lý công/Khoa Luật,Hoang Xuan Truong,TS. Hoàng Xuân Trường,Dr. Hoang Xuan Truong,Dr. Hoang Xuan Truong,
yenh@neu.edu.vn,Hoàng Yến,1,1958,Nữ,Phó giáo sư,2005,Tiến sĩ,,Giảng viên cao cấp (Hạng I),,"P1201 chung cư nhà F ngõ 28 Xuân La, Xuân La, Tây Hồ, Hà Nội",0904302058,Khoa Kinh tế học,,E:\NeuTech\Dữ liệu\Dữ liệu giảng viên\Trường Kinh tế và Quản lý công/Khoa Kinh tế học,Hoang Yen,PGS. TS. Hoàng Yến,Assoc. Prof. Hoang Yen,Assoc. Prof. Hoang Yen,
dunghm@neu.edu.vn,Huỳnh Thị Mai Dung,1,1974,Nữ,,,Thạc sĩ,2000,Giảng viên chính (Hạng II),,"Phòng 16, D5 tập thể Trung Tự, Trung Tự, Đống Đa, Hà Nội",0912129286,"Khoa Môi trường, Biến đổi khí hậu và Đô thị",,"E:\NeuTech\Dữ liệu\Dữ liệu giảng viên\Trường Kinh tế và Quản lý công/Khoa Môi trường, Biến đổi khí hậu và Đô thị",Huynh Thi Mai Dung,ThS. Huỳnh Thị Mai Dung,Huynh Thi Mai Dung M.Sc.,Huynh Thi Mai Dung M.Sc.,
john.andre@isneu.org,John Andre,1,,,,,,,Giảng viên thỉnh giảng,,,,,,,John Andre,John Andre,John Andre,John Andre,
anhkt@neu.edu.vn,Khúc Thế Anh,1,1990,Nam,,,Tiến sĩ,2021,Giảng viên chính (Hạng II),,"Phòng 1405 D2 CT2 khu đô thị Tây Nam Linh Đàm, Hoàng Liệt, Hoàng Mai, Hà Nội",0936322828,Viện Ngân hàng - Tài chính,,E:\NeuTech\Dữ liệu\Dữ liệu giảng viên\Phòng ban viện/Viện Ngân hàng - Tài chính,Khuc The Anh,TS. Khúc Thế Anh,Dr. Khuc The Anh,Dr. Khuc The Anh,
bichquangsdh@neu.edu.vn,Lã Thị Bích Quang,1,1977,Nữ,,,Tiến sĩ,2021,Chuyên viên chính hạng II,,"số nhà 30, ngõ 54 đường Nguyễn Chí Thanh, Láng Thượng, Đống Đa, Hà Nội",0904198868,Viện Đào tạo Sau đại học,Quản lý kinh tế (Kinh tế Du lịch),E:\NeuTech\Dữ liệu\Dữ liệu giảng viên\Phòng ban viện/Viện Đào tạo sau Đại học,La Thi Bich Quang,TS. Lã Thị Bích Quang,Dr. La Thi Bich Quang,Dr. La Thi Bich Quang,
khanglm@neu.edu.vn,Lại Mạnh Khang,1,1989,Nam,,,Cử nhân,2011,Giảng viên (Hạng III),,"44 Đồng Nhân B, Tổ 56, Bạch Đằng, Hai Bà Trưng, Hà Nội",1674533398,Khoa Quản trị kinh doanh,,E:\NeuTech\Dữ liệu\Dữ liệu giảng viên\Trường Kinh Doanh/Khoa QTKD,Lai Manh Khang,Lại Mạnh Khang,Lai Manh Khang,Lai Manh Khang,
tungls@neu.edu.vn,Lại Sơn Tùng,1,1985,Nam,,,Thạc sĩ,2022,Chuyên viên,,"10B, Q38 ngõ 160 phố Nguyễn An Ninh, Hoàng Mai, Hà Nội",,"Viện Đào tạo tiên tiến, chất lượng cao và POHE",,"E:\NeuTech\Dữ liệu\Dữ liệu giảng viên\Phòng ban viện/Viện Đào tạo, tiên tiến, CLC và POHE",Lai Son Tung,ThS. Lại Sơn Tùng,Lai Son Tung M.Sc.,Lai Son Tung M.Sc.,
ducla@neu.edu.vn,Lê Anh Đức,1,1982,Nam,,,Tiến sĩ,2021,Giảng viên chính (Hạng II),Trưởng phòng,"Phòng 503, K12, Tập thế Bách Khoa, Bách Khoa, Hai Bà Trưng, Hà Nội",0912736696,Phòng Quản lý đào tạo,Khởi nghiệp đổi mới sáng tạo; Mô hình PLS-SEM; Quản trị đại học,E:\NeuTech\Dữ liệu\Dữ liệu giảng viên\Phòng ban viện/Phòng Quản lý đào tạo,Le Anh Duc,TS. Lê Anh Đức,Dr. Le Anh Duc,Dr. Le Anh Duc,
thola@neu.edu.vn,Lê Anh Thơ,1,1986,Nữ,,,Thạc sĩ,2013,Giảng viên chính (Hạng II),,"Căn hộ 2802, Toà N01A, K35 Tân Mai, Tương Mai, Hoàng Mai, Hà Nội",0983853809,Khoa Ngoại ngữ kinh tế,,E:\NeuTech\Dữ liệu\Dữ liệu giảng viên\Trường Kinh tế và Quản lý công/Khoa Ngoại ngữ Kinh tế,Le Anh Tho,ThS. Lê Anh Thơ,Le Anh Tho M.Sc.,Le Anh Tho M.Sc.,
linhld@neu.edu.vn,Lê Diệu Linh,1,1986,Nữ,,,Thạc sĩ,2013,Chuyên viên,,"Chung cư 360 Giải Phóng, Phương Liệt, Thanh Xuân, Hà Nội",0983305999,Viện Đào tạo quốc tế,,E:\NeuTech\Dữ liệu\Dữ liệu giảng viên\Phòng ban viện/Viện Đào tạo Quốc tế,Le Dieu Linh,ThS. Lê Diệu Linh,Le Dieu Linh M.Sc.,Le Dieu Linh M.Sc.,
giauld@neu.edu.vn,Lê Đình Giàu,1,1988,Nam,,,Thạc sĩ,2014,Chuyên viên,,"Số 11/252/53 Tây Sơn, Trung Liệt, Đống Đa, Hà Nội",,Phòng Truyền thông,,E:\NeuTech\Dữ liệu\Dữ liệu giảng viên\Phòng ban viện/Phòng truyền thông,Le Dinh Giau,ThS. Lê Đình Giàu,Le Dinh Giau M.Sc.,Le Dinh Giau M.Sc.,
leduchoang@neu.edu.vn,Lê Đức Hoàng,2,1979,Nam,Phó giáo sư,2022,Tiến sĩ,2016,Giảng viên chính (Hạng II),Trưởng bộ môn,"Phòng 4, A4b, Đại học Kinh tế Quốc dân, Đồng Tâm, Hai Bà Trưng, Hà Nội",0988522372,Viện Ngân hàng - Tài chính,,E:\NeuTech\Dữ liệu\Dữ liệu giảng viên\Phòng ban viện/Viện Ngân hàng - Tài chính,Le Duc Hoang,PGS. TS. Lê Đức Hoàng,Assoc. Prof. Le Duc Hoang,Assoc. Prof. Le Duc Hoang (School of Finance and Banking),(School of Finance and Banking)
hoangld@neu.edu.vn,Lê Đức Hoàng,2,1979,Nam,,,Tiến sĩ,2005,Giảng viên chính (Hạng II),,"Nhà N3, Minori Village, số 67A phố Trương Định, Trương Định, Hai Bà Trưng, Hà Nội",0913030525,Khoa Toán kinh tế,,E:\NeuTech\Dữ liệu\Dữ liệu giảng viên\Trường Công nghệ/Khoa Toán Kinh tế,Le Duc Hoang,TS. Lê Đức Hoàng,Dr. Le Duc Hoang,Dr. Le Duc Hoang (Faculty of Mathemtical Economics),(Faculty of Mathemtical Economics)
hungld@neu.edu.vn,Lê Đức Hưng,1,1964,Nam,,,Cử nhân,1996,Trưởng Trạm,Trưởng Trạm,"tổ 62, Giáp Bát, Hoàng Mai, Hà Nội",0913039555,Trạm y tế,,E:\NeuTech\Dữ liệu\Dữ liệu giảng viên\Phòng ban viện/Trạm y tế,Le Duc Hung,Lê Đức Hưng,Le Duc Hung,Le Duc Hung,
khanhld@neu.edu.vn,Lê Duy Khánh,1,1998,Nam,,,Thạc sĩ,2024,Giảng viên (Hạng III),,"Số 173 Định Công Thượng, Định Công, Hoàng Mai, Hà Nội",0382172299,Khoa Khoa học dữ liệu và Trí tuệ nhân tạo,,E:\NeuTech\Dữ liệu\Dữ liệu giảng viên\Trường Công nghệ/Khoa KHDL và TTNT,Le Duy Khanh,ThS. Lê Duy Khánh,Le Duy Khanh M.Sc.,Le Duy Khanh M.Sc.,
hale@neu.edu.vn,Lê Hà,1,1983,Nam,,,Thạc sĩ,,Chuyên viên,,"Phòng 1504 - A2 - 229 phố Vọng, Đồng Tâm, Hai Bà Trưng, Hà Nội",0904061188,Phòng Quản lý đào tạo,,E:\NeuTech\Dữ liệu\Dữ liệu giảng viên\Phòng ban viện/Phòng Quản lý đào tạo,Le Ha,ThS. Lê Hà,Le Ha M.Sc.,Le Ha M.Sc.,
linhlh@neu.edu.vn,Lê Hà Linh,1,1990,Nữ,,,Thạc sĩ,,Giảng viên (Hạng III),,"14 ngõ 86, Giáp Bát, Hoàng Mai, Hà Nội",,Khoa Du lịch và Khách sạn,,E:\NeuTech\Dữ liệu\Dữ liệu giảng viên\Trường Kinh Doanh/Khoa Du lịch và Khách sạn,Le Ha Linh,ThS. Lê Hà Linh,Le Ha Linh M.Sc.,Le Ha Linh M.Sc.,
thanhlh@neu.edu.vn,Lê Hà Thanh,1,1973,Nữ,Phó giáo sư,,Tiến sĩ,2001,Giảng viên cao cấp (Hạng I),,"10 Đoàn Trần Nghiệp, Nguyễn Du, Hai Bà Trưng, Hà Nội",0904852604,"Khoa Môi trường, Biến đổi khí hậu và Đô thị",,"E:\NeuTech\Dữ liệu\Dữ liệu giảng viên\Trường Kinh tế và Quản lý công/Khoa Môi trường, Biến đổi khí hậu và Đô thị",Le Ha Thanh,PGS. TS. Lê Hà Thanh,Assoc. Prof. Le Ha Thanh,Assoc. Prof. Le Ha Thanh,
anhlh@neu.edu.vn,Lê Hoàng Anh,1,1990,Nam,,,Tiến sĩ,2021,Giảng viên chính (Hạng II),,"141 Lãng Yên, tổ 15B, Thanh Lương, Hai Bà Trưng, Hà Nội",,Viện Ngân hàng - Tài chính,,E:\NeuTech\Dữ liệu\Dữ liệu giảng viên\Phòng ban viện/Viện Ngân hàng - Tài chính,Le Hoang Anh,TS. Lê Hoàng Anh,Dr. Le Hoang Anh,Dr. Le Hoang Anh,
minhnguyettk@neu.edu.vn,Lê Hoàng Minh Nguyệt,1,1980,Nữ,,2008,Tiến sĩ,2023,Giảng viên chính (Hạng II),,"P603,chung cư 11 tầng, TT Cầu Diễn, Từ Liêm, Hà Nội",0983060698,Khoa Thống kê,,E:\NeuTech\Dữ liệu\Dữ liệu giảng viên\Trường Công nghệ/Khoa Thống Kê,Le Hoang Minh Nguyet,TS. Lê Hoàng Minh Nguyệt,Dr. Le Hoang Minh Nguyet,Dr. Le Hoang Minh Nguyet,
hanhhl@neu.edu.vn,Lê Hồng Hạnh,1,1983,Nữ,,,Thạc sĩ,2021,Chuyên viên,,"Phòng 327 khu tập thể Dệt Kim, Đồng Nhân, Hai Bà Trưng, Hà Nội",,Phòng Quản lý đào tạo,,E:\NeuTech\Dữ liệu\Dữ liệu giảng viên\Phòng ban viện/Phòng Quản lý đào tạo,Le Hong Hanh,ThS. Lê Hồng Hạnh,Le Hong Hanh M.Sc.,Le Hong Hanh M.Sc.,
tuyenlh@neu.edu.vn,Lê Hữu Tuyên,1,1981,Nam,,,Thạc sĩ,2016,Chuyên viên,,"3648CT12A, KĐT Kim văn-Kim lũ, Đại Kim, Hoàng Mai, Hà Nội",0914592579,Phòng Tổ chức cán bộ,,E:\NeuTech\Dữ liệu\Dữ liệu giảng viên\Phòng ban viện/Phòng tổ chức cán bộ,Le Huu Tuyen,ThS. Lê Hữu Tuyên,Le Huu Tuyen M.Sc.,Le Huu Tuyen M.Sc.,
duclh@neu.edu.vn,Lê Huy Đức,1,1957,Nam,Phó giáo sư,,Tiến sĩ,,Giảng viên cao cấp (Hạng I),,"14 ngõ 86 Đường Giáp Bát, Phường Giáp Bát, Quận Hoàng Mai, Hà Nội., Giáp Bát, Hoàng Mai, Hà Nội",0913021985,Khoa Kế hoạch và Phát triển,,E:\NeuTech\Dữ liệu\Dữ liệu giảng viên\Trường Kinh tế và Quản lý công/Khoa Kế hoạch và phát triển,Le Huy Duc,PGS. TS. Lê Huy Đức,Assoc. Prof. Le Huy Duc,Assoc. Prof. Le Huy Duc,
lehuynhmai@neu.edu.vn,Lê Huỳnh Mai,1,1982,Nữ,,,Tiến sĩ,2019,Giảng viên chính (Hạng II),,"20 tập thể viện vật lý, tổ 49, Nghĩa Đô, Cầu Giấy, Hà Nội",0912441982,Khoa Kế hoạch và Phát triển,,E:\NeuTech\Dữ liệu\Dữ liệu giảng viên\Trường Kinh tế và Quản lý công/Khoa Kế hoạch và phát triển,Le Huynh Mai,TS. Lê Huỳnh Mai,Dr. Le Huynh Mai,Dr. Le Huynh Mai,
ngoclk@neu.edu.vn,Lê Kim Ngọc,1,1976,Nữ,Phó giáo sư,,Tiến sĩ,2008,Giảng viên cao cấp (Hạng I),,"Số 195 phố Minh Khai, Minh Khai, Hai Bà Trưng, Hà Nội",0913360066,Viện Kế toán - Kiểm toán,,E:\NeuTech\Dữ liệu\Dữ liệu giảng viên\Phòng ban viện/Viện Kế toán Kiểm toán,Le Kim Ngoc,PGS. TS. Lê Kim Ngọc,Assoc. Prof. Le Kim Ngoc,Assoc. Prof. Le Kim Ngoc,
huonglm@neu.edu.vn,Lê Mai Hương,1,1980,Nữ,,,Tiến sĩ,2024,Giảng viên (Hạng III),,"Số 18 ngõ 84 phố Trần Đại Nghĩa, Đồng Tâm, Hai Bà Trưng, Hà Nội",0904837880,Khoa Kinh tế học,,E:\NeuTech\Dữ liệu\Dữ liệu giảng viên\Trường Kinh tế và Quản lý công/Khoa Kinh tế học,Le Mai Huong,TS. Lê Mai Hương,Dr. Le Mai Huong,Dr. Le Mai Huong,
giangln@neu.edu.vn,Lê Ngân Giang,1,1989,Nữ,,,,2011,Chuyên viên,,"P1601 - CT1A, chung cư Nam Đô, 609, Trương Định, Hoàng Mai, Hà Nội",,Phòng Quản lý đào tạo,,E:\NeuTech\Dữ liệu\Dữ liệu giảng viên\Phòng ban viện/Phòng Quản lý đào tạo,Le Ngan Giang,Lê Ngân Giang,Le Ngan Giang,Le Ngan Giang,
thangle@neu.edu.vn,Lê Ngọc Thăng,1,1987,Nam,,,Tiến sĩ,2021,Giảng viên chính (Hạng II),,"Căn hộ 1409_CT1, khu nhà ở quận Hoàng Mai, ngõ 885 Tam Trinh, phường Yên Sở, quận Hoàng Mai, Hà Nội, Yên Sở, Hoàng Mai, Hà Nội",0946516333,Viện Kế toán - Kiểm toán,,E:\NeuTech\Dữ liệu\Dữ liệu giảng viên\Phòng ban viện/Viện Kế toán Kiểm toán,Le Ngoc Thang,TS. Lê Ngọc Thăng,Dr. Le Ngoc Thang,Dr. Le Ngoc Thang,
thongln@neu.edu.vn,Lê Ngọc Thông,1,1958,Nam,,,Tiến sĩ,2002,Giảng viên cao cấp (Hạng I),,"Số 21 tổ 42c, Trương Định, Hai Bà Trưng, Hà Nội",0977827786,Khoa Lý luận Chính trị,,E:\NeuTech\Dữ liệu\Dữ liệu giảng viên\Trường Kinh tế và Quản lý công/Khoa LLCT,Le Ngoc Thong,TS. Lê Ngọc Thông,Dr. Le Ngoc Thong,Dr. Le Ngoc Thong,
hoalpk@neu.edu.vn,Lê Phạm Khánh Hòa,1,1986,Nam,,,Tiến sĩ,2024,Giảng viên (Hạng III),Bí thư,"33 cụm 1B, Ngõ 1, , Thanh Trì, Hà Nội",,Khoa Marketing,,E:\NeuTech\Dữ liệu\Dữ liệu giảng viên\Trường Kinh Doanh/Khoa Marketing,Le Pham Khanh Hoa,TS. Lê Phạm Khánh Hòa,Dr. Le Pham Khanh Hoa,Dr. Le Pham Khanh Hoa,
hoalp@neu.edu.vn,Lê Phan Hòa,1,1988,Nữ,,,Tiến sĩ,2023,Giảng viên (Hạng III),,"P1- C8 tập thể Đại học Kinh tế quốc dân, Đồng Tâm, Hai Bà Trưng, Hà Nội",0935698699,Khoa Quản trị kinh doanh,,E:\NeuTech\Dữ liệu\Dữ liệu giảng viên\Trường Kinh Doanh/Khoa QTKD,Le Phan Hoa,TS. Lê Phan Hòa,Dr. Le Phan Hoa,Dr. Le Phan Hoa,
chaulp@neu.edu.vn,Lê Phong Châu,1,1974,Nữ,,,Thạc sĩ,1997,Giảng viên chính (Hạng II),,"88 Võ Thị Sáu, Thanh Nhàn, HBT, Hà Nội , , ,",0904456888,Viện Ngân hàng - Tài chính,,E:\NeuTech\Dữ liệu\Dữ liệu giảng viên\Phòng ban viện/Viện Ngân hàng - Tài chính,Le Phong Chau,ThS. Lê Phong Châu,Le Phong Chau M.Sc.,Le Phong Chau M.Sc.,
anhlq@neu.edu.vn,Lê Quang Anh,1,1990,Nam,,,Thạc sĩ,2015,Giảng viên (Hạng III),,"Số 8, ngõ 4A, phố Trần Phú, Phường Máy Tơ, Quận Ngô Quyền, Hải Phòng",,Khoa Đầu tư,Quản trị chiến lược Quản trị đổi mới công nghệ,E:\NeuTech\Dữ liệu\Dữ liệu giảng viên\Trường Kinh tế và Quản lý công/Khoa Đầu tư,Le Quang Anh,ThS. Lê Quang Anh,Le Quang Anh M.Sc.,Le Quang Anh M.Sc.,
canh@neu.edu.vn,Lê Quang Cảnh,1,1975,Nam,Phó giáo sư,,Tiến sĩ,2009,Giảng viên cao cấp (Hạng I),Viện trưởng,"3-N6, Ngõ 90 Nguyễn Tuân, Thanh Xuân Trung, Thanh Xuân, Hà Nội",0947071789,Viện Phát triển bền vững,"Kinh tế ứng dụng, Kinh tế Phát triển, Kinh tế học thể chế, Dự báo Kinh tế",E:\NeuTech\Dữ liệu\Dữ liệu giảng viên\Phòng ban viện/Viện Phát triển bền vững,Le Quang Canh,PGS. TS. Lê Quang Cảnh,Assoc. Prof. Le Quang Canh,Assoc. Prof. Le Quang Canh,
dunglq@neu.edu.vn,Lê Quang Dũng,1,1983,Nam,,,Tiến sĩ,2019,Giảng viên chính (Hạng II),,"Số 11,ngõ 154 phố Chợ Khâm Thiên, Trung Phụng, Đống Đa, Hà Nội",0962299399,Viện Kế toán - Kiểm toán,,E:\NeuTech\Dữ liệu\Dữ liệu giảng viên\Phòng ban viện/Viện Kế toán Kiểm toán,Le Quang Dung,TS. Lê Quang Dũng,Dr. Le Quang Dung,Dr. Le Quang Dung,
quocanh@neu.edu.vn,Lê Quốc Anh,1,1989,Nam,,,Thạc sĩ,2012,Giảng viên chính (Hạng II),,"Số 66 Ngách 332/7 Đường Hoàng Công Chất, Bắc Từ Liêm, Hà Nội",0394338968,Viện Ngân hàng - Tài chính,,E:\NeuTech\Dữ liệu\Dữ liệu giảng viên\Phòng ban viện/Viện Ngân hàng - Tài chính,Le Quoc Anh,ThS. Lê Quốc Anh,Le Quoc Anh M.Sc.,Le Quoc Anh M.Sc.,
hoilq@neu.edu.vn,Lê Quốc Hội,1,1975,Nam,Giáo sư,2020,Tiến sĩ,2006,Giảng viên cao cấp (Hạng I),Đồng giám đốc,"Phòng 1411, Nhà G3AB, KĐT mới Yên Hòa, , Cầu Giấy, Hà Nội",0912999272,Trung tâm Pháp – Việt đào tạo về quản lý,,E:\NeuTech\Dữ liệu\Dữ liệu giảng viên\Phòng ban viện/Tạp chí Kinh tế phát triển,Le Quoc Hoi,GS. TS. Lê Quốc Hội,Prof. Le Quoc Hoi,Prof. Le Quoc Hoi,
phonglq@neu.edu.vn,Lê Quốc Phong,1,1973,Nam,,,,,Nhân viên,,"tổ 7, phường Giáp Bát, Quận Hoàng Mai, Hà Nội, Giáp Bát, Hoàng Mai, Hà Nội",,Phòng Công tác chính trị và Quản lý sinh viên,,E:\NeuTech\Dữ liệu\Dữ liệu giảng viên\Phòng ban viện/Phòng CTCT & QLSV,Le Quoc Phong,Lê Quốc Phong,Le Quoc Phong,Le Quoc Phong,
vietlq@neu.edu.vn,Lê Quốc Việt,1,1987,Nam,,,Thạc sĩ,2018,Giảng viên (Hạng III),,"Số 9 ngõ 119. Lê Thanh Nghị, Đồng Tâm, Hai Bà Trưng, Hà Nội",0916859192,Bộ môn Giáo dục thể chất,,E:\NeuTech\Dữ liệu\Dữ liệu giảng viên\Phòng ban viện/Bộ môn GDTC,Le Quoc Viet,ThS. Lê Quốc Việt,Le Quoc Viet M.Sc.,Le Quoc Viet M.Sc.,
duonglq@neu.edu.vn,Lê Quý Dương,1,1994,Nam,,,Tiến sĩ,2022,Giảng viên (Hạng III),,"Ô số 7A, KN ở Bán cho CB HVTP, Trung Hoà, Cầu Giấy, Hà Nội",0966973642,Viện Ngân hàng - Tài chính,,E:\NeuTech\Dữ liệu\Dữ liệu giảng viên\Phòng ban viện/Viện Ngân hàng - Tài chính,Le Quy Duong,TS. Lê Quý Dương,Dr. Le Quy Duong,Dr. Le Quy Duong,
lienlq@neu.edu.vn,Lê Quỳnh Liên,1,1988,Nữ,,,Tiến sĩ,2021,Giảng viên chính (Hạng II),,"P1006 Tòa N01B Chung cư K35 Tân Mai, Tương Mai, Hoàng Mai, Hà Nội",0917879989,Viện Kế toán - Kiểm toán,,E:\NeuTech\Dữ liệu\Dữ liệu giảng viên\Phòng ban viện/Viện Kế toán Kiểm toán,Le Quynh Lien,TS. Lê Quỳnh Liên,Dr. Le Quynh Lien,Dr. Le Quynh Lien,
lethanhha@neu.edu.vn,Lê Thanh Hà,1,1990,Nam,Phó giáo sư,2023,Tiến sĩ,2018,Giảng viên cao cấp (Hạng I),,"Số 9/78/63, Phố Cấm, Quận Ngô Quyền, Hải Phòng",0899464808,Khoa Kinh tế học,,E:\NeuTech\Dữ liệu\Dữ liệu giảng viên\Trường Kinh tế và Quản lý công/Khoa Kinh tế học,Le Thanh Ha,PGS. TS. Lê Thanh Hà,Assoc. Prof. Le Thanh Ha,Assoc. Prof. Le Thanh Ha,
tamlt@neu.edu.vn,Lê Thanh Tâm,1,1975,Nữ,Phó giáo sư,,Tiến sĩ,2009,Giảng viên cao cấp (Hạng I),Trưởng bộ môn,"Phòng 708 HUD3, Khu Đô thị Tây Nam Hồ Linh Đàm, Phường Hoàng Liệt. Quận Hoàng Mai, Hà nội, Phương Mai, Đống Đa, Hà Nội",,Viện Ngân hàng - Tài chính,,E:\NeuTech\Dữ liệu\Dữ liệu giảng viên\Phòng ban viện/Viện Ngân hàng - Tài chính,Le Thanh Tam,PGS. TS. Lê Thanh Tâm,Assoc. Prof. Le Thanh Tam,Assoc. Prof. Le Thanh Tam,
leanhtoankt@neu.edu.vn,Lê Thị Anh,1,1978,Nữ,,,Tiến sĩ,2020,Giảng viên chính (Hạng II),,"CT3B Văn Quán Phúc La Hà Đông, Phúc La, Hà Đông, Hà Nội",0915252208,Khoa Khoa học cơ sở,,E:\NeuTech\Dữ liệu\Dữ liệu giảng viên\Trường Công nghệ/Khoa Khoa học Cơ sở,Le Thi Anh,TS. Lê Thị Anh,Dr. Le Thi Anh,Dr. Le Thi Anh,
vanla@neu.edu.vn,Lê Thị Anh Vân,1,1963,Nữ,Phó giáo sư,2004,,2007,Giảng viên cao cấp (Hạng I),,"103 Hàng Bạc, Hàng Bạc, Hoàn Kiếm, Hà Nội",0913253737,Khoa Khoa học Quản lý,,E:\NeuTech\Dữ liệu\Dữ liệu giảng viên\Trường Kinh tế và Quản lý công/Khoa Khoa học quản lý,Le Thi Anh Van,PGS. Lê Thị Anh Vân,Assoc. Prof. Le Thi Anh Van,Assoc. Prof. Le Thi Anh Van,
hanhltb@neu.edu.vn,Lê Thị Bích Hạnh,1,1982,Nữ,,,Thạc sĩ,,Giảng viên (Hạng III),,"Phòng 1104, Nơ 10, bán đảo Linh Đàm, , Hoàng Mai, Hà Nội",0912995830,Khoa Du lịch và Khách sạn,,E:\NeuTech\Dữ liệu\Dữ liệu giảng viên\Trường Kinh Doanh/Khoa Du lịch và Khách sạn,Le Thi Bich Hanh,ThS. Lê Thị Bích Hạnh,Le Thi Bich Hanh M.Sc.,Le Thi Bich Hanh M.Sc.,
ngocvienqtkd@neu.edu.vn,Lê Thị Bích Ngọc,1,1965,Nữ,Phó giáo sư,2013,Tiến sĩ,2007,Giảng viên cao cấp (Hạng I),Trưởng bộ môn,"B8 TT Đại học kinh tế Quốc dân, Đồng Tâm, Hai Bà Trưng, Hà Nội",,Viện Quản trị kinh doanh,,E:\NeuTech\Dữ liệu\Dữ liệu giảng viên\Trường Kinh Doanh/Viện QTKD,Le Thi Bich Ngoc,PGS. TS. Lê Thị Bích Ngọc,Assoc. Prof. Le Thi Bich Ngoc,Assoc. Prof. Le Thi Bich Ngoc,
doanlt@neu.edu.vn,Lê Thị Đoan,1,1994,Nữ,,,Cử nhân,2016,Chuyên viên,,"402-17T1, Đô thị TH-NC, Trung Hoà, Cầu Giấy, Hà Nội",0978006079,Trung tâm Đào tạo từ xa,,E:\NeuTech\Dữ liệu\Dữ liệu giảng viên\Phòng ban viện/Trung tâm đào tạo từ xa,Le Thi Doan,Lê Thị Đoan,Le Thi Doan,Le Thi Doan,
dunglt@neu.edu.vn,Lê Thị Dung,1,1968,Nữ,,,Cử nhân,,Chuyên viên,Trợ lý,"P2, C2 tập thể trường đại học Kinh tế quốc dân, Đồng Tâm, Hai Bà Trưng, Hà Nội",,Khoa Quản trị kinh doanh,,E:\NeuTech\Dữ liệu\Dữ liệu giảng viên\Trường Kinh Doanh/Khoa QTKD,Le Thi Dung,Lê Thị Dung,Le Thi Dung,Le Thi Dung,
lethihoa@neu.edu.vn,Lê Thị Hoa,1,1978,Nữ,,,Tiến sĩ,2018,Giảng viên chính (Hạng II),,"số nhà 11, ngách 83, ngõ Gốc Đề, Minh Khai, Hai Bà Trưng, Hà Nội",0916447919,Khoa Lý luận Chính trị,Khoa học chính trị,E:\NeuTech\Dữ liệu\Dữ liệu giảng viên\Trường Kinh tế và Quản lý công/Khoa LLCT,Le Thi Hoa,TS. Lê Thị Hoa,Dr. Le Thi Hoa,Dr. Le Thi Hoa,
thulh@neu.edu.vn,Lê Thị Hoài Thu,1,1980,Nữ,,,Tiến sĩ,2021,Giảng viên chính (Hạng II),,", Phúc La, Hà Đông, Hà Nội",0912727529,Khoa Công nghệ thông tin,Quản lý dự ánQuản lý sự thay đổi,E:\NeuTech\Dữ liệu\Dữ liệu giảng viên\Trường Công nghệ/Khoa Công nghệ Thông tin,Le Thi Hoai Thu,TS. Lê Thị Hoài Thu,Dr. Le Thi Hoai Thu,Dr. Le Thi Hoai Thu,
,Lê Thị Hồng,1,1961,Nữ,,,Tiến sĩ,1999,Giảng viên chính (Hạng II),,"số 1/70/122 Ngõ cột cờ, Đồng Tâm, Hai Bà Trưng, Hà Nội",,Khoa Lý luận Chính trị,,E:\NeuTech\Dữ liệu\Dữ liệu giảng viên\Trường Kinh tế và Quản lý công/Khoa LLCT,Le Thi Hong,TS. Lê Thị Hồng,Dr. Le Thi Hong,Dr. Le Thi Hong,
anhlhlkt@neu.edu.vn,Lê Thị Hồng Anh,1,1970,Nữ,,,Thạc sĩ,2004,Giảng viên chính (Hạng II),,"A808, chung cư Tân Hoàng Minh 36 Hoàng Cầu, Ô Chợ Dừa, Đống Đa, Hà Nội",0913363232,Khoa Luật,,E:\NeuTech\Dữ liệu\Dữ liệu giảng viên\Trường Kinh tế và Quản lý công/Khoa Luật,Le Thi Hong Anh,ThS. Lê Thị Hồng Anh,Le Thi Hong Anh M.Sc.,Le Thi Hong Anh M.Sc.,
lanlth@neu.edu.vn,Lê Thị Hương Lan,2,1977,Nữ,,,Thạc sĩ,2009,Giảng viên (Hạng III),,"417 D2, Quỳnh Lôi, Hai Bà Trưng, Hà Nội",0913091783,Viện Đào tạo quốc tế,,E:\NeuTech\Dữ liệu\Dữ liệu giảng viên\Phòng ban viện/Viện Đào tạo Quốc tế,Le Thi Huong Lan,ThS. Lê Thị Hương Lan,Le Thi Huong Lan M.Sc.,Le Thi Huong Lan M.Sc. (IBD),(IBD)
lanlh@neu.edu.vn,Lê Thị Hương Lan,2,1972,Nữ,,,Tiến sĩ,2009,Giảng viên cao cấp (Hạng I),Phó trưởng bộ môn,"Số 10- Ngõ 31- Phố Lương Khánh Thiện, Tương Mai, Hoàng Mai, Hà Nội",0982068776,Viện Ngân hàng - Tài chính,,E:\NeuTech\Dữ liệu\Dữ liệu giảng viên\Phòng ban viện/Viện Ngân hàng - Tài chính,Le Thi Huong Lan,TS. Lê Thị Hương Lan,Dr. Le Thi Huong Lan,Dr. Le Thi Huong Lan (School of Finance and Banking),(School of Finance and Banking)
huyenle@neu.edu.vn,Lê Thị Huyền,1,1985,Nữ,,,Thạc sĩ,2010,Chuyên viên,,"Tổ 68, Phường Cẩm Tây, TX Cẩm Phả, Quảng Ninh",0988090069,Phòng Tài chính – Kế toán,,E:\NeuTech\Dữ liệu\Dữ liệu giảng viên\Phòng ban viện/Phòng Tài chính Kế toán,Le Thi Huyen,ThS. Lê Thị Huyền,Le Thi Huyen M.Sc.,Le Thi Huyen M.Sc.,
anhlk@neu.edu.vn,Lê Thị Kim Anh,1,1970,Nữ,,,Cử nhân,1998,Giảng viên chính,Trợ lý,"Nhà 60 ngõ 543, Giải Phóng, Hai Bà Trưng, Hà Nội",0972255555,Khoa Luật,,E:\NeuTech\Dữ liệu\Dữ liệu giảng viên\Trường Kinh tế và Quản lý công/Khoa Luật,Le Thi Kim Anh,Lê Thị Kim Anh,Le Thi Kim Anh,Le Thi Kim Anh,
lelanhuong@neu.edu.vn,Lê Thị Lan Hương,1,1971,Nữ,Phó giáo sư,,Tiến sĩ,2005,Giảng viên cao cấp (Hạng I),Viện trưởng,"242, Minh Khai, Hai Bà Trưng, Hà Nội",,Viện Quản trị kinh doanh,,E:\NeuTech\Dữ liệu\Dữ liệu giảng viên\Trường Kinh Doanh/Viện QTKD,Le Thi Lan Huong,PGS. TS. Lê Thị Lan Hương,Assoc. Prof. Le Thi Lan Huong,Assoc. Prof. Le Thi Lan Huong,
luonglt@neu.edu.vn,Lê Thị Lương,1,1964,Nữ,,,Cử nhân,,Văn thư,Văn thư,Điện thọai: CQ: ; Mobile:,,Viện Thương mại và Kinh tế quốc tế,,E:\NeuTech\Dữ liệu\Dữ liệu giảng viên\Trường Kinh Doanh/Viện Thương mại và Kinh tế Quốc tế,Le Thi Luong,Lê Thị Lương,Le Thi Luong,Le Thi Luong,
lanltm@neu.edu.vn,Lê Thị Mai Lan,1,1982,Nữ,,,Thạc sĩ,2007,Chuyên viên,,"Số 9 C6, Tập thể ĐH Kinh Tế Quốc Dân, Đồng Tâm, Hai Bà Trưng, Hà Nội",0816817718,Viện Quản trị kinh doanh,,E:\NeuTech\Dữ liệu\Dữ liệu giảng viên\Trường Kinh Doanh/Viện QTKD,Le Thi Mai Lan,ThS. Lê Thị Mai Lan,Le Thi Mai Lan M.Sc.,Le Thi Mai Lan M.Sc.,
linhlm@neu.edu.vn,Lê Thị Mỹ Linh,1,1964,Nữ,Phó giáo sư,2018,Tiến sĩ,2007,Giảng viên cao cấp (Hạng I),,"310 CT5 ĐN1 đô thị Định Công, Định Công, Hoàng Mai, Hà Nội",0913003492,Viện Quản trị kinh doanh,-Hành vi người tiêu dùng-Năng lực đổi mới sáng tạo-Đào tạo và phát triển,E:\NeuTech\Dữ liệu\Dữ liệu giảng viên\Trường Kinh Doanh/Viện QTKD,Le Thi My Linh,PGS. TS. Lê Thị Mỹ Linh,Assoc. Prof. Le Thi My Linh,Assoc. Prof. Le Thi My Linh,
diepln@neu.edu.vn,Lê Thị Ngọc Diệp,1,1976,Nữ,,,Thạc sĩ,2007,Giảng viên chính (Hạng II),Trưởng bộ môn,"346 Thắng Lợi, Quỳnh Lôi, Hai Bà Trưng, Hà Nội",0904118858,Khoa Ngoại ngữ kinh tế,,E:\NeuTech\Dữ liệu\Dữ liệu giảng viên\Trường Kinh tế và Quản lý công/Khoa Ngoại ngữ Kinh tế,Le Thi Ngoc Diep,ThS. Lê Thị Ngọc Diệp,Le Thi Ngoc Diep M.Sc.,Le Thi Ngoc Diep M.Sc.,
lenhu@neu.edu.vn,Lê Thị Nhu,1,1974,Nữ,,,Tiến sĩ,2018,Giảng viên chính (Hạng II),,"Số 2 ngõ 175/5/118, tổ 28, Định Công, Hoàng Mai, Hà Nội",0912390964,Viện Kế toán - Kiểm toán,,E:\NeuTech\Dữ liệu\Dữ liệu giảng viên\Phòng ban viện/Viện Kế toán Kiểm toán,Le Thi Nhu,TS. Lê Thị Nhu,Dr. Le Thi Nhu,Dr. Le Thi Nhu,
quynhln@neu.edu.vn,Lê Thị Như Quỳnh,1,1990,Nữ,,,Cử nhân,2012,Giảng viên (Hạng III),,"Tổ 14B phố Thanh Bình, Phường Thanh Miếu, TP Việt Trì, Phú Thọ",,Viện Ngân hàng - Tài chính,,E:\NeuTech\Dữ liệu\Dữ liệu giảng viên\Phòng ban viện/Viện Ngân hàng - Tài chính,Le Thi Nhu Quynh,Lê Thị Như Quỳnh,Le Thi Nhu Quynh,Le Thi Nhu Quynh,
haltt@neu.edu.vn,Lê Thị Thái Hà,1,1994,Nữ,,,Thạc sĩ,2017,Giảng viên (Hạng III),,"Tổ 7, Dịch Vọng, Cầu Giấy, Hà Nội",0911069199,Viện Thương mại và Kinh tế quốc tế,,E:\NeuTech\Dữ liệu\Dữ liệu giảng viên\Trường Kinh Doanh/Viện Thương mại và Kinh tế Quốc tế,Le Thi Thai Ha,ThS. Lê Thị Thái Hà,Le Thi Thai Ha M.Sc.,Le Thi Thai Ha M.Sc.,
thule@neu.edu.vn,Lê Thị Thư,1,1971,Nữ,,,,1998,Chuyên viên,,"Khu TT Đại học Ngoại Thương, Láng Thượng, Đống Đa, Hà Nội",,Viện Quản trị kinh doanh,,E:\NeuTech\Dữ liệu\Dữ liệu giảng viên\Trường Kinh Doanh/Viện QTKD,Le Thi Thu,Lê Thị Thư,Le Thi Thu,Le Thi Thu,
lethuha@neu.edu.vn,Lê Thị Thu Hà,2,1969,Nữ,,,Cử nhân,1997,Chuyên viên chính hạng II,,"P501- A12 tập thể ĐH KTQD, Đồng Tâm, Hai Bà Trưng, Hà Nội",0904461969,Viện Đào tạo quốc tế,,E:\NeuTech\Dữ liệu\Dữ liệu giảng viên\Phòng ban viện/Viện Đào tạo Quốc tế,Le Thi Thu Ha,Lê Thị Thu Hà,Le Thi Thu Ha,Le Thi Thu Ha (IBD),(IBD)
lthuhann@neu.edu.vn,Lê Thị Thu Hà,2,1975,Nữ,,,Thạc sĩ,2006,Giảng viên (Hạng III),,Điện thọai: CQ: ; Mobile: 0934622298,0934622298,Khoa Ngoại ngữ kinh tế,,E:\NeuTech\Dữ liệu\Dữ liệu giảng viên\Trường Kinh tế và Quản lý công/Khoa Ngoại ngữ Kinh tế,Le Thi Thu Ha,ThS. Lê Thị Thu Hà,Le Thi Thu Ha M.Sc.,Le Thi Thu Ha M.Sc. (Faculty of Foreign Languages for Economics),(Faculty of Foreign Languages for Economics)
lthuong@neu.edu.vn,Lê Thị Thu Hương,1,1980,Nữ,,,,,Chuyên viên,,"Số 3e ngách 28 ngõ tân lạc, Trương Định, Hai Bà Trưng, Hà Nội",0912375115,Viện Phát triển bền vững,,E:\NeuTech\Dữ liệu\Dữ liệu giảng viên\Phòng ban viện/Viện Phát triển bền vững,Le Thi Thu Huong,Lê Thị Thu Hương,Le Thi Thu Huong,Le Thi Thu Huong,
maile@neu.edu.vn,Lê Thị Thu Mai,1,1982,Nữ,,,Tiến sĩ,2022,Giảng viên chính (Hạng II),,"Số 2, Hẻm 53/23 Ngách 53, Ngõ Trại Cá, Trương Định, Hai Bà Trưng, Hà Nội",0946203410,Khoa Marketing,,E:\NeuTech\Dữ liệu\Dữ liệu giảng viên\Trường Kinh Doanh/Khoa Marketing,Le Thi Thu Mai,TS. Lê Thị Thu Mai,Dr. Le Thi Thu Mai,Dr. Le Thi Thu Mai,
hoalethu@neu.edu.vn,Lê Thu Hoa,1,1963,Nữ,Phó giáo sư,,Tiến sĩ,,Giảng viên cao cấp (Hạng I),,"24/98/12 phố Nguyễn Ngọc Nại, Khương Mai, Thanh Xuân, Hà Nội",0913043585,"Khoa Môi trường, Biến đổi khí hậu và Đô thị",,"E:\NeuTech\Dữ liệu\Dữ liệu giảng viên\Trường Kinh tế và Quản lý công/Khoa Môi trường, Biến đổi khí hậu và Đô thị",Le Thu Hoa,PGS. TS. Lê Thu Hoa,Assoc. Prof. Le Thu Hoa,Assoc. Prof. Le Thu Hoa,
lethuhuong@neu.edu.vn,Lê Thu Hương,1,1987,Nữ,,,Thạc sĩ,2014,Giảng viên (Hạng III),,"A12, số 90 Quán Thánh, , Ba Đình, Hà Nội",,Khoa Ngoại ngữ kinh tế,,E:\NeuTech\Dữ liệu\Dữ liệu giảng viên\Trường Kinh tế và Quản lý công/Khoa Ngoại ngữ Kinh tế,Le Thu Huong,ThS. Lê Thu Hương,Le Thu Huong M.Sc.,Le Thu Huong M.Sc.,
thuylt@neu.edu.vn,Lê Thu Thủy,1,1978,Nữ,,,Tiến sĩ,2022,Giảng viên chính (Hạng II),,"P4, C3 tập thể trường Đại học Kinh tế quốc dân, Hà Nội",0983573099,Viện Ngân hàng - Tài chính,,E:\NeuTech\Dữ liệu\Dữ liệu giảng viên\Phòng ban viện/Viện Ngân hàng - Tài chính,Le Thu Thuy,TS. Lê Thu Thủy,Dr. Le Thu Thuy,Dr. Le Thu Thuy,
lethuyduong@neu.edu.vn,Lê Thuỳ Dương,1,1977,Nữ,,,,,Giảng viên,,Điện thọai: CQ: ; Mobile:,,Viện Thương mại và Kinh tế quốc tế,,E:\NeuTech\Dữ liệu\Dữ liệu giảng viên\Trường Kinh Doanh/Viện Thương mại và Kinh tế Quốc tế,Le Thuy Duong,Lê Thuỳ Dương,Le Thuy Duong,Le Thuy Duong,
lethuyhuongmkt@neu.edu.vn,Lê Thùy Hương,1,1978,Nữ,,,Tiến sĩ,2015,Giảng viên chính (Hạng II),,"P3715B1G2 Vinhomes GreenBay, Mễ Trì, Nam Từ Liêm, Hà Nội",0914922775,Khoa Marketing,,E:\NeuTech\Dữ liệu\Dữ liệu giảng viên\Trường Kinh Doanh/Khoa Marketing,Le Thuy Huong,TS. Lê Thùy Hương,Dr. Le Thuy Huong,Dr. Le Thuy Huong,
linhlt@neu.edu.vn,Lê Thùy Linh,1,1988,Nữ,,,Thạc sĩ,2013,Giảng viên chính (Hạng II),,"P301 tổ 70 khu B1 Ngõ 195 Đội Cấn, Đội Cấn, Ba Đình, Hà Nội",,Khoa Ngoại ngữ kinh tế,,E:\NeuTech\Dữ liệu\Dữ liệu giảng viên\Trường Kinh tế và Quản lý công/Khoa Ngoại ngữ Kinh tế,Le Thuy Linh,ThS. Lê Thùy Linh,Le Thuy Linh M.Sc.,Le Thuy Linh M.Sc.,
,Lê Tố Hoa,1,1960,Nữ,,,Tiến sĩ,2003,Giảng viên chính (Hạng II),,"P35, ngách 135/1 Phố Núi Trúc, Kim Mã, Ba Đình, Hà Nội",0988624160,Khoa Kinh tế học,,E:\NeuTech\Dữ liệu\Dữ liệu giảng viên\Trường Kinh tế và Quản lý công/Khoa Kinh tế học,Le To Hoa,TS. Lê Tố Hoa,Dr. Le To Hoa,Dr. Le To Hoa,
bonlt@neu.edu.vn,Lê Trọng Bốn,1,1977,Nam,,,,1995,Nhân viên,,"Số 35 Đỗ Ngọc Du, Đồng Nhân, Hai Bà Trưng, Hà Nội",,Trung tâm Dịch vụ Hỗ trợ đào tạo,,E:\NeuTech\Dữ liệu\Dữ liệu giảng viên\Phòng ban viện/Trung tâm Dịch vụ hỗ trợ đào tạo,Le Trong Bon,Lê Trọng Bốn,Le Trong Bon,Le Trong Bon,
letrungthanh@neu.edu.vn,Lê Trung Thành,1,1968,Nam,Phó giáo sư,,Tiến sĩ,2006,Giảng viên cao cấp (Hạng I),Viện trưởng (đơn vị chức năng),"15, Ngõ 225 Phố Vọng, Đồng Tâm, Hai Bà Trưng, Hà Nội",,Viện Đào tạo quốc tế,,E:\NeuTech\Dữ liệu\Dữ liệu giảng viên\Phòng ban viện/Viện Đào tạo Quốc tế,Le Trung Thanh,PGS. TS. Lê Trung Thành,Assoc. Prof. Le Trung Thanh,Assoc. Prof. Le Trung Thanh,
anh.le@neu.edu.vn,Lê Tuấn Anh,1,1982,Nam,,,Thạc sĩ,2010,Giảng viên (Hạng III),,"Số 38, ngõ 165 phố Chợ Khâm Thiên, Trung Phụng, Đống Đa, Hà Nội",,Viện Thương mại và Kinh tế quốc tế,"Kinh tế học quốc tế, Thương mại quốc tế, Tỷ giá hối đoái, Hội nhập kinh tế quốc tế",E:\NeuTech\Dữ liệu\Dữ liệu giảng viên\Trường Kinh Doanh/Viện Thương mại và Kinh tế Quốc tế,Le Tuan Anh,ThS. Lê Tuấn Anh,Le Tuan Anh M.Sc.,Le Tuan Anh M.Sc.,
chilv@neu.edu.vn,Lê Vân Chi,1,1988,Nữ,,,Tiến sĩ,2022,Giảng viên chính (Hạng II),,"Số 21 phố Đỗ Quang, , Cầu Giấy, Hà Nội",0979171188,Viện Ngân hàng - Tài chính,,E:\NeuTech\Dữ liệu\Dữ liệu giảng viên\Phòng ban viện/Viện Ngân hàng - Tài chính,Le Van Chi,TS. Lê Vân Chi,Dr. Le Van Chi,Dr. Le Van Chi,
dunglv@neu.edu.vn,Lê Văn Dũng,1,1982,Nam,,,Cử nhân,2013,Chuyên viên,,", , ,",0904569292,Phòng Công tác chính trị và Quản lý sinh viên,,E:\NeuTech\Dữ liệu\Dữ liệu giảng viên\Phòng ban viện/Phòng CTCT & QLSV,Le Van Dung,Lê Văn Dũng,Le Van Dung,Le Van Dung,
luongle@neu.edu.vn,Lê Văn Lượng,1,1979,Nam,,,,,Chức vụ:,,"Số 9 C6 tập thể ĐHKTQD, Hà Nội",,Phòng Quản trị thiết bị,,E:\NeuTech\Dữ liệu\Dữ liệu giảng viên\Phòng ban viện/Phòng quản trị thiết bị,Le Van Luong,Lê Văn Lượng,Le Van Luong,Le Van Luong,
vannamle@neu.edu.vn,Lê Văn Nam,1,1980,Nam,,,Thạc sĩ,2007,Giảng viên (Hạng III),,"Số 4, ngõ 36/12, Phương Liệt, Thanh Xuân, Hà Nội",0913518333,Viện Quản trị kinh doanh,,E:\NeuTech\Dữ liệu\Dữ liệu giảng viên\Trường Kinh Doanh/Viện QTKD,Le Van Nam,ThS. Lê Văn Nam,Le Van Nam M.Sc.,Le Van Nam M.Sc.,
thulv@neu.edu.vn,Lê Văn Thụ,1,1964,Nam,,,Thạc sĩ,2007,Giảng viên (Hạng III),Trưởng bộ môn,"46 xóm Ăng Ten, cụm 18, , Gia Lâm, Hà Nội",0903237176,Khoa Khoa học Quản lý,,E:\NeuTech\Dữ liệu\Dữ liệu giảng viên\Trường Kinh tế và Quản lý công/Khoa Khoa học quản lý,Le Van Thu,ThS. Lê Văn Thụ,Le Van Thu M.Sc.,Le Van Thu M.Sc.,
thuylv@neu.edu.vn,Lê Việt Thủy,1,1975,Nam,,,Tiến sĩ,2007,Chuyên viên chính hạng II,Giám đốc,"34A/3 Trần Phú, Điện Biên, Ba Đình, Hà Nội",0906008489,Trung tâm Ứng dụng Công nghệ thông tin,Ngân hàng Thương mạiThương mại Điện tửQuản lý giáo dục171624841 Số CMND cũ,E:\NeuTech\Dữ liệu\Dữ liệu giảng viên\Phòng ban viện/Trung tâm ứng dụng CNTT,Le Viet Thuy,TS. Lê Việt Thủy,Dr. Le Viet Thuy,Dr. Le Viet Thuy,
tunglx@neu.edu.vn,Lê Xuân Tùng,1,1969,Nam,,,Thạc sĩ,2002,Chuyên viên,,"10A13, AZ SKY, Định Công, Hoàng Mai, Hà Nội",0979417869,Phòng Khảo thí và Đảm bảo chất lượng Giáo dục,,E:\NeuTech\Dữ liệu\Dữ liệu giảng viên\Phòng ban viện/Phòng khảo thí & DBCLGD,Le Xuan Tung,ThS. Lê Xuân Tùng,Le Xuan Tung M.Sc.,Le Xuan Tung M.Sc.,
mailb@neu.edu.vn,Lương Bích Mai,1,1986,Nữ,,,Cử nhân,2012,Nhân viên,,"P2N1 khu tập thể đoàn 5, Ao Sen, Ô Chợ Dừa, Đống Đa, Hà Nội",,Văn phòng Đảng - Đoàn thể,,E:\NeuTech\Dữ liệu\Dữ liệu giảng viên\Phòng ban viện/Văn phòng Đảng - Đoàn thể,Luong Bich Mai,Lương Bích Mai,Luong Bich Mai,Luong Bich Mai,
luonghuonggiang@neu.edu.vn,Lương Hương Giang,1,1975,Nữ,,,Tiến sĩ,2023,Giảng viên (Hạng III),Giám đốc TT thuộc Khoa,"Số 7, ngõ 103/6/1 Cù Chính Lan, Khương Mai, Thanh Xuân, Hà Nội",0988722739,Khoa Đầu tư,,E:\NeuTech\Dữ liệu\Dữ liệu giảng viên\Trường Kinh tế và Quản lý công/Khoa Đầu tư,Luong Huong Giang,TS. Lương Hương Giang,Dr. Luong Huong Giang,Dr. Luong Huong Giang,
hailn@neu.edu.vn,Lương Lê Ngọc Hải,1,1979,Nam,,,Thạc sĩ,2002,Giảng viên (Hạng III),Giảng viên,"Số 4B ngõ 254/101/24 Minh Khai, Hai Bà Trưng, Hà Nội",,Bộ môn Giáo dục thể chất,,E:\NeuTech\Dữ liệu\Dữ liệu giảng viên\Phòng ban viện/Bộ môn GDTC,Luong Le Ngoc Hai,ThS. Lương Lê Ngọc Hải,Luong Le Ngoc Hai M.Sc.,Luong Le Ngoc Hai M.Sc.,
tulm@neu.edu.vn,Lương Minh Tú,1,1991,Nam,,,Thạc sĩ,2019,Chuyên viên,,"107 ngõ 230, Định Công, Hoàng Mai, Hà Nội",0912776881,Phòng Tổ chức cán bộ,,E:\NeuTech\Dữ liệu\Dữ liệu giảng viên\Phòng ban viện/Phòng tổ chức cán bộ,Luong Minh Tu,ThS. Lương Minh Tú,Luong Minh Tu M.Sc.,Luong Minh Tu M.Sc.,
luongthaibao@neu.edu.vn,Lương Thái Bảo,1,1974,Nam,,,Tiến sĩ,,Giảng viên chính (Hạng II),Trưởng bộ môn,"P5, A3 tập thể Đại học Kinh tế quốc dân, , , Hà Nội",0908797626,Viện Ngân hàng - Tài chính,,E:\NeuTech\Dữ liệu\Dữ liệu giảng viên\Phòng ban viện/Viện Ngân hàng - Tài chính,Luong Thai Bao,TS. Lương Thái Bảo,Dr. Luong Thai Bao,Dr. Luong Thai Bao,
thult@neu.edu.vn,Lương Thị Thu,1,1977,Nữ,,,Cử nhân,2008,Chuyên viên,,"Số nhà 3b, ngõ 102, đường Trường Chinh, Đống Đa, Hà Nội",0913074673,Văn phòng Đảng - Đoàn thể,,E:\NeuTech\Dữ liệu\Dữ liệu giảng viên\Phòng ban viện/Văn phòng Đảng - Đoàn thể,Luong Thi Thu,Lương Thị Thu,Luong Thi Thu,Luong Thi Thu,
halt@neu.edu.vn,Lương Thị Thu Hà,1,1976,Nữ,,,Thạc sĩ,2006,Giảng viên chính (Hạng II),,"Phòng 1612 - Tòa A2, , Nam Từ Liêm, Hà Nội",,Khoa Luật,,E:\NeuTech\Dữ liệu\Dữ liệu giảng viên\Trường Kinh tế và Quản lý công/Khoa Luật,Luong Thi Thu Ha,ThS. Lương Thị Thu Hà,Luong Thi Thu Ha M.Sc.,Luong Thi Thu Ha M.Sc.,
hangltt@neu.edu.vn,Lương Thị Thu Hằng,1,1986,Nữ,,,Tiến sĩ,2017,Giảng viên chính (Hạng II),,"P601 N09, Trung Hoà, Cầu Giấy, Hà Nội",,Viện Ngân hàng - Tài chính,,E:\NeuTech\Dữ liệu\Dữ liệu giảng viên\Phòng ban viện/Viện Ngân hàng - Tài chính,Luong Thi Thu Hang,TS. Lương Thị Thu Hằng,Dr. Luong Thi Thu Hang,Dr. Luong Thi Thu Hang,
haluongthu@neu.edu.vn,Lương Thu Hà,1,1983,Nữ,Phó giáo sư,2024,Tiến sĩ,2015,Giảng viên cao cấp (Hạng I),Chánh văn phòng (trường thành viên),"P209/D3- Cư xá quân khu Thủ đô, ngõ 164 Vương Thừa Vũ, Thanh Xuân, Hà Nội",,Trường Kinh doanh,,"E:\NeuTech\Dữ liệu\Dữ liệu giảng viên\Phòng ban viện/Viện Đào tạo, tiên tiến, CLC và POHE",Luong Thu Ha,PGS. TS. Lương Thu Hà,Assoc. Prof. Luong Thu Ha,Assoc. Prof. Luong Thu Ha,
sonlt@neu.edu.vn,Lương Tuấn Sơn,1,1987,Nam,,,Cử nhân,2010,Giảng viên (Hạng III),,"6/29/68, Khương Hạ, Thanh Xuân, Hà Nội",0904712225,Khoa Luật,,E:\NeuTech\Dữ liệu\Dữ liệu giảng viên\Trường Kinh tế và Quản lý công/Khoa Luật,Luong Tuan Son,Lương Tuấn Sơn,Luong Tuan Son,Luong Tuan Son,
dolv@neu.edu.vn,Lương Văn Đô,1,1972,Nam,,,,2002,Chuyên viên,,Hà Nội,,Phòng Quản trị thiết bị,,E:\NeuTech\Dữ liệu\Dữ liệu giảng viên\Phòng ban viện/Phòng quản trị thiết bị,Luong Van Do,Lương Văn Đô,Luong Van Do,Luong Van Do,
longlv@neu.edu.vn,Lương Văn Long,1,1980,Nam,,,Thạc sĩ,2006,Giảng viên chính (Hạng II),,", Khương Mai, Thanh Xuân, Hà Nội",0988262337,Khoa Toán kinh tế,,E:\NeuTech\Dữ liệu\Dữ liệu giảng viên\Trường Công nghệ/Khoa Toán Kinh tế,Luong Van Long,ThS. Lương Văn Long,Luong Van Long M.Sc.,Luong Van Long M.Sc.,
thienlv@neu.edu.vn,Lương Văn Thiện,1,1992,Nam,,,Tiến sĩ,2020,Giảng viên (Hạng III),,"Vinhome Thăng Long, An Khánh, Hoài Đức, Hà Nội",0974350605,Khoa Khoa học dữ liệu và Trí tuệ nhân tạo,,E:\NeuTech\Dữ liệu\Dữ liệu giảng viên\Trường Công nghệ/Khoa KHDL và TTNT,Luong Van Thien,TS. Lương Văn Thiện,Dr. Luong Van Thien,Dr. Luong Van Thien,
anhlv@neu.edu.vn,Lương Việt Anh,1,1975,Nam,,,Thạc sĩ,,Chuyên viên,Phó trưởng khoa,"Số 10, Tẩng 11, Tòa nhà The One, Khu đô thị Gamuda, Trần Phú, Hoàng Mai, Hà Nội",0985723275,Khoa Đại học tại chức,,E:\NeuTech\Dữ liệu\Dữ liệu giảng viên\Phòng ban viện/Khoa Đại học tại chức,Luong Viet Anh,ThS. Lương Việt Anh,Luong Viet Anh M.Sc.,Luong Viet Anh M.Sc.,
tuanla@neu.edu.vn,Lưu Anh Tuấn,1,1975,Nam,,,,,Chức vụ:,,"Phú Bến, Thụy Hương, Chương Mỹ, Hà Tây",,Phòng Quản trị thiết bị,,E:\NeuTech\Dữ liệu\Dữ liệu giảng viên\Phòng ban viện/Phòng quản trị thiết bị,Luu Anh Tuan,Lưu Anh Tuấn,Luu Anh Tuan,Luu Anh Tuan,
conglc@neu.edu.vn,Lưu Chí Công,1,1991,Nam,,,Cử nhân,2014,Chuyên viên,,"Số 82 Ngõ 129, Trương Định, Hai Bà Trưng, Hà Nội",0989816006,"Trung tâm Thông tin, tư liệu, thư viện",,E:\NeuTech\Dữ liệu\Dữ liệu giảng viên\Phòng ban viện/Trung tâm thông tin thư viện,Luu Chi Cong,Lưu Chí Công,Luu Chi Cong,Luu Chi Cong,
tuanlm@neu.edu.vn,Lưu Minh Tuấn,1,1975,Nam,,,Tiến sĩ,2022,Giảng viên chính (Hạng II),Phó trưởng khoa,"Phòng A0510 tòa A, CC Green Pearl, 378 phố Minh Khai, Vĩnh Tuy, Hai Bà Trưng, Hà Nội",0904143460,Khoa Công nghệ thông tin,"- Trí tuệ nhân tạo (Học máy, học sâu, NLP).- Khoa học dữ liệu.- An toàn và bảo mật thông tin.- Công nghệ Blockchain.",E:\NeuTech\Dữ liệu\Dữ liệu giảng viên\Trường Công nghệ/Khoa Công nghệ Thông tin,Luu Minh Tuan,TS. Lưu Minh Tuấn,Dr. Luu Minh Tuan,Dr. Luu Minh Tuan,
halttcktpt@neu.edu.vn,Lưu Thanh Hà,1,1991,Nữ,,,Thạc sĩ,2016,Chuyên viên,,"05 Đình Hương, Hương Long, Phường Hàm Rồng, TP Thanh Hóa, Thanh Hóa",0366215609,Tạp chí Kinh tế và Phát triển,Quản trị kinh doanh,E:\NeuTech\Dữ liệu\Dữ liệu giảng viên\Phòng ban viện/Tạp chí Kinh tế phát triển,Luu Thanh Ha,ThS. Lưu Thanh Hà,Luu Thanh Ha M.Sc.,Luu Thanh Ha M.Sc.,
lanlt@neu.edu.vn,Lưu Thị Lan,1,1968,Nữ,,,Cử nhân,1999,Trợ lý,Trợ lý,"225 tổ 16 Mai Dịch - Cầu giấy -HN, Mai Dịch, Cầu Giấy, Hà Nội",0983611268,Khoa Ngoại ngữ kinh tế,,E:\NeuTech\Dữ liệu\Dữ liệu giảng viên\Trường Kinh tế và Quản lý công/Khoa Ngoại ngữ Kinh tế,Luu Thi Lan,Lưu Thị Lan,Luu Thi Lan,Luu Thi Lan,
hoaltm@neu.edu.vn,Lưu Thị Minh Hoa,1,1978,Nữ,,,Cử nhân,2000,Chuyên viên,,"CH 2312 Tòa P8 Time City , Mai Động, Hoàng Mai, Hà Nội",0906162611,"Trung tâm Thông tin, tư liệu, thư viện",,E:\NeuTech\Dữ liệu\Dữ liệu giảng viên\Phòng ban viện/Trung tâm thông tin thư viện,Luu Thi Minh Hoa,Lưu Thị Minh Hoa,Luu Thi Minh Hoa,Luu Thi Minh Hoa,
luuphuong@neu.edu.vn,Lưu Thị Phương,1,1988,Nữ,,,Thạc sĩ,2016,Giảng viên chính (Hạng II),,"P1608, chung cư Tháp Doanh nhân, Số 1 Thanh Bình, , Hà Đông, Hà Nội",0936714388,Khoa Kinh tế học,1. Kinh tế học – Mã số 502012. Trắc lượng Kinh tế học – Mã số 502013. Kinh tế học và kinh doanh khác – Mã số 50299,E:\NeuTech\Dữ liệu\Dữ liệu giảng viên\Trường Kinh tế và Quản lý công/Khoa Kinh tế học,Luu Thi Phuong,ThS. Lưu Thị Phương,Luu Thi Phuong M.Sc.,Luu Thi Phuong M.Sc.,
mailp@neu.edu.vn,Lưu Thị Phương Mai,1,1980,Nữ,,,Thạc sĩ,2021,Chuyên viên,,"Số 15/2 Nguyễn Ngọc Nại , Khương Mai, Thanh Xuân, Hà Nội",0903481989,Khoa Khoa học cơ sở,,E:\NeuTech\Dữ liệu\Dữ liệu giảng viên\Trường Công nghệ/Khoa Khoa học Cơ sở,Luu Thi Phuong Mai,ThS. Lưu Thị Phương Mai,Luu Thi Phuong Mai M.Sc.,Luu Thi Phuong Mai M.Sc.,
luonglv@neu.edu.vn,Lưu Vũ Lương,1,1983,Nữ,,,Thạc sĩ,2013,Giảng viên chính (Hạng II),,", , Gia Lâm, Hà Nội",0983942870,Bộ môn Giáo dục thể chất,,E:\NeuTech\Dữ liệu\Dữ liệu giảng viên\Phòng ban viện/Bộ môn GDTC,Luu Vu Luong,ThS. Lưu Vũ Lương,Luu Vu Luong M.Sc.,Luu Vu Luong M.Sc.,
yenmh@neu.edu.vn,Mạc Thị Hải Yến,1,1989,Nữ,,,Tiến sĩ,2022,Giảng viên (Hạng III),,"58A ngõ 250 Khương Trung, Khương Đình, Thanh Xuân, Hà Nội",0906258626,Khoa Khoa học Quản lý,,E:\NeuTech\Dữ liệu\Dữ liệu giảng viên\Trường Kinh tế và Quản lý công/Khoa Khoa học quản lý,Mac Thi Hai Yen,TS. Mạc Thị Hải Yến,Dr. Mac Thi Hai Yen,Dr. Mac Thi Hai Yen,
baoma@neu.edu.vn,Mai Anh Bảo,1,1981,Nam,,,Tiến sĩ,2016,Giảng viên chính (Hạng II),Phó trưởng bộ môn,"40 phố Hạ Đình, Thanh Xuân Trung, Thanh Xuân, Hà Nội",,Khoa Khoa học Quản lý,,E:\NeuTech\Dữ liệu\Dữ liệu giảng viên\Trường Kinh tế và Quản lý công/Khoa Khoa học quản lý,Mai Anh Bao,TS. Mai Anh Bảo,Dr. Mai Anh Bao,Dr. Mai Anh Bao,
tumc@neu.edu.vn,Mai Cẩm Tú,1,1984,Nữ,,,Thạc sĩ,2009,Giảng viên chính (Hạng II),,"15 ngách 40 ngõ Thống Nhất phố Đại La, , Thanh Xuân, Hà Nội",0916139059,Khoa Toán kinh tế,,E:\NeuTech\Dữ liệu\Dữ liệu giảng viên\Trường Công nghệ/Khoa Toán Kinh tế,Mai Cam Tu,ThS. Mai Cẩm Tú,Mai Cam Tu M.Sc.,Mai Cam Tu M.Sc.,
mhminh@neu.edu.vn,Mai Hà Minh,1,1984,Nữ,,,Thạc sĩ,2011,Chuyên viên,,"Số nhà 17, ngõ 333, phố Vọng, Đồng Tâm, Hai Bà Trưng, Hà Nội",,Khoa Đại học tại chức,,E:\NeuTech\Dữ liệu\Dữ liệu giảng viên\Phòng ban viện/Khoa Đại học tại chức,Mai Ha Minh,ThS. Mai Hà Minh,Mai Ha Minh M.Sc.,Mai Ha Minh M.Sc.,
huongml@neu.edu.vn,Mai Lan Hương,1,1977,Nữ,,,Tiến sĩ,2011,Giảng viên chính (Hạng II),,"Số 11N7B KĐT Trung Hòa -Nhân chính, Nhân Chính, Thanh Xuân, Hà Nội",,Khoa Lý luận Chính trị,,E:\NeuTech\Dữ liệu\Dữ liệu giảng viên\Trường Kinh tế và Quản lý công/Khoa LLCT,Mai Lan Huong,TS. Mai Lan Hương,Dr. Mai Lan Huong,Dr. Mai Lan Huong,
maingocanh@neu.edu.vn,Mai Ngọc Anh,1,1980,Nam,Phó giáo sư,2015,Tiến sĩ,2010,Giảng viên cao cấp (Hạng I),Phó trưởng khoa,"Số 1 ngõ 94 đường Trần Đại Nghĩa, Đồng Tâm, Hai Bà Trưng, Hà Nội",0904721112,Khoa Khoa học Quản lý,,E:\NeuTech\Dữ liệu\Dữ liệu giảng viên\Trường Kinh tế và Quản lý công/Khoa Khoa học quản lý,Mai Ngoc Anh,PGS. TS. Mai Ngọc Anh,Assoc. Prof. Mai Ngoc Anh,Assoc. Prof. Mai Ngoc Anh,
cuongmn@neu.edu.vn,Mai Ngọc Cường,1,1953,Nam,Giáo sư,,Tiến sĩ,1989,Giảng viên cao cấp (Hạng I),,"A14 Phòng 204 TT ĐHKTQD, Đồng Tâm, Hai Bà Trưng, Hà Nội",0913233989,Tạp chí Kinh tế và Phát triển,,E:\NeuTech\Dữ liệu\Dữ liệu giảng viên\Phòng ban viện/Tạp chí Kinh tế phát triển,Mai Ngoc Cuong,GS. TS. Mai Ngọc Cường,Prof. Mai Ngoc Cuong,Prof. Mai Ngoc Cuong,
,Mai Ngọc Lan,1,1986,Nữ,,,Tiến sĩ,,Giảng viên (Hạng III),,"P403, A3 Làng Quốc tế Thăng Long, Nghĩa Tân, Cầu Giấy, Hà Nội",,Viện Thương mại và Kinh tế quốc tế,,E:\NeuTech\Dữ liệu\Dữ liệu giảng viên\Trường Kinh Doanh/Viện Thương mại và Kinh tế Quốc tế,Mai Ngoc Lan,TS. Mai Ngọc Lan,Dr. Mai Ngoc Lan,Dr. Mai Ngoc Lan,
maiquocbao@neu.edu.vn,Mai Quốc Bảo,1,1985,Nam,,,Thạc sĩ,2010,Giảng viên chính (Hạng II),Phó trưởng bộ môn,"78C, ngách 96 ngõ Tự Do, Đồng Tâm, Hai Bà Trưng, Hà Nội",0985117548,Khoa Kinh tế và Quản lý Nguồn nhân lực,,E:\NeuTech\Dữ liệu\Dữ liệu giảng viên\Trường Kinh Doanh/Khoa Kinh tế và Quản lý nguồn nhân lực,Mai Quoc Bao,ThS. Mai Quốc Bảo,Mai Quoc Bao M.Sc.,Mai Quoc Bao M.Sc.,
cuongmt@neu.edu.vn,Mai Thế Cường,1,1975,Nam,,,Tiến sĩ,,Giảng viên chính (Hạng II),Trưởng bộ môn,"114 ngõ 97 phố Thái Thịnh, Thịnh Quang, Đống Đa, Hà Nội",0973939388,Viện Thương mại và Kinh tế quốc tế,,E:\NeuTech\Dữ liệu\Dữ liệu giảng viên\Trường Kinh Doanh/Viện Thương mại và Kinh tế Quốc tế,Mai The Cuong,TS. Mai Thế Cường,Dr. Mai The Cuong,Dr. Mai The Cuong,
hamt@neu.edu.vn,Mai Thị Thu Hà,1,1976,Nữ,,,Cử nhân,1998,Chuyên viên,,"Số 40, ngách 41/36 phố Đông Tác, Kim Liên, Đống Đa, Hà Nội",,"Trung tâm Thông tin, tư liệu, thư viện",,E:\NeuTech\Dữ liệu\Dữ liệu giảng viên\Phòng ban viện/Trung tâm thông tin thư viện,Mai Thi Thu Ha,Mai Thị Thu Hà,Mai Thi Thu Ha,Mai Thi Thu Ha,
anhmv@neu.edu.vn,Mai Vân Anh,1,1981,Nữ,,,Cử nhân,2003,Giảng viên (Hạng III),,Điện thọai: CQ: ; Mobile:,,Viện Kế toán - Kiểm toán,,E:\NeuTech\Dữ liệu\Dữ liệu giảng viên\Phòng ban viện/Viện Kế toán Kiểm toán,Mai Van Anh,Mai Vân Anh,Mai Van Anh,Mai Van Anh,
,Mai Văn Bưu,1,1954,Nam,Phó giáo sư,2002,Tiến sĩ,,Giảng viên cao cấp (Hạng I),,"93A tổ 10B, Thịnh Quang, Đống Đa, Hà Nội",,Khoa Khoa học Quản lý,,E:\NeuTech\Dữ liệu\Dữ liệu giảng viên\Trường Kinh tế và Quản lý công/Khoa Khoa học quản lý,Mai Van Buu,PGS. TS. Mai Văn Bưu,Assoc. Prof. Mai Van Buu,Assoc. Prof. Mai Van Buu,
hoanhmai@neu.edu.vn,Mai Vũ Xuân Hoành,1,1994,Nam,,,Thạc sĩ,2018,Giảng viên (Hạng III),,"Số 16 Nguyễn Hàm Ninh, Phường Đồng Mỹ, TP Đồng Hới, Quảng Bình",0866959196,Khoa Quản trị kinh doanh,,E:\NeuTech\Dữ liệu\Dữ liệu giảng viên\Trường Kinh Doanh/Khoa QTKD,Mai Vu Xuan Hoanh,ThS. Mai Vũ Xuân Hoành,Mai Vu Xuan Hoanh M.Sc.,Mai Vu Xuan Hoanh M.Sc.,
nghind@neu.edu.vn,Ngô Đức Nghị,1,1980,Nam,,,Thạc sĩ,2010,Chuyên viên chính hạng II,Phó giám đốc,"Số 12 ngõ 189/97 Hoàng Hoa Thám, , Ba Đình, Hà Nội",0912039869,Trung tâm Ứng dụng Công nghệ thông tin,,E:\NeuTech\Dữ liệu\Dữ liệu giảng viên\Phòng ban viện/Trung tâm ứng dụng CNTT,Ngo Duc Nghi,ThS. Ngô Đức Nghị,Ngo Duc Nghi M.Sc.,Ngo Duc Nghi M.Sc.,
phuongnk@neu.edu.vn,Ngô Kim Phượng,1,1996,Nữ,,,Thạc sĩ,2021,Chuyên viên,,"19A1 Đầm Trấu, Bạch Đằng, Hai Bà Trưng, Hà Nội",0944465544,"Viện Đào tạo tiên tiến, chất lượng cao và POHE",,"E:\NeuTech\Dữ liệu\Dữ liệu giảng viên\Phòng ban viện/Viện Đào tạo, tiên tiến, CLC và POHE",Ngo Kim Phuong,ThS. Ngô Kim Phượng,Ngo Kim Phuong M.Sc.,Ngo Kim Phuong M.Sc.,
,Ngô Kim Thanh,1,1957,Nữ,Phó giáo sư,,Tiến sĩ,2002,Chức vụ:,,"P8 dãy A4 tập thể đại học Kinh tế quốc dân, Đồng Tâm, Hai Bà Trưng, Hà Nội",,Bộ môn Quản trị doanh nghiệp,,E:\NeuTech\Dữ liệu\Dữ liệu giảng viên\Trường Kinh Doanh/Khoa QTKD,Ngo Kim Thanh,PGS. TS. Ngô Kim Thanh,Assoc. Prof. Ngo Kim Thanh,Assoc. Prof. Ngo Kim Thanh,
dungnq@neu.edu.vn,Ngô Quốc Dũng,1,1986,Nam,,,Tiến sĩ,2021,Giảng viên chính (Hạng II),,"Số nhà 18A, Khương Trung, Thanh Xuân, Hà Nội",0978848379,Khoa Kế hoạch và Phát triển,,E:\NeuTech\Dữ liệu\Dữ liệu giảng viên\Trường Kinh tế và Quản lý công/Khoa Kế hoạch và phát triển,Ngo Quoc Dung,TS. Ngô Quốc Dũng,Dr. Ngo Quoc Dung,Dr. Ngo Quoc Dung,
tuannq@neu.edu.vn,Ngô Quốc Tuấn,1,1960,Nam,,,,,Chức vụ:,,"Số 20 ngõ 231 đường Trần Đại Nghĩa,, Đồng Tâm, Hai Bà Trưng, Hà Nội",,Phòng Tổng hợp,,E:\NeuTech\Dữ liệu\Dữ liệu giảng viên\Phòng ban viện/Phòng tổng hợp,Ngo Quoc Tuan,Ngô Quốc Tuấn,Ngo Quoc Tuan,Ngo Quoc Tuan,
annq@neu.edu.vn,Ngô Quỳnh An,1,1973,Nữ,,,Tiến sĩ,2013,Giảng viên cao cấp (Hạng I),Phó trưởng khoa,"64 Hạ Yên, Yên Hoà, Cầu Giấy, Hà Nội",0988115626,Khoa Kinh tế và Quản lý Nguồn nhân lực,,E:\NeuTech\Dữ liệu\Dữ liệu giảng viên\Trường Kinh Doanh/Khoa Kinh tế và Quản lý nguồn nhân lực,Ngo Quynh An,TS. Ngô Quỳnh An,Dr. Ngo Quynh An,Dr. Ngo Quynh An,
hoatn@neu.edu.vn,Ngô Thái Hòa,1,1994,Nam,,,Thạc sĩ,2023,Giảng viên (Hạng III),,"79 Cầu Đông, Đồng Xuân, Hoàn Kiếm, Hà Nội",0364484536,Khoa Khoa học dữ liệu và Trí tuệ nhân tạo,,E:\NeuTech\Dữ liệu\Dữ liệu giảng viên\Trường Công nghệ/Khoa KHDL và TTNT,Ngo Thai Hoa,ThS. Ngô Thái Hòa,Ngo Thai Hoa M.Sc.,Ngo Thai Hoa M.Sc.,
loint@neu.edu.vn,Ngô Thắng Lợi,1,1958,Nam,Giáo sư,,,,Giảng viên cao cấp (Hạng I),,"căn hộ 1802, CT1, chung cư Skylight, ngõ hòa bình 6, 125D Minh Khai, Minh Khai, Hai Bà Trưng, Hà Nội",0912038389,Khoa Kế hoạch và Phát triển,,E:\NeuTech\Dữ liệu\Dữ liệu giảng viên\Trường Kinh tế và Quản lý công/Khoa Kế hoạch và phát triển,Ngo Thang Loi,GS. Ngô Thắng Lợi,Prof. Ngo Thang Loi,Prof. Ngo Thang Loi,
thanhmai@neu.edu.vn,Ngô Thanh Mai,1,1976,Nữ,,,Tiến sĩ,,Giảng viên chính (Hạng II),,"A2, lô 18, khu Đô thị mới Định Công, phường Định Công, quận Hoàng Mai, Hà Nội, Định Công, Hoàng Mai, Hà Nội",,"Khoa Môi trường, Biến đổi khí hậu và Đô thị",,"E:\NeuTech\Dữ liệu\Dữ liệu giảng viên\Trường Kinh tế và Quản lý công/Khoa Môi trường, Biến đổi khí hậu và Đô thị",Ngo Thanh Mai,TS. Ngô Thanh Mai,Dr. Ngo Thanh Mai,Dr. Ngo Thanh Mai,
xuantn@neu.edu.vn,Ngô Thanh Xuân,1,1989,Nữ,,,Thạc sĩ,,Giảng viên (Hạng III),,"Số nhà 14, ngõ 89C, phố Lý Nam Đế, Cửa Đông, Hoàn Kiếm, Hà Nội",0934559557,Viện Ngân hàng - Tài chính,,E:\NeuTech\Dữ liệu\Dữ liệu giảng viên\Phòng ban viện/Viện Ngân hàng - Tài chính,Ngo Thanh Xuan,ThS. Ngô Thanh Xuân,Ngo Thanh Xuan M.Sc.,Ngo Thanh Xuan M.Sc.,
lannh@neu.edu.vn,Ngô Thị Hồng Lan,1,1964,Nữ,,,Thạc sĩ,,Chức vụ:,,"P9E, chung cư Hancom, số 39 ngõ 603 Lạc Long Quân, Xuân La, Tây Hồ, Hà Nội",,Khoa Ngoại ngữ kinh tế,,E:\NeuTech\Dữ liệu\Dữ liệu giảng viên\Trường Kinh tế và Quản lý công/Khoa Ngoại ngữ Kinh tế,Ngo Thi Hong Lan,ThS. Ngô Thị Hồng Lan,Ngo Thi Hong Lan M.Sc.,Ngo Thi Hong Lan M.Sc.,
trangnt@neu.edu.vn,Ngô Thị Huyền Trang,1,1992,Nữ,,,Thạc sĩ,2019,Chuyên viên,,", Vĩnh Quỳnh, Thanh Trì, Hà Nội",0948862258,Phòng Hợp tác quốc tế,,E:\NeuTech\Dữ liệu\Dữ liệu giảng viên\Phòng ban viện/Phòng hợp tác quốc tế,Ngo Thi Huyen Trang,ThS. Ngô Thị Huyền Trang,Ngo Thi Huyen Trang M.Sc.,Ngo Thi Huyen Trang M.Sc.,
hangnm@neu.edu.vn,Ngô Thị Minh Hằng,1,1989,Nữ,,,Thạc sĩ,,Giảng viên (Hạng III),,"Số 3, hẻm 36, ngõ Giáp Bát, Giải Phóng, Hoàng Mai, Hà Nội",,Viện Ngân hàng - Tài chính,,E:\NeuTech\Dữ liệu\Dữ liệu giảng viên\Phòng ban viện/Viện Ngân hàng - Tài chính,Ngo Thi Minh Hang,ThS. Ngô Thị Minh Hằng,Ngo Thi Minh Hang M.Sc.,Ngo Thi Minh Hang M.Sc.,
hanhnm@neu.edu.vn,Ngô Thị Mỹ Hạnh,1,1976,Nữ,,,Thạc sĩ,2003,Giảng viên (Hạng III),,"Phòng 0306. Tòa Park 8.KĐT TimesCity , Mai Động, Hoàng Mai, Hà Nội",0943688883,Viện Thương mại và Kinh tế quốc tế,,E:\NeuTech\Dữ liệu\Dữ liệu giảng viên\Trường Kinh Doanh/Viện Thương mại và Kinh tế Quốc tế,Ngo Thi My Hanh,ThS. Ngô Thị Mỹ Hạnh,Ngo Thi My Hanh M.Sc.,Ngo Thi My Hanh M.Sc.,
thaonp@neu.edu.vn,Ngô Thị Phương Thảo,1,1977,Nữ,Phó giáo sư,2018,Tiến sĩ,2012,Giảng viên cao cấp (Hạng I),Trưởng khoa,"C32- TT14- Đô thị Văn quán, Văn Quán, Hà Đông, Hà Nội",0988567596,Khoa Bất động sản và Kinh tế Tài nguyên,,E:\NeuTech\Dữ liệu\Dữ liệu giảng viên\Trường Kinh Doanh/Khoa BĐS & KTTN,Ngo Thi Phuong Thao,PGS. TS. Ngô Thị Phương Thảo,Assoc. Prof. Ngo Thi Phuong Thao,Assoc. Prof. Ngo Thi Phuong Thao,
ngothuhuong@neu.edu.vn,Ngô Thị Thu Hương,1,1982,Nữ,,,Cử nhân,2014,Văn thư,Văn thư,"Nhà số 2 ngách 362/4 đường Giải Phóng, Thịnh Liệt, Hoàng Mai, Hà Nội",,Khoa Du lịch và Khách sạn,,E:\NeuTech\Dữ liệu\Dữ liệu giảng viên\Trường Kinh Doanh/Khoa Du lịch và Khách sạn,Ngo Thi Thu Huong,Ngô Thị Thu Hương,Ngo Thi Thu Huong,Ngo Thi Thu Huong,
ngothituyetmai@neu.edu.vn,Ngô Thị Tuyết Mai,1,1963,Nữ,Phó giáo sư,2012,Tiến sĩ,2012,Giảng viên cao cấp (Hạng I),,"Tổ 49, ngõ 402 Bạch Mai, Hà Nội",0904324282,Viện Thương mại và Kinh tế quốc tế,,E:\NeuTech\Dữ liệu\Dữ liệu giảng viên\Trường Kinh Doanh/Viện Thương mại và Kinh tế Quốc tế,Ngo Thi Tuyet Mai,PGS. TS. Ngô Thị Tuyết Mai,Assoc. Prof. Ngo Thi Tuyet Mai,Assoc. Prof. Ngo Thi Tuyet Mai,
nganv@neu.edu.vn,Ngô Thị Việt Nga,1,1979,Nữ,,,Tiến sĩ,2013,Giảng viên chính (Hạng II),,"Số 1, C9 tập thể đại học Kinh tế quốc dân, Đồng Tâm, Hai Bà Trưng, Hà Nội",0903214560,Khoa Quản trị kinh doanh,,E:\NeuTech\Dữ liệu\Dữ liệu giảng viên\Trường Kinh Doanh/Khoa QTKD,Ngo Thi Viet Nga,TS. Ngô Thị Việt Nga,Dr. Ngo Thi Viet Nga,Dr. Ngo Thi Viet Nga,
ngotuananh@neu.edu.vn,Ngô Tuấn Anh,1,1975,Nam,,,Tiến sĩ,2008,Giảng viên chính (Hạng II),,"số 7, Nhà A8. TT Văn Chương, Văn Chương, Đống Đa, Hà Nội",0926992989,Khoa Kinh tế học,,E:\NeuTech\Dữ liệu\Dữ liệu giảng viên\Trường Kinh tế và Quản lý công/Khoa Kinh tế học,Ngo Tuan Anh,TS. Ngô Tuấn Anh,Dr. Ngo Tuan Anh,Dr. Ngo Tuan Anh,
nguytrang@neu.edu.vn,Ngụy Thùy Trang,1,1979,Nữ,,,Tiến sĩ,2018,Giảng viên chính (Hạng II),Phó trưởng khoa,"P2903 West 3 Vinhomes Westpoint Đỗ Đức Dục, , Nam Từ Liêm, Hà Nội",0915484789,Khoa Ngoại ngữ kinh tế,Phương pháp giảng dạy tiếng AnhNgôn ngữ AnhQuản trị kinh doanh,E:\NeuTech\Dữ liệu\Dữ liệu giảng viên\Trường Kinh tế và Quản lý công/Khoa Ngoại ngữ Kinh tế,Nguy Thuy Trang,TS. Ngụy Thùy Trang,Dr. Nguy Thuy Trang,Dr. Nguy Thuy Trang,
duyna@neu.edu.vn,Nguyễn Anh Duy,1,1983,Nam,,,Thạc sĩ,,Chức vụ:,,Điện thọai: CQ: ; Mobile:,,Khoa Đại học tại chức,,E:\NeuTech\Dữ liệu\Dữ liệu giảng viên\Phòng ban viện/Khoa Đại học tại chức,Nguyen Anh Duy,ThS. Nguyễn Anh Duy,Nguyen Anh Duy M.Sc.,Nguyen Anh Duy M.Sc.,
minhna@neu.edu.vn,Nguyễn Anh Minh,1,1962,Nam,,,Tiến sĩ,2005,Giảng viên chính (Hạng II),,"32 ngõ 255 phố Vọng, Đồng Tâm, Hai Bà Trưng, Hà Nội",0987518314,Viện Thương mại và Kinh tế quốc tế,,E:\NeuTech\Dữ liệu\Dữ liệu giảng viên\Trường Kinh Doanh/Viện Thương mại và Kinh tế Quốc tế,Nguyen Anh Minh,TS. Nguyễn Anh Minh,Dr. Nguyen Anh Minh,Dr. Nguyen Anh Minh,
phuongna@neu.edu.vn,Nguyễn Anh Phương,1,1980,Nam,,,Thạc sĩ,2007,Giảng viên (Hạng III),Phó trưởng bộ môn,"Số 43 ngõ 93 phố 8/3, Quỳnh Mai, Hai Bà Trưng, Hà Nội",0932923329,Khoa Hệ thống thông tin quản lý,,E:\NeuTech\Dữ liệu\Dữ liệu giảng viên\Trường Công nghệ/Khoa Hệ thống Thông tin Quản lý,Nguyen Anh Phuong,ThS. Nguyễn Anh Phương,Nguyen Anh Phuong M.Sc.,Nguyen Anh Phuong M.Sc.,
,Nguyễn Anh Tú,1,1980,Nam,,,,,Nhân viên,Tổ phó,"Phòng 109B1 tập thể BLĐ, Mai Động, Hai Bà Trưng, Hà Nội",,Phòng Quản trị thiết bị,,E:\NeuTech\Dữ liệu\Dữ liệu giảng viên\Phòng ban viện/Phòng quản trị thiết bị,Nguyen Anh Tu,Nguyễn Anh Tú,Nguyen Anh Tu,Nguyen Anh Tu,
,Nguyễn Anh Tuấn,1,1962,Nam,,,,,Nhân viên,,"P14, Nhà D1, Tập thể Đại học Kinh tế Quốc dân, Đồng Tâm, Hai Bà Trưng, Hà Nội",,Trung tâm Dịch vụ Hỗ trợ đào tạo,,E:\NeuTech\Dữ liệu\Dữ liệu giảng viên\Phòng ban viện/Trung tâm Dịch vụ hỗ trợ đào tạo,Nguyen Anh Tuan,Nguyễn Anh Tuấn,Nguyen Anh Tuan,Nguyen Anh Tuan,
hungnb@neu.edu.vn,Nguyễn Bá Hưng,1,1984,Nam,,,Thạc sĩ,2017,Chức vụ:,,Điện thọai: CQ: ; Mobile:,,Phòng Thanh tra – Pháp chế,,E:\NeuTech\Dữ liệu\Dữ liệu giảng viên\Phòng ban viện/Phòng thanh tra pháp chế,Nguyen Ba Hung,ThS. Nguyễn Bá Hưng,Nguyen Ba Hung M.Sc.,Nguyen Ba Hung M.Sc.,
nhamnb@neu.edu.vn,Nguyễn Bá Nhẫm,1,1976,Nam,,,Tiến sĩ,2020,Chuyên viên,,"Số 22 A5, Tập thể đại học KTQD, Đồng Tâm, Hai Bà Trưng, Hà Nội",,Phòng Tài chính – Kế toán,,E:\NeuTech\Dữ liệu\Dữ liệu giảng viên\Phòng ban viện/Phòng Tài chính Kế toán,Nguyen Ba Nham,TS. Nguyễn Bá Nhẫm,Dr. Nguyen Ba Nham,Dr. Nguyen Ba Nham,
,Nguyễn Bá Tiến,1,1968,Nam,,,,,Chức vụ:,,"P6, B5, Tập thể Đại học Kinh tế Quốc dân, Đồng Tâm, Hai Bà Trưng, Hà Nội",,Trung tâm Dịch vụ Hỗ trợ đào tạo,,E:\NeuTech\Dữ liệu\Dữ liệu giảng viên\Phòng ban viện/Trung tâm Dịch vụ hỗ trợ đào tạo,Nguyen Ba Tien,Nguyễn Bá Tiến,Nguyen Ba Tien,Nguyen Ba Tien,
ngoccttt@neu.edu.vn,Nguyễn Bích Ngọc,3,1990,Nữ,,,Thạc sĩ,2015,Chuyên viên,,"Số 4 ngõ 64 Trương Định, Hai Bà Trưng, Hà Nội",,"Viện Đào tạo tiên tiến, chất lượng cao và POHE",,"E:\NeuTech\Dữ liệu\Dữ liệu giảng viên\Phòng ban viện/Viện Đào tạo, tiên tiến, CLC và POHE",Nguyen Bich Ngoc,ThS. Nguyễn Bích Ngọc,Nguyen Bich Ngoc M.Sc.,Nguyen Bich Ngoc M.Sc. (AEP),(AEP)
ngocnb@neu.edu.vn,Nguyễn Bích Ngọc,3,1984,Nữ,,,Tiến sĩ,2017,Giảng viên chính (Hạng II),,"Căn hộ 15A04, Tòa nhà Rainbow Linh Đàm, Hoàng Liệt, Hoàng Mai, Hà Nội",0919956929,Viện Thương mại và Kinh tế quốc tế,,E:\NeuTech\Dữ liệu\Dữ liệu giảng viên\Trường Kinh Doanh/Viện Thương mại và Kinh tế Quốc tế,Nguyen Bich Ngoc,TS. Nguyễn Bích Ngọc,Dr. Nguyen Bich Ngoc,Dr. Nguyen Bich Ngoc (Lecturer - School of Trade .. ),(Lecturer - School of Trade .. )
bichngocktqt@neu.edu.vn,Nguyễn Bích Ngọc,3,1987,Nữ,,,Tiến sĩ,2020,Giảng viên chính (Hạng II),Phó viện trưởng,"Số 33, ngõ 43 đường Chùa Bộc, Trung Tự, Đống Đa, Hà Nội",0936500505,Viện Thương mại và Kinh tế quốc tế,,E:\NeuTech\Dữ liệu\Dữ liệu giảng viên\Trường Kinh Doanh/Viện Thương mại và Kinh tế Quốc tế,Nguyen Bich Ngoc,TS. Nguyễn Bích Ngọc,Dr. Nguyen Bich Ngoc,Dr. Nguyen Bich Ngoc (Deputy head of school of trade …),(Deputy head of school of trade …)
bichthuy@neu.edu.vn,Nguyễn Bích Thủy,1,1984,Nữ,,,Cử nhân,2008,Chuyên viên,,"P1-B8-TT ĐH KTQD, Đồng Tâm, Hai Bà Trưng, Hà Nội",,Trung tâm Đào tạo Liên tục,,E:\NeuTech\Dữ liệu\Dữ liệu giảng viên\Phòng ban viện/Trung tâm đào tạo liên tục,Nguyen Bich Thuy,Nguyễn Bích Thủy,Nguyen Bich Thuy,Nguyen Bich Thuy,
dungnc@neu.edu.vn,Nguyễn Chí Dũng,1,1981,Nam,,,Thạc sĩ,2009,Chuyên viên chính hạng II,,"T110720 Times City 458 Minh Khai, Vĩnh Tuy, Hai Bà Trưng, Hà Nội",0983396518,Phòng Quản lý khoa học,,E:\NeuTech\Dữ liệu\Dữ liệu giảng viên\Phòng ban viện/Phòng Quản lý Khoa học,Nguyen Chi Dung,ThS. Nguyễn Chí Dũng,Nguyen Chi Dung M.Sc.,Nguyen Chi Dung M.Sc.,
thiennc@neu.edu.vn,Nguyễn Chí Thiện,1,1980,Nam,,,Tiến sĩ,2018,Giảng viên chính (Hạng II),,"Số nhà 24, Liên Mạc, Từ Liêm, Hà Nội",0913375232,Khoa Lý luận Chính trị,,E:\NeuTech\Dữ liệu\Dữ liệu giảng viên\Trường Kinh tế và Quản lý công/Khoa LLCT,Nguyen Chi Thien,TS. Nguyễn Chí Thiện,Dr. Nguyen Chi Thien,Dr. Nguyen Chi Thien,
thanhnc@neu.edu.vn,Nguyễn Công Thành,1,1978,Nam,Phó giáo sư,2022,Tiến sĩ,2014,Giảng viên cao cấp (Hạng I),Trưởng bộ môn,"Số 25 ngõ 107 Đào Tấn, Ngọc Khánh, Ba Đình, Hà Nội",0944008982,"Khoa Môi trường, Biến đổi khí hậu và Đô thị",,"E:\NeuTech\Dữ liệu\Dữ liệu giảng viên\Trường Kinh tế và Quản lý công/Khoa Môi trường, Biến đổi khí hậu và Đô thị",Nguyen Cong Thanh,PGS. TS. Nguyễn Công Thành,Assoc. Prof. Nguyen Cong Thanh,Assoc. Prof. Nguyen Cong Thanh,
khoand@neu.edu.vn,Nguyễn Đăng Khoa,1,1988,Nam,,,Tiến sĩ,2023,Giảng viên chính (Hạng II),,"201 Minh Khai, căn hộ S2 - 1914, Minh Khai, Hai Bà Trưng, Hà Nội",0988071395,Khoa Thống kê,"Thống kê môi trường, Thống kê kinh tế xã hội",E:\NeuTech\Dữ liệu\Dữ liệu giảng viên\Trường Công nghệ/Khoa Thống Kê,Nguyen Dang Khoa,TS. Nguyễn Đăng Khoa,Dr. Nguyen Dang Khoa,Dr. Nguyen Dang Khoa,
nuind@neu.edu.vn,Nguyễn Đăng Núi,1,1983,Nam,,,Tiến sĩ,2014,Giảng viên chính (Hạng II),Chánh văn phòng (trường thành viên),"0709, Nhà T10, Khu đô thị Vinhomes Times City, 458 Minh Khai, Vĩnh Tuy, Hai Bà Trưng, Hà Nội",0919583221,Trường Kinh tế và Quản lý công,"Khoa học quản lý, Quản lý công, Chính sách công",E:\NeuTech\Dữ liệu\Dữ liệu giảng viên\Trường Kinh tế và Quản lý công/Khoa Khoa học quản lý,Nguyen Dang Nui,TS. Nguyễn Đăng Núi,Dr. Nguyen Dang Nui,Dr. Nguyen Dang Nui,
hangnd@neu.edu.vn,Nguyễn Diệu Hằng,1,1980,Nữ,,,Tiến sĩ,2018,Giảng viên chính (Hạng II),,"3B, ngách 279/23 đường Hoàng Mai, Hoàng Văn Thụ, Hoàng Mai, Hà Nội",0904244927,"Khoa Môi trường, Biến đổi khí hậu và Đô thị",,"E:\NeuTech\Dữ liệu\Dữ liệu giảng viên\Trường Kinh tế và Quản lý công/Khoa Môi trường, Biến đổi khí hậu và Đô thị",Nguyen Dieu Hang,TS. Nguyễn Diệu Hằng,Dr. Nguyen Dieu Hang,Dr. Nguyen Dieu Hang,
linhnd@neu.edu.vn,Nguyễn Diệu Linh,1,1980,Nữ,,,Thạc sĩ,2022,Chuyên viên,Văn thư,"P405 số 20 Nguyễn Chính Tân Mai Hoàng Mai Hà Nội , Tân Mai, Hoàng Mai, Hà Nội",0848510011,Khoa Lý luận Chính trị,,E:\NeuTech\Dữ liệu\Dữ liệu giảng viên\Trường Kinh tế và Quản lý công/Khoa LLCT,Nguyen Dieu Linh,ThS. Nguyễn Diệu Linh,Nguyen Dieu Linh M.Sc.,Nguyen Dieu Linh M.Sc.,
hieund@neu.edu.vn,Nguyễn Đình Hiệu,1,1992,Nam,,,Cử nhân,2016,Chuyên viên,,"Vũ Lạc, TP Thái Bình, Thái Bình",,Viện Đào tạo quốc tế,,E:\NeuTech\Dữ liệu\Dữ liệu giảng viên\Phòng ban viện/Viện Đào tạo Quốc tế,Nguyen Dinh Hieu,Nguyễn Đình Hiệu,Nguyen Dinh Hieu,Nguyen Dinh Hieu,
nguyendinhtoan@neu.edu.vn,Nguyễn Đình Toàn,1,1975,Nam,Phó giáo sư,2022,Tiến sĩ,2018,Giảng viên cao cấp (Hạng I),Phó trưởng khoa,"Phòng 1602, Nhà 17T8, Nhân Chính, Thanh Xuân, Hà Nội",0983100668,Khoa Marketing,,E:\NeuTech\Dữ liệu\Dữ liệu giảng viên\Trường Kinh Doanh/Khoa Marketing,Nguyen Dinh Toan,PGS. TS. Nguyễn Đình Toàn,Assoc. Prof. Nguyen Dinh Toan,Assoc. Prof. Nguyen Dinh Toan,
trungnd@neu.edu.vn,Nguyễn Đình Trung,1,1978,Nam,,,Tiến sĩ,2012,Giảng viên chính (Hạng II),Trưởng phòng,"phòng 1204, chung cư Starlake toà nhà 901A, , Bắc Từ Liêm, Hà Nội",0913575757,Phòng Quản trị thiết bị,,E:\NeuTech\Dữ liệu\Dữ liệu giảng viên\Phòng ban viện/Phòng quản trị thiết bị,Nguyen Dinh Trung,TS. Nguyễn Đình Trung,Dr. Nguyen Dinh Trung,Dr. Nguyen Dinh Trung,
giangnd@neu.edu.vn,Nguyễn Đỗ Hương Giang,1,1980,Nữ,,,Thạc sĩ,2008,Giảng viên chính (Hạng II),,"P205, B8, Thanh Xuân Bắc, Thanh Xuân, Hà Nội",0902239813,Khoa Ngoại ngữ kinh tế,,E:\NeuTech\Dữ liệu\Dữ liệu giảng viên\Trường Kinh tế và Quản lý công/Khoa Ngoại ngữ Kinh tế,Nguyen Do Huong Giang,ThS. Nguyễn Đỗ Hương Giang,Nguyen Do Huong Giang M.Sc.,Nguyen Do Huong Giang M.Sc.,
dungnd@neu.edu.vn,Nguyễn Đức Dũng,1,1984,Nam,Phó giáo sư,2022,Tiến sĩ,2016,Giảng viên cao cấp (Hạng I),Phó trưởng bộ môn,"Park 12 19 19 Times City, Mai Động, Hoàng Mai, Hà Nội",0984380914,Viện Kế toán - Kiểm toán,,E:\NeuTech\Dữ liệu\Dữ liệu giảng viên\Phòng ban viện/Viện Kế toán Kiểm toán,Nguyen Duc Dung,PGS. TS. Nguyễn Đức Dũng,Assoc. Prof. Nguyen Duc Dung,Assoc. Prof. Nguyen Duc Dung,
nguyenduchoa@neu.edu.vn,Nguyễn Đức Hòa,1,1985,Nam,,,Tiến sĩ,2023,Giảng viên (Hạng III),,"Số 66 ngách 211/85, Khương Trung, Thanh Xuân, Hà Nội",0983020185,Viện Đào tạo Sau đại học,,E:\NeuTech\Dữ liệu\Dữ liệu giảng viên\Phòng ban viện/Viện Đào tạo sau Đại học,Nguyen Duc Hoa,TS. Nguyễn Đức Hòa,Dr. Nguyen Duc Hoa,Dr. Nguyen Duc Hoa,
ndkien@neu.edu.vn,Nguyễn Đức Kiên,2,1991,Nam,,,Thạc sĩ,2015,Giảng viên (Hạng III),,", Bồ Đề, Long Biên, Hà Nội",0983925891,Khoa Bất động sản và Kinh tế Tài nguyên,,E:\NeuTech\Dữ liệu\Dữ liệu giảng viên\Trường Kinh Doanh/Khoa BĐS & KTTN,Nguyen Duc Kien,ThS. Nguyễn Đức Kiên,Nguyen Duc Kien M.Sc.,Nguyen Duc Kien M.Sc. (Faculty of real estate and resources),(Faculty of real estate and resources)
kiennd@neu.edu.vn,Nguyễn Đức Kiên,2,1975,Nam,,,Tiến sĩ,2018,Giảng viên (Hạng III),,"2/80 Phú Viên, Bồ Đề, Long Biên, Hà Nội",0906281112,Khoa Kinh tế và Quản lý Nguồn nhân lực,,E:\NeuTech\Dữ liệu\Dữ liệu giảng viên\Trường Kinh Doanh/Khoa Kinh tế và Quản lý nguồn nhân lực,Nguyen Duc Kien,TS. Nguyễn Đức Kiên,Dr. Nguyen Duc Kien,Dr. Nguyen Duc Kien (Human resources),(Human resources)
namnd@neu.edu.vn,Nguyễn Đức Nam,1,1994,Nam,,,Tiến sĩ,2022,Giảng viên (Hạng III),,"Số 16 tầng 14 sảnh A2 Chung cư HD Mon, Mỹ Đình, Nam Từ Liêm, Hà Nội",0708396623,Khoa Khoa học cơ sở,,E:\NeuTech\Dữ liệu\Dữ liệu giảng viên\Trường Công nghệ/Khoa Khoa học Cơ sở,Nguyen Duc Nam,TS. Nguyễn Đức Nam,Dr. Nguyen Duc Nam,Dr. Nguyen Duc Nam,
nhannd@neu.edu.vn,Nguyễn Đức Nhân,1,1990,Nam,,,Thạc sĩ,2016,Giảng viên chính (Hạng II),,"Phòng 12A05, chung cư Lô II - 1, 151A, Tương Mai, Hoàng Mai, Hà Nội",0934552220,Khoa Kinh tế và Quản lý Nguồn nhân lực,,E:\NeuTech\Dữ liệu\Dữ liệu giảng viên\Trường Kinh Doanh/Khoa Kinh tế và Quản lý nguồn nhân lực,Nguyen Duc Nhan,ThS. Nguyễn Đức Nhân,Nguyen Duc Nhan M.Sc.,Nguyen Duc Nhan M.Sc.,
trind@neu.edu.vn,Nguyễn Đức Trí,1,1994,Nam,,,Cử nhân,2016,Chuyên viên,,"Số 178 Trần Đại Nghĩa, Đồng Tâm, Hai Bà Trưng, Hà Nội",0855778992,"Trung tâm Thông tin, tư liệu, thư viện",,E:\NeuTech\Dữ liệu\Dữ liệu giảng viên\Phòng ban viện/Trung tâm thông tin thư viện,Nguyen Duc Tri,Nguyễn Đức Trí,Nguyen Duc Tri,Nguyen Duc Tri,
trongnd@neu.edu.vn,Nguyễn Đức Trọng,1,1988,Nam,,,Tiến sĩ,2024,Giảng viên (Hạng III),,"C102 ngõ 76 phố Kim Mã Thượng, Cống Vị, Ba Đình, Hà Nội",0988863039,Khoa Du lịch và Khách sạn,,E:\NeuTech\Dữ liệu\Dữ liệu giảng viên\Trường Kinh Doanh/Khoa Du lịch và Khách sạn,Nguyen Duc Trong,TS. Nguyễn Đức Trọng,Dr. Nguyen Duc Trong,Dr. Nguyen Duc Trong,
haond@neu.edu.vn,Nguyễn Duy Hảo,1,1961,Nam,,,Cử nhân,1995,Trưởng xưởng in,Trưởng xưởng in,"Phòng 55, Nhà 8, Tập thể Đại học KTQD, Đồng Tâm, Hai Bà Trưng, Hà Nội",,Trung tâm Dịch vụ Hỗ trợ đào tạo,,E:\NeuTech\Dữ liệu\Dữ liệu giảng viên\Phòng ban viện/Trung tâm Dịch vụ hỗ trợ đào tạo,Nguyen Duy Hao,Nguyễn Duy Hảo,Nguyen Duy Hao,Nguyen Duy Hao,
hiepnd@neu.edu.vn,Nguyễn Duy Hiệp,1,1987,Nam,,,Cử nhân,2012,Chức vụ:,,"Xóm 2, thôn Đông Cao, Tráng Việt, Mê Linh, Hà Nội",,Trung tâm Dịch vụ Hỗ trợ đào tạo,,E:\NeuTech\Dữ liệu\Dữ liệu giảng viên\Phòng ban viện/Trung tâm Dịch vụ hỗ trợ đào tạo,Nguyen Duy Hiep,Nguyễn Duy Hiệp,Nguyen Duy Hiep,Nguyen Duy Hiep,
tuannd@neu.edu.vn,Nguyễn Duy Tuấn,1,1988,Nam,,,Thạc sĩ,,Giảng viên (Hạng III),,"66/51 Tương Mai, Giáp Bát, Hoàng Mai, Hà Nội",,Khoa Đầu tư,,E:\NeuTech\Dữ liệu\Dữ liệu giảng viên\Trường Kinh tế và Quản lý công/Khoa Đầu tư,Nguyen Duy Tuan,ThS. Nguyễn Duy Tuấn,Nguyen Duy Tuan M.Sc.,Nguyen Duy Tuan M.Sc.,
hungnh@neu.edu.vn,Nguyễn Hà Hưng,1,1981,Nam,,,Thạc sĩ,2008,Giảng viên chính (Hạng II),,"Cụm 12 thôn Thượng Hội, Tân Hội, Đan Phượng, Hà Nội",0988245666,Khoa Bất động sản và Kinh tế Tài nguyên,,E:\NeuTech\Dữ liệu\Dữ liệu giảng viên\Trường Kinh Doanh/Khoa BĐS & KTTN,Nguyen Ha Hung,ThS. Nguyễn Hà Hưng,Nguyen Ha Hung M.Sc.,Nguyen Ha Hung M.Sc.,
linhnh@neu.edu.vn,Nguyễn Hà Linh,1,1982,Nữ,,,Tiến sĩ,2018,Giảng viên (Hạng III),,"Phương Mai, Đống Đa, Hà Nội",,Viện Kế toán - Kiểm toán,,E:\NeuTech\Dữ liệu\Dữ liệu giảng viên\Phòng ban viện/Viện Kế toán Kiểm toán,Nguyen Ha Linh,TS. Nguyễn Hà Linh,Dr. Nguyen Ha Linh,Dr. Nguyen Ha Linh,
nhanh@neu.edu.vn,Nguyễn Hải Anh,1,1976,Nam,,,,,Chức vụ:,,"Phòng 11, A7, Tập thể Đại học KTQD, Đồng Tâm, Hai Bà Trưng, Hà Nội",,Trung tâm Dịch vụ Hỗ trợ đào tạo,,E:\NeuTech\Dữ liệu\Dữ liệu giảng viên\Phòng ban viện/Trung tâm Dịch vụ hỗ trợ đào tạo,Nguyen Hai Anh,Nguyễn Hải Anh,Nguyen Hai Anh,Nguyen Hai Anh,
duong79tkt@neu.edu.vn,Nguyễn Hải Dương,1,1979,Nam,,,Thạc sĩ,2007,Giảng viên (Hạng III),,"7A tổ 10, Thanh Nhàn, Hai Bà Trưng, Hà Nội",,Khoa Toán kinh tế,,E:\NeuTech\Dữ liệu\Dữ liệu giảng viên\Trường Công nghệ/Khoa Toán Kinh tế,Nguyen Hai Duong,ThS. Nguyễn Hải Dương,Nguyen Hai Duong M.Sc.,Nguyen Hai Duong M.Sc.,
namnguyenho@neu.edu.vn,Nguyễn Hồ Nam,1,1984,Nam,,,Cử nhân,2007,Giảng viên (Hạng III),,"Số 56, ngõ 12, phố Nguyễn Văn Trỗi, Thanh Xuân, Hà Nội",0975708979,Khoa Kinh tế và Quản lý Nguồn nhân lực,,E:\NeuTech\Dữ liệu\Dữ liệu giảng viên\Trường Kinh Doanh/Khoa Kinh tế và Quản lý nguồn nhân lực,Nguyen Ho Nam,Nguyễn Hồ Nam,Nguyen Ho Nam,Nguyen Ho Nam,
nhson@neu.edu.vn,Nguyễn Hoài Sơn,1,1982,Nam,,,Tiến sĩ,2019,Giảng viên chính (Hạng II),,"4/136, Phường Lạch Tray, Quận Ngô Quyền, Hải Phòng",0904025016,Khoa Kinh tế học,,E:\NeuTech\Dữ liệu\Dữ liệu giảng viên\Trường Kinh tế và Quản lý công/Khoa Kinh tế học,Nguyen Hoai Son,TS. Nguyễn Hoài Sơn,Dr. Nguyen Hoai Son,Dr. Nguyen Hoai Son,
thunh@neu.edu.vn,Nguyễn Hoài Thu,1,1983,Nữ,,,Thạc sĩ,2021,Chuyên viên,,"68 ngõ 75, đường Giải Phóng, Đồng Tâm, Hai Bà Trưng, Hà Nội",0966700786,Phòng Tổng hợp,,E:\NeuTech\Dữ liệu\Dữ liệu giảng viên\Phòng ban viện/Phòng tổng hợp,Nguyen Hoai Thu,ThS. Nguyễn Hoài Thu,Nguyen Hoai Thu M.Sc.,Nguyen Hoai Thu M.Sc.,
nhhoangnhtc@neu.edu.vn,Nguyễn Hoàng,1,1989,Nam,,,Cử nhân,2011,Giảng viên (Hạng III),,"Tổ 12, Phường Quang Trung, TP Thái Nguyên, Thái Nguyên",,Viện Ngân hàng - Tài chính,,E:\NeuTech\Dữ liệu\Dữ liệu giảng viên\Phòng ban viện/Viện Ngân hàng - Tài chính,Nguyen Hoang,Nguyễn Hoàng,Nguyen Hoang,Nguyen Hoang,
hoangha@neu.edu.vn,Nguyễn Hoàng Hà,1,1977,Nam,,,,2002,Giảng viên (Hạng III),Trưởng phòng,"68 Trần Quốc Toản, Hà Nội",,Phòng Công tác chính trị và Quản lý sinh viên,,E:\NeuTech\Dữ liệu\Dữ liệu giảng viên\Phòng ban viện/Phòng CTCT & QLSV,Nguyen Hoang Ha,Nguyễn Hoàng Hà,Nguyen Hoang Ha,Nguyen Hoang Ha,
hoangminh@neu.edu.vn,Nguyễn Hoàng Minh,1,1986,Nam,,,Thạc sĩ,,Biên tập viên,,"1b 34/84 Hoàng Cầu, Ô Chợ Dừa, Đống Đa, Hà Nội",0932286769,Tạp chí Kinh tế và Phát triển,,E:\NeuTech\Dữ liệu\Dữ liệu giảng viên\Phòng ban viện/Tạp chí Kinh tế phát triển,Nguyen Hoang Minh,ThS. Nguyễn Hoàng Minh,Nguyen Hoang Minh M.Sc.,Nguyen Hoang Minh M.Sc.,
namnh@neu.edu.vn,Nguyễn Hoàng Nam,1,1985,Nam,,,Tiến sĩ,2014,Giảng viên (Hạng III),,"Số 49, Ngõ 210 Đội Cấn, Đội Cấn, Ba Đình, Hà Nội",0932290108,"Khoa Môi trường, Biến đổi khí hậu và Đô thị",,"E:\NeuTech\Dữ liệu\Dữ liệu giảng viên\Trường Kinh tế và Quản lý công/Khoa Môi trường, Biến đổi khí hậu và Đô thị",Nguyen Hoang Nam,TS. Nguyễn Hoàng Nam,Dr. Nguyen Hoang Nam,Dr. Nguyen Hoang Nam,
oanhnh@neu.edu.vn,Nguyễn Hoàng Oanh,1,1972,Nữ,,,Tiến sĩ,2008,Giảng viên chính (Hạng II),,"P05-2420, Park Hill, Times City, Mai Động, Hoàng Mai, Hà Nội",0833515029,Khoa Kinh tế học,"Kinh tế học, Kinh tế học khu vực công, Kinh tế học giáo dục, Kinh tế học xanh",E:\NeuTech\Dữ liệu\Dữ liệu giảng viên\Trường Kinh tế và Quản lý công/Khoa Kinh tế học,Nguyen Hoang Oanh,TS. Nguyễn Hoàng Oanh,Dr. Nguyen Hoang Oanh,Dr. Nguyen Hoang Oanh,
vannh@neu.edu.vn,Nguyễn Hoàng Vân,1,1973,Nam,,,Thạc sĩ,2007,Giảng viên chính (Hạng II),Phó GĐ Trung tâm thuộc Khoa,"8B Ngõ 105, Thuỵ Khuê, Tây Hồ, Hà Nội",,Khoa Luật,,E:\NeuTech\Dữ liệu\Dữ liệu giảng viên\Trường Kinh tế và Quản lý công/Khoa Luật,Nguyen Hoang Van,ThS. Nguyễn Hoàng Vân,Nguyen Hoang Van M.Sc.,Nguyen Hoang Van M.Sc.,
hongmanh@neu.edu.vn,Nguyễn Hồng Mạnh,1,1978,Nam,,,Thạc sĩ,2008,Chuyên viên,Phó trưởng phòng,"CT1A Chung cư Nam đô- 609 Trương định - Hà Nộ, Giáp Bát, Hoàng Mai, Hà Nội",0983646263,Phòng Quản trị thiết bị,,E:\NeuTech\Dữ liệu\Dữ liệu giảng viên\Phòng ban viện/Phòng quản trị thiết bị,Nguyen Hong Manh,ThS. Nguyễn Hồng Mạnh,Nguyen Hong Manh M.Sc.,Nguyen Hong Manh M.Sc.,
minhnh@neu.edu.vn,Nguyễn Hồng Minh,1,1960,Nam,,,Tiến sĩ,,Giảng viên chính (Hạng II),,"M11/P10 TT Trương Định, Hai Bà Trưng, Hà Nội",,Khoa Đầu tư,,E:\NeuTech\Dữ liệu\Dữ liệu giảng viên\Trường Kinh tế và Quản lý công/Khoa Đầu tư,Nguyen Hong Minh,TS. Nguyễn Hồng Minh,Dr. Nguyen Hong Minh,Dr. Nguyen Hong Minh,
nhatnh@neu.edu.vn,Nguyễn Hồng Nhật,1,1980,Nam,,,Thạc sĩ,2006,Giảng viên chính (Hạng II),,", Hoàng Liệt, Hoàng Mai, Hà Nội",0986776912,Khoa Toán kinh tế,"Toán, Toán ứng dụng trong kinh tế, Kinh tế",E:\NeuTech\Dữ liệu\Dữ liệu giảng viên\Trường Công nghệ/Khoa Toán Kinh tế,Nguyen Hong Nhat,ThS. Nguyễn Hồng Nhật,Nguyen Hong Nhat M.Sc.,Nguyen Hong Nhat M.Sc.,
quannh@neu.edu.vn,Nguyễn Hồng Quân,1,1967,Nam,,,Thạc sĩ,2011,Chuyên viên chính hạng II,Trợ lý,"Số 9, ngách 94, ngõ Tự Do, phố Đại La, Đồng Tâm, Hai Bà Trưng, Hà Nội",,Khoa Hệ thống thông tin quản lý,,E:\NeuTech\Dữ liệu\Dữ liệu giảng viên\Trường Công nghệ/Khoa Hệ thống Thông tin Quản lý,Nguyen Hong Quan,ThS. Nguyễn Hồng Quân,Nguyen Hong Quan M.Sc.,Nguyen Hong Quan M.Sc.,
sonnh@neu.edu.vn,Nguyễn Hồng Sơn,1,1971,Nam,,,Tiến sĩ,2016,Giảng viên (Hạng III),Trưởng bộ môn,"Phòng 905, Nhà N03-T4, Khu Ngoại Giao Đoàn, Xuân Đỉnh, Bắc Từ Liêm, Hà Nội",0912212302,Khoa Lý luận Chính trị,,E:\NeuTech\Dữ liệu\Dữ liệu giảng viên\Trường Kinh tế và Quản lý công/Khoa LLCT,Nguyen Hong Son,TS. Nguyễn Hồng Sơn,Dr. Nguyen Hong Son,Dr. Nguyen Hong Son,
thuongnh@neu.edu.vn,Nguyễn Hồng Thương,1,1973,Nam,,,Thạc sĩ,2011,Giảng viên (Hạng III),,"Tổ 8, , Long Biên, Hà Nội",0904589998,Trung tâm Đào tạo từ xa,,E:\NeuTech\Dữ liệu\Dữ liệu giảng viên\Phòng ban viện/Trung tâm đào tạo từ xa,Nguyen Hong Thuong,ThS. Nguyễn Hồng Thương,Nguyen Hong Thuong M.Sc.,Nguyen Hong Thuong M.Sc.,
,Nguyễn Hợp Toàn,1,1954,Nam,,,Tiến sĩ,1997,Giảng viên chính (Hạng II),,"96B phố Tuệ Tĩnh, Nguyễn Du, Hai Bà Trưng, Hà Nội",,Bộ môn Pháp luật kinh doanh,,E:\NeuTech\Dữ liệu\Dữ liệu giảng viên\Trường Kinh tế và Quản lý công/Khoa Luật,Nguyen Hop Toan,TS. Nguyễn Hợp Toàn,Dr. Nguyen Hop Toan,Dr. Nguyen Hop Toan,
giangnhck@neu.edu.vn,Nguyễn Hương Giang,2,1985,Nữ,,,Thạc sĩ,2010,Giảng viên (Hạng III),,"Số 6- Ngõ 52/19 Quan Nhân , Trung Hoà, Cầu Giấy, Hà Nội",,Viện Ngân hàng - Tài chính,,E:\NeuTech\Dữ liệu\Dữ liệu giảng viên\Phòng ban viện/Viện Ngân hàng - Tài chính,Nguyen Huong Giang,ThS. Nguyễn Hương Giang,Nguyen Huong Giang M.Sc.,Nguyen Huong Giang M.Sc. (School of Finance and Banking),(School of Finance and Banking)
giangnh@neu.edu.vn,Nguyễn Hương Giang,2,1975,Nữ,,,Cử nhân,2005,Chuyên viên,,"36 ngõ 392 phố Bạch Mai, quận Hai Bà Trưng, Hà Nội, Đồng Tâm, Hai Bà Trưng, Hà Nội",0946935886,Khoa Công nghệ thông tin,,E:\NeuTech\Dữ liệu\Dữ liệu giảng viên\Trường Công nghệ/Khoa Công nghệ Thông tin,Nguyen Huong Giang,Nguyễn Hương Giang,Nguyen Huong Giang,Nguyen Huong Giang (Faculty of Information Technology),(Faculty of Information Technology)
anhnh@neu.edu.vn,Nguyễn Hữu Ánh,1,1973,Nam,Giáo sư,2022,Tiến sĩ,2008,Giảng viên cao cấp (Hạng I),Viện trưởng,"60 Hàng Bè, Hoàn Kiếm, Hà Nội",,Viện Kế toán - Kiểm toán,,E:\NeuTech\Dữ liệu\Dữ liệu giảng viên\Phòng ban viện/Viện Kế toán Kiểm toán,Nguyen Huu Anh,GS. TS. Nguyễn Hữu Ánh,Prof. Nguyen Huu Anh,Prof. Nguyen Huu Anh,
congnh@neu.edu.vn,Nguyễn Hữu Công,1,1960,Nam,,,Tiến sĩ,2000,Giảng viên chính (Hạng II),,"Số nhà 18 ngõ 604/49 Ngọc Thụy, Ngọc Thuỵ, Long Biên, Hà Nội",0982192458,Khoa Lý luận Chính trị,,E:\NeuTech\Dữ liệu\Dữ liệu giảng viên\Trường Kinh tế và Quản lý công/Khoa LLCT,Nguyen Huu Cong,TS. Nguyễn Hữu Công,Dr. Nguyen Huu Cong,Dr. Nguyen Huu Cong,
khoanhd@neu.edu.vn,Nguyễn Hữu Đăng Khoa,1,1982,Nam,,,Thạc sĩ,2010,Giảng viên,,"Nguyễn Lam, Phúc Đồng, Long Biên, Hà Nội",0902448985,Khoa Marketing,,E:\NeuTech\Dữ liệu\Dữ liệu giảng viên\Trường Kinh Doanh/Khoa Marketing,Nguyen Huu Dang Khoa,ThS. Nguyễn Hữu Đăng Khoa,Nguyen Huu Dang Khoa M.Sc.,Nguyen Huu Dang Khoa M.Sc.,
doannh@neu.edu.vn,Nguyễn Hữu Đoàn,1,1957,Nam,,,Tiến sĩ,2009,Chức vụ:,,Điện thọai: CQ: ; Mobile:,,Bộ môn Kinh tế và Quản lý đô thị,,"E:\NeuTech\Dữ liệu\Dữ liệu giảng viên\Trường Kinh tế và Quản lý công/Khoa Môi trường, Biến đổi khí hậu và Đô thị",Nguyen Huu Doan,TS. Nguyễn Hữu Đoàn,Dr. Nguyen Huu Doan,Dr. Nguyen Huu Doan,
dongnh@neu.edu.vn,Nguyễn Hữu Đồng,1,1973,Nam,,,Tiến sĩ,2012,Giảng viên chính (Hạng II),Chánh văn phòng,"Nhà A6 lô C8 Khu nhà ở Cán bộ, chiến sĩ Công ty Thăng Long, Bộ Công an, Đại Kim, Hoàng Mai, Hà Nội",0904131173,Văn phòng Đảng - Đoàn thể,,E:\NeuTech\Dữ liệu\Dữ liệu giảng viên\Phòng ban viện/Văn phòng Đảng - Đoàn thể,Nguyen Huu Dong,TS. Nguyễn Hữu Đồng,Dr. Nguyen Huu Dong,Dr. Nguyen Huu Dong,
nguyen.huudung@neu.edu.vn,Nguyễn Hữu Dũng,1,1978,Nam,,,Tiến sĩ,,Giảng viên chính (Hạng II),Trưởng bộ môn,Điện thọai: CQ: ; Mobile: 0961151148,0961151148,Khoa Bất động sản và Kinh tế Tài nguyên,,E:\NeuTech\Dữ liệu\Dữ liệu giảng viên\Trường Kinh Doanh/Khoa BĐS & KTTN,Nguyen Huu Dung,TS. Nguyễn Hữu Dũng,Dr. Nguyen Huu Dung,Dr. Nguyen Huu Dung,
,Nguyễn Hữu Hưng,1,1982,Nam,,,,2001,Chức vụ:,,"Bệnh viện tâm thần trung ương Thường Tín, Hà Nội",,Phòng Quản trị thiết bị,,E:\NeuTech\Dữ liệu\Dữ liệu giảng viên\Phòng ban viện/Phòng quản trị thiết bị,Nguyen Huu Hung,Nguyễn Hữu Hưng,Nguyen Huu Hung,Nguyen Huu Hung,
manhnh@neu.edu.vn,Nguyễn Hữu Mạnh,1,1976,Nam,,,Tiến sĩ,2020,Giảng viên chính (Hạng II),Phó trưởng khoa,"4/35/91 Nguyễn Chí Thanh, Láng Hạ, Đống Đa, Hà Nội",,Khoa Luật,,E:\NeuTech\Dữ liệu\Dữ liệu giảng viên\Trường Kinh tế và Quản lý công/Khoa Luật,Nguyen Huu Manh,TS. Nguyễn Hữu Mạnh,Dr. Nguyen Huu Manh,Dr. Nguyen Huu Manh,
tiennh@neu.edu.vn,Nguyễn Huy Tiến,1,1959,Nam,,,,,Tổ trưởng,Tổ trưởng,"Ngõ 169/9 tổ 13b, Đồng Tâm, Hai Bà Trưng, Hà Nội",,Phòng Quản trị thiết bị,,E:\NeuTech\Dữ liệu\Dữ liệu giảng viên\Phòng ban viện/Phòng quản trị thiết bị,Nguyen Huy Tien,Nguyễn Huy Tiến,Nguyen Huy Tien,Nguyen Huy Tien,
trangtk@neu.edu.vn,Nguyễn Huyền Trang,1,1989,Nữ,,,Thạc sĩ,2015,Giảng viên chính (Hạng II),,"p703- tòa nhà Bình Minh - 51 phố Bồ Đề, Bồ Đề, Long Biên, Hà Nội",0904983889,Khoa Thống kê,,E:\NeuTech\Dữ liệu\Dữ liệu giảng viên\Trường Công nghệ/Khoa Thống Kê,Nguyen Huyen Trang,ThS. Nguyễn Huyền Trang,Nguyen Huyen Trang M.Sc.,Nguyen Huyen Trang M.Sc.,
nghiank@neu.edu.vn,Nguyễn Kế Nghĩa,1,1982,Nam,Phó giáo sư,2024,Tiến sĩ,2016,Giảng viên cao cấp (Hạng I),Giám đốc TT thuộc Khoa,"Số nhà 27, ngõ 104 Lê Thanh Nghị , Bách Khoa, Hai Bà Trưng, Hà Nội",0943821111,Khoa Quản trị kinh doanh,,E:\NeuTech\Dữ liệu\Dữ liệu giảng viên\Trường Kinh Doanh/Khoa QTKD,Nguyen Ke Nghia,PGS. TS. Nguyễn Kế Nghĩa,Assoc. Prof. Nguyen Ke Nghia,Assoc. Prof. Nguyen Ke Nghia,
chink@neu.edu.vn,Nguyễn Khánh Chi,1,1991,Nữ,,,Thạc sĩ,2015,Văn thư,Văn thư,"22, ngõ 231 Trần Đại Nghĩa, Đồng Tâm, Hai Bà Trưng, Hà Nội",0945200991,Khoa Khoa học Quản lý,,E:\NeuTech\Dữ liệu\Dữ liệu giảng viên\Trường Kinh tế và Quản lý công/Khoa Khoa học quản lý,Nguyen Khanh Chi,ThS. Nguyễn Khánh Chi,Nguyen Khanh Chi M.Sc.,Nguyen Khanh Chi M.Sc.,
saonk@neu.edu.vn,Nguyễn Kiêm Sao,1,1985,Nam,,,Thạc sĩ,2016,Giảng viên chính (Hạng II),,", Bình Minh, Thanh Oai, Hà Nội",0326236789,Bộ môn Giáo dục thể chất,,E:\NeuTech\Dữ liệu\Dữ liệu giảng viên\Phòng ban viện/Bộ môn GDTC,Nguyen Kiem Sao,ThS. Nguyễn Kiêm Sao,Nguyen Kiem Sao M.Sc.,Nguyen Kiem Sao M.Sc.,
anhnk@neu.edu.vn,Nguyễn Kim Ánh,1,1967,Nữ,,,,1984,Văn thư,Văn thư,Điện thọai: CQ: ; Mobile: 0917398589,0917398589,Khoa Kinh tế học,,E:\NeuTech\Dữ liệu\Dữ liệu giảng viên\Trường Kinh tế và Quản lý công/Khoa Kinh tế học,Nguyen Kim Anh,Nguyễn Kim Ánh,Nguyen Kim Anh,Nguyen Kim Anh,
hoangnk@neu.edu.vn,Nguyễn Kim Hoàng,1,1976,Nam,,,Tiến sĩ,2007,Giảng viên chính (Hạng II),Trưởng bộ môn,"101 K20 Bách Khoa, Bách Khoa, Hai Bà Trưng, Hà Nội",0946631024,"Khoa Môi trường, Biến đổi khí hậu và Đô thị",,"E:\NeuTech\Dữ liệu\Dữ liệu giảng viên\Trường Kinh tế và Quản lý công/Khoa Môi trường, Biến đổi khí hậu và Đô thị",Nguyen Kim Hoang,TS. Nguyễn Kim Hoàng,Dr. Nguyen Kim Hoang,Dr. Nguyen Kim Hoang,
soanl@neu.edu.vn,Nguyễn La Soa,1,1983,Nữ,Phó giáo sư,2023,Tiến sĩ,2017,Giảng viên cao cấp (Hạng I),,"P 1902 V4, Homecity, Trung Kính Cầu giấy Hà Nội, Yên Hoà, Cầu Giấy, Hà Nội",,Viện Kế toán - Kiểm toán,,E:\NeuTech\Dữ liệu\Dữ liệu giảng viên\Phòng ban viện/Viện Kế toán Kiểm toán,Nguyen La Soa,PGS. TS. Nguyễn La Soa,Assoc. Prof. Nguyen La Soa,Assoc. Prof. Nguyen La Soa,
ngocnl@neu.edu.vn,Nguyễn Lan Ngọc,1,1987,Nữ,,,Tiến sĩ,2023,Giảng viên (Hạng III),,"704 CT2 Chung cư Skylight, 125D Minh Khai, Minh Khai, Hai Bà Trưng, Hà Nội",0983516587,Bộ môn Kinh doanh quốc tế,Kinh doanh quốc tếQuản trị chiến lượcKhởi nghiệpĐổi mới sáng tạo,E:\NeuTech\Dữ liệu\Dữ liệu giảng viên\Trường Kinh Doanh/Viện Thương mại và Kinh tế Quốc tế,Nguyen Lan Ngoc,TS. Nguyễn Lan Ngọc,Dr. Nguyen Lan Ngoc,Dr. Nguyen Lan Ngoc,
lienhuong@neu.edu.vn,Nguyễn Liên Hương,1,1983,Nữ,,,Tiến sĩ,2021,Giảng viên chính (Hạng II),,"Số 104 ngõ Tự Do phố Đại La, Đồng Tâm, Hai Bà Trưng, Hà Nội",0917394393,Khoa Quản trị kinh doanh,,E:\NeuTech\Dữ liệu\Dữ liệu giảng viên\Trường Kinh Doanh/Khoa QTKD,Nguyen Thi Lien Huong,TS. Nguyễn Liên Hương,Dr. Nguyen Thi Lien Huong,Dr. Nguyen Thi Lien Huong,
nguyen-mai-quyen@neu.edu.vn,Nguyễn Mai Quyên,1,1980,Nữ,,,Thạc sĩ,2004,Giảng viên (Hạng III),,"A16 - Lô 3 - Khu đô thị mới Định Công, Hoàng Mai, Hà Nội",0914026515,Khoa Khoa học cơ sở,,E:\NeuTech\Dữ liệu\Dữ liệu giảng viên\Trường Công nghệ/Khoa Khoa học Cơ sở,Nguyen Mai Quyen,ThS. Nguyễn Mai Quyên,Nguyen Mai Quyen M.Sc.,Nguyen Mai Quyen M.Sc.,
thunm@neu.edu.vn,Nguyễn Mai Thu,1,1978,Nữ,,,Tiến sĩ,,Giảng viên (Hạng III),,"13 Châu Long, Trúc Bạch, Ba Đình, Hà Nội",,Viện Thương mại và Kinh tế quốc tế,,E:\NeuTech\Dữ liệu\Dữ liệu giảng viên\Trường Kinh Doanh/Viện Thương mại và Kinh tế Quốc tế,Nguyen Mai Thu,TS. Nguyễn Mai Thu,Dr. Nguyen Mai Thu,Dr. Nguyen Mai Thu,
,Nguyễn Mạnh Hùng,1,1988,Nam,,,Thạc sĩ,2010,Giảng viên (Hạng III),,"69 Cửa Nam, Cửa Nam, Hoàn Kiếm, Hà Nội",,Khoa Khoa học Quản lý,,E:\NeuTech\Dữ liệu\Dữ liệu giảng viên\Trường Kinh tế và Quản lý công/Khoa Khoa học quản lý,Nguyen Manh Hung,ThS. Nguyễn Mạnh Hùng,Nguyen Manh Hung M.Sc.,Nguyen Manh Hung M.Sc.,
thenm@neu.edu.vn,Nguyễn Mạnh Thế,1,1975,Nam,,,Tiến sĩ,2006,Giảng viên (Hạng III),Trưởng khoa,"TT Bóng Đèn Rạng Đông, tổ 26, Thanh Xuân, Hà Nội",0904620505,Khoa Toán kinh tế,,E:\NeuTech\Dữ liệu\Dữ liệu giảng viên\Trường Công nghệ/Khoa Toán Kinh tế,Nguyen Manh The,TS. Nguyễn Mạnh Thế,Dr. Nguyen Manh The,Dr. Nguyen Manh The,
minhhien@neu.edu.vn,Nguyễn Minh Hiền,1,1982,Nữ,,,Cử nhân,2004,Giảng viên (Hạng III),,"Số 2C8C tập thể ĐH KTQD, Đồng Tâm, Hai Bà Trưng, Hà Nội",0964810203,Khoa Marketing,,E:\NeuTech\Dữ liệu\Dữ liệu giảng viên\Trường Kinh Doanh/Khoa Marketing,Nguyen Minh Hien,Nguyễn Minh Hiền,Nguyen Minh Hien,Nguyen Minh Hien,
minhhoa@neu.edu.vn,Nguyễn Minh Hòa,1,1990,Nữ,,,Thạc sĩ,2015,Giảng viên (Hạng III),,"2915, R5B, Royal City, Thanh Xuân, Hà Nội",0948298618,Khoa Quản trị kinh doanh,,E:\NeuTech\Dữ liệu\Dữ liệu giảng viên\Trường Kinh Doanh/Khoa QTKD,Nguyen Minh Hoa,ThS. Nguyễn Minh Hòa,Nguyen Minh Hoa M.Sc.,Nguyen Minh Hoa M.Sc.,
hoangnm@neu.edu.vn,Nguyễn Minh Hoàng,1,1990,Nam,,,Thạc sĩ,,Chuyên viên,,"Số 8 dốc Ngọc Hà, Ngọc Hà, Ba Đình, Hà Nội",0948155566,Trung tâm Đào tạo từ xa,,E:\NeuTech\Dữ liệu\Dữ liệu giảng viên\Phòng ban viện/Trung tâm đào tạo từ xa,Nguyen Minh Hoang,ThS. Nguyễn Minh Hoàng,Nguyen Minh Hoang M.Sc.,Nguyen Minh Hoang M.Sc.,
minhngoc@neu.edu.vn,Nguyễn Minh Ngọc,2,1972,Nam,Phó giáo sư,,Tiến sĩ,2003,Phó trưởng khoa,Phó trưởng khoa,"Nhà A/10 tập thể Viện Nhi Thụy Điển, Hà Nội",,Bộ môn Kinh doanh Bất động sản,,E:\NeuTech\Dữ liệu\Dữ liệu giảng viên\Trường Kinh Doanh/Khoa BĐS & KTTN,Nguyen Minh Ngoc,PGS. TS. Nguyễn Minh Ngọc,Assoc. Prof. Nguyen Minh Ngoc,Assoc. Prof. Nguyen Minh Ngoc (Faculty of real estate and resources),(Faculty of real estate and resources)
ngocieds@neu.edu.vn,Nguyễn Minh Ngọc,2,1974,Nam,Phó giáo sư,2018,Tiến sĩ,2018,Giảng viên cao cấp (Hạng I),Trưởng bộ môn,"An Sinh, Cầu Diễn, Nam Từ Liêm, Hà Nội",0947599119,Viện Thương mại và Kinh tế quốc tế,,E:\NeuTech\Dữ liệu\Dữ liệu giảng viên\Trường Kinh Doanh/Viện Thương mại và Kinh tế Quốc tế,Nguyen Minh Ngoc,PGS. TS. Nguyễn Minh Ngọc,Assoc. Prof. Nguyen Minh Ngoc,Assoc. Prof. Nguyen Minh Ngoc (School of Trade and International Economics),(School of Trade and International Economics)
nmthu@neu.edu.vn,Nguyễn Minh Thu,1,1984,Nữ,,,Tiến sĩ,2014,Giảng viên chính (Hạng II),Trưởng bộ môn,"P41 nhà 8, tập thể ĐH KTQD, Đồng Tâm, Hai Bà Trưng, Hà Nội",0902163688,Khoa Thống kê,,E:\NeuTech\Dữ liệu\Dữ liệu giảng viên\Trường Công nghệ/Khoa Thống Kê,Nguyen Minh Thu,TS. Nguyễn Minh Thu,Dr. Nguyen Minh Thu,Dr. Nguyen Minh Thu,
minhtuan@neu.edu.vn,Nguyễn Minh Tuấn,1,1987,Nam,,,Thạc sĩ,2012,Chuyên viên,,"Số 16 ngách 34 ngõ 612 đường La Thành, Giảng Võ, Ba Đình, Hà Nội",,Viện Đào tạo quốc tế,,E:\NeuTech\Dữ liệu\Dữ liệu giảng viên\Phòng ban viện/Viện Đào tạo Quốc tế,Nguyen Minh Tuan,ThS. Nguyễn Minh Tuấn,Nguyen Minh Tuan M.Sc.,Nguyen Minh Tuan M.Sc.,
phuongnn@neu.edu.vn,Nguyễn Nam Phương,1,1964,Nữ,Phó giáo sư,2007,Tiến sĩ,2002,Giảng viên cao cấp (Hạng I),,"Số nhà 35, ngách 8 ngõ 4, Phương Mai, Đống Đa, Hà Nội",0903230314,Khoa Kinh tế và Quản lý Nguồn nhân lực,,E:\NeuTech\Dữ liệu\Dữ liệu giảng viên\Trường Kinh Doanh/Khoa Kinh tế và Quản lý nguồn nhân lực,Nguyen Nam Phuong,PGS. TS. Nguyễn Nam Phương,Assoc. Prof. Nguyen Nam Phuong,Assoc. Prof. Nguyen Nam Phuong,
nguyennghiahoang@neu.edu.vn,Nguyễn Nghĩa Hoàng,1,1979,Nam,,,Thạc sĩ,,Chuyên viên,,"Số 3 ngách 2/48 Bằng B, Hoàng Liệt, Hoàng Mai, Hà Nội",0988926926,Phòng Quản lý đào tạo,,E:\NeuTech\Dữ liệu\Dữ liệu giảng viên\Phòng ban viện/Phòng Quản lý đào tạo,Nguyen Nghia Hoang,ThS. Nguyễn Nghĩa Hoàng,Nguyen Nghia Hoang M.Sc.,Nguyen Nghia Hoang M.Sc.,
nnanh@neu.edu.vn,Nguyễn Ngọc Anh,1,1996,Nữ,,,Thạc sĩ,2019,Giảng viên,,"Căn hộ Chung Cư Số S2b0902, Tháp B (tòa S2), Dự Án Tổ Hợp Văn Phòng, Dịch Vụ Thương Mại, Căn Hộ và Khu Đỗ Xe Công Cộng, số 69b Phố Thụy Khuê, Thuỵ Khuê, Tây Hồ, Hà Nội",0916704558,Khoa Kinh tế học,,E:\NeuTech\Dữ liệu\Dữ liệu giảng viên\Trường Kinh tế và Quản lý công/Khoa Kinh tế học,Nguyen Ngoc Anh,ThS. Nguyễn Ngọc Anh,Nguyen Ngoc Anh M.Sc.,Nguyen Ngoc Anh M.Sc.,
diepnnqtkd@neu.edu.vn,Nguyễn Ngọc Điệp,1,1975,Nữ,,,Tiến sĩ,2021,Giảng viên chính (Hạng II),,"190, ngõ 271 Bùi Xương Trạch, Khương Đình, Thanh Xuân, Hà Nội",0915809259,Khoa Quản trị kinh doanh,,E:\NeuTech\Dữ liệu\Dữ liệu giảng viên\Trường Kinh Doanh/Khoa QTKD,Nguyen Ngoc Diep,TS. Nguyễn Ngọc Điệp,Dr. Nguyen Ngoc Diep,Dr. Nguyen Ngoc Diep,
dinhnn@neu.edu.vn,Nguyễn Ngọc Đính,1,1988,Nam,,,Tiến sĩ,2025,Giảng viên (Hạng III),,"58A ngõ 41, Tương Mai, Hoàng Mai, Hà Nội",0919950678,Khoa Kinh tế học,,E:\NeuTech\Dữ liệu\Dữ liệu giảng viên\Trường Kinh tế và Quản lý công/Khoa Kinh tế học,Nguyen Ngoc Dinh,TS. Nguyễn Ngọc Đính,Dr. Nguyen Ngoc Dinh,Dr. Nguyen Ngoc Dinh,
dungnn@neu.edu.vn,Nguyễn Ngọc Dung,1,1988,Nữ,,,Thạc sĩ,2018,Chuyên viên,Văn thư,"Phòng 9, Hẻm 96/42 Ngõ Tự Do, Đồng Tâm, Hai Bà Trưng, Hà Nội",,Khoa Luật,,E:\NeuTech\Dữ liệu\Dữ liệu giảng viên\Trường Kinh tế và Quản lý công/Khoa Luật,Nguyen Ngoc Dung,ThS. Nguyễn Ngọc Dung,Nguyen Ngoc Dung M.Sc.,Nguyen Ngoc Dung M.Sc.,
hiennn@neu.edu.vn,Nguyễn Ngọc Hiên,1,1989,Nữ,,,Thạc sĩ,2015,Giảng viên chính (Hạng II),,"Số nhà 21, tổ 15, Phú Lương, Hà Đông, Hà Nội",0904897389,Khoa Kinh tế và Quản lý Nguồn nhân lực,,E:\NeuTech\Dữ liệu\Dữ liệu giảng viên\Trường Kinh Doanh/Khoa Kinh tế và Quản lý nguồn nhân lực,Nguyen Ngoc Hien,ThS. Nguyễn Ngọc Hiên,Nguyen Ngoc Hien M.Sc.,Nguyen Ngoc Hien M.Sc.,
quangnn@neu.edu.vn,Nguyễn Ngọc Quang,2,1966,Nam,Phó giáo sư,,Tiến sĩ,2003,Giảng viên cao cấp (Hạng I),Trưởng bộ môn,"SN 37, ngõ 255, Phố Vọng, Đồng Tâm, Hai Bà Trưng, Hà Nội",0913057781,Viện Kế toán - Kiểm toán,,E:\NeuTech\Dữ liệu\Dữ liệu giảng viên\Phòng ban viện/Viện Kế toán Kiểm toán,Nguyen Ngoc Quang,PGS. TS. Nguyễn Ngọc Quang,Assoc. Prof. Nguyen Ngoc Quang,Assoc. Prof. Nguyen Ngoc Quang (School of Accounting and Auditing),(School of Accounting and Auditing)
quangnnmkt@neu.edu.vn,Nguyễn Ngọc Quang,2,1972,Nam,,,Tiến sĩ,2007,Giảng viên chính (Hạng II),Trưởng bộ môn,"84A Tiền Phong, Quỳnh Lôi, Hai Bà Trưng, Hà Nội",,Khoa Marketing,,E:\NeuTech\Dữ liệu\Dữ liệu giảng viên\Trường Kinh Doanh/Khoa Marketing,Nguyen Ngoc Quang,TS. Nguyễn Ngọc Quang,Dr. Nguyen Ngoc Quang,Dr. Nguyen Ngoc Quang (Marketing),(Marketing)
sonnn@neu.edu.vn,Nguyễn Ngọc Sơn,1,1971,Nam,Phó giáo sư,2009,Tiến sĩ,1999,Giảng viên cao cấp (Hạng I),Phó Hiệu trưởng (trường thành viên),"Số nhà 2 A, Đường 3.7/1 C Khu đô thị Gamuda, Yên Sở, Hoàng Mai, Hà Nội",0913366644,Trường Kinh tế và Quản lý công,"Tăng trưởng, Phát triển kinh tế và Thể chếCụm ngành và chính sách công nghiệpKế hoạch và chiến lược kinh doanh",E:\NeuTech\Dữ liệu\Dữ liệu giảng viên\Trường Kinh tế và Quản lý công/Khoa Kế hoạch và phát triển,Nguyen Ngoc Son,PGS. TS. Nguyễn Ngọc Sơn,Assoc. Prof. Nguyen Ngoc Son,Assoc. Prof. Nguyen Ngoc Son,
thangnn@neu.edu.vn,Nguyễn Ngọc Thắng,1,1973,Nam,,,,2001,Nhân viên,,"Số 30, tổ 36, Vĩnh Tuy, Hai Bà Trưng, Hà Nội",,Trung tâm Dịch vụ Hỗ trợ đào tạo,,E:\NeuTech\Dữ liệu\Dữ liệu giảng viên\Phòng ban viện/Trung tâm Dịch vụ hỗ trợ đào tạo,Nguyen Ngoc Thang,Nguyễn Ngọc Thắng,Nguyen Ngoc Thang,Nguyen Ngoc Thang,
tramnn@neu.edu.vn,Nguyễn Ngọc Trâm,1,1990,Nữ,,,Thạc sĩ,,Giảng viên chính (Hạng II),,"Phòng 2608, Parkhill 10, Timescity, Lĩnh Nam, Hoàng Mai, Hà Nội",0988580738,Viện Ngân hàng - Tài chính,,E:\NeuTech\Dữ liệu\Dữ liệu giảng viên\Phòng ban viện/Viện Ngân hàng - Tài chính,Nguyen Ngoc Tram,ThS. Nguyễn Ngọc Trâm,Nguyen Ngoc Tram M.Sc.,Nguyen Ngoc Tram M.Sc.,
tuannn@neu.edu.vn,Nguyễn Ngọc Tuấn,1,1983,Nam,,,Tiến sĩ,2021,Giảng viên (Hạng III),,"Số 6 ngõ 211/1 phố Khương Trung, Khương Trung, Thanh Xuân, Hà Nội",0949877168,Khoa Công nghệ thông tin,Quản lý dự ánCác phương pháp tiên tiến lập lịch dự án phần mềmKinh tế số,E:\NeuTech\Dữ liệu\Dữ liệu giảng viên\Trường Công nghệ/Khoa Công nghệ Thông tin,Nguyen Ngoc Tuan,TS. Nguyễn Ngọc Tuấn,Dr. Nguyen Ngoc Tuan,Dr. Nguyen Ngoc Tuan,
nhatlinhkss.nhtc@neu.edu.vn,Nguyễn Nhất Linh,1,1989,Nam,,,Cử nhân,2011,Giảng viên (Hạng III),,"Số 151A, Nguyễn Đức Cảnh, Tương Mai, Hoàng Mai, Hà Nội",0987554785,Viện Ngân hàng - Tài chính,,E:\NeuTech\Dữ liệu\Dữ liệu giảng viên\Phòng ban viện/Viện Ngân hàng - Tài chính,Nguyen Nhat Linh,Nguyễn Nhất Linh,Nguyen Nhat Linh,Nguyen Nhat Linh,
anhnp@neu.edu.vn,Nguyễn Phạm Anh,1,1976,Nam,,,Thạc sĩ,2007,Giảng viên chính (Hạng II),,"P105, M25, ngõ 34 phố Bùi Ngọc Dương, Bạch Mai, Hai Bà Trưng, Hà Nội",0983762605,Khoa Kinh tế học,Kinh tế vi mô kinh tế quản lýtài chính doanh nghiệp,E:\NeuTech\Dữ liệu\Dữ liệu giảng viên\Trường Kinh tế và Quản lý công/Khoa Kinh tế học,Nguyen Pham Anh,ThS. Nguyễn Phạm Anh,Nguyen Pham Anh M.Sc.,Nguyen Pham Anh M.Sc.,
longnguyen@neu.edu.vn,Nguyễn Phi Long,1,1976,Nam,,,Thạc sĩ,2008,Giảng viên (Hạng III),,"56a Phố Huế, Nguyễn Du, Hai Bà Trưng, Hà Nội",0948772878,Viện Kế toán - Kiểm toán,,E:\NeuTech\Dữ liệu\Dữ liệu giảng viên\Phòng ban viện/Viện Kế toán Kiểm toán,Nguyen Phi Long,ThS. Nguyễn Phi Long,Nguyen Phi Long M.Sc.,Nguyen Phi Long M.Sc.,
hainp@neu.edu.vn,Nguyễn Phúc Hải,1,1983,Nam,,,Tiến sĩ,2007,Giảng viên chính (Hạng II),,"Số 5, ngách 27 ngõ 39 Phố Lụa, , Hà Đông, Hà Nội",0987458005,Khoa Kinh tế học,,E:\NeuTech\Dữ liệu\Dữ liệu giảng viên\Trường Kinh tế và Quản lý công/Khoa Kinh tế học,Nguyen Phuc Hai,TS. Nguyễn Phúc Hải,Dr. Nguyen Phuc Hai,Dr. Nguyen Phuc Hai,
phuongdung@neu.edu.vn,Nguyễn Phương Dung,1,1986,Nữ,,,Thạc sĩ,,Chức vụ:,,"Phòng 2312, tòa Park 9, khu đô thị Timescity, Mai Động, Hoàng Mai, Hà Nội",0936040808,Trung tâm Đào tạo từ xa,,E:\NeuTech\Dữ liệu\Dữ liệu giảng viên\Phòng ban viện/Trung tâm đào tạo từ xa,Nguyen Phuong Dung,ThS. Nguyễn Phương Dung,Nguyen Phuong Dung M.Sc.,Nguyen Phuong Dung M.Sc.,
hoainp@neu.edu.vn,Nguyễn Phương Hoài,1,1976,Nữ,,,Thạc sĩ,2005,Giảng viên (Hạng III),,"Số 1. Bt 4-2 khu đô thị Trung văn -vinaconex 3, Khương Trung, Thanh Xuân, Hà Nội",0917291589,Khoa Ngoại ngữ kinh tế,,E:\NeuTech\Dữ liệu\Dữ liệu giảng viên\Trường Kinh tế và Quản lý công/Khoa Ngoại ngữ Kinh tế,Nguyen Phuong Hoai,ThS. Nguyễn Phương Hoài,Nguyen Phuong Hoai M.Sc.,Nguyen Phuong Hoai M.Sc.,
nplantkt@neu.edu.vn,Nguyễn Phương Lan,1,1976,Nữ,,,Thạc sĩ,2008,Văn thư,Văn thư,"Số nhà 98 ngách 96, ngõ Tự do, Đồng Tâm, Hai Bà Trưng, Hà Nội",0912319386,Khoa Toán kinh tế,,E:\NeuTech\Dữ liệu\Dữ liệu giảng viên\Trường Công nghệ/Khoa Toán Kinh tế,Nguyen Phuong Lan,ThS. Nguyễn Phương Lan,Nguyen Phuong Lan M.Sc.,Nguyen Phuong Lan M.Sc.,
npmai@neu.edu.vn,Nguyễn Phương Mai,1,1991,Nữ,,,Tiến sĩ,2024,Giảng viên (Hạng III),,"Times city, Mai Động, Hoàng Mai, Hà Nội",,Viện Quản trị kinh doanh,,E:\NeuTech\Dữ liệu\Dữ liệu giảng viên\Trường Kinh Doanh/Viện QTKD,Nguyen Phuong Mai,TS. Nguyễn Phương Mai,Dr. Nguyen Phuong Mai,Dr. Nguyen Phuong Mai,
namnp@neu.edu.vn,Nguyễn Phương Nam,1,1995,Nam,,,Thạc sĩ,2019,Giảng viên (Hạng III),,"Số 11 Ngõ Trần Cao Vân, Phố Huế, Hai Bà Trưng, Hà Nội",0902216874,Khoa Công nghệ thông tin,,E:\NeuTech\Dữ liệu\Dữ liệu giảng viên\Trường Công nghệ/Khoa Công nghệ Thông tin,Nguyen Phuong Nam,ThS. Nguyễn Phương Nam,Nguyen Phuong Nam M.Sc.,Nguyen Phuong Nam M.Sc.,
thanhnp@neu.edu.vn,Nguyễn Phương Thanh,1,1982,Nữ,,,Cử nhân,2006,Chuyên viên,,"28 Hàng Vôi, Lý Thái Tổ, Hoàn Kiếm, Hà Nội",0962970999,Phòng Công tác chính trị và Quản lý sinh viên,,E:\NeuTech\Dữ liệu\Dữ liệu giảng viên\Phòng ban viện/Phòng CTCT & QLSV,Nguyen Phuong Thanh,Nguyễn Phương Thanh,Nguyen Phuong Thanh,Nguyen Phuong Thanh,
thaonp42@neu.edu.vn,Nguyễn Phương Thảo,1,1987,Nữ,,,Thạc sĩ,2012,Giảng viên (Hạng III),,"04BT2 khu đô thị Pháp Vân, Hoàng Liệt, Hoàng Mai, Hà Nội",0963051387,Viện Kế toán - Kiểm toán,,E:\NeuTech\Dữ liệu\Dữ liệu giảng viên\Phòng ban viện/Viện Kế toán Kiểm toán,Nguyen Phuong Thao,ThS. Nguyễn Phương Thảo,Nguyen Phuong Thao M.Sc.,Nguyen Phuong Thao M.Sc.,
dieunq@neu.edu.vn,Nguyễn Quang Điều,1,1986,Nam,,,Thạc sĩ,,Chuyên viên,,"Số 43, ngõ 34, Đường Bình Minh, Tân Lập, Đan Phượng, Hà Nội",0912661286,Phòng Công tác chính trị và Quản lý sinh viên,,E:\NeuTech\Dữ liệu\Dữ liệu giảng viên\Phòng ban viện/Văn phòng Đảng - Đoàn thể,Nguyen Quang Dieu,ThS. Nguyễn Quang Điều,Nguyen Quang Dieu M.Sc.,Nguyen Quang Dieu M.Sc.,
dongnq@neu.edu.vn,Nguyễn Quang Dong,1,1955,Nam,Giáo sư,,Tiến sĩ,1992,Giảng viên cao cấp (Hạng I),Chủ tịch Hội Cựu chiến binh,"Nhà A4, phòng 25, Khu A, Tập thể Kinh Tế Quốc Dân, Đồng Tâm, Hai Bà Trưng, Hà Nội",0913060076,Khoa Toán kinh tế,,E:\NeuTech\Dữ liệu\Dữ liệu giảng viên\Trường Công nghệ/Khoa Toán Kinh tế,Nguyen Quang Dong,GS. TS. Nguyễn Quang Dong,Prof. Nguyen Quang Dong,Prof. Nguyen Quang Dong,
qcdung68@neu.edu.vn,Nguyễn Quang Dũng,1,1968,Nam,,,Tiến sĩ,2019,Giảng viên chính (Hạng II),Trưởng bộ môn,"225, Ngõ 211, Khương Trung, Thanh Xuân, Hà Nội",0936392828,Khoa Marketing,,E:\NeuTech\Dữ liệu\Dữ liệu giảng viên\Trường Kinh Doanh/Khoa Marketing,Nguyen Quang Dung,TS. Nguyễn Quang Dũng,Dr. Nguyen Quang Dung,Dr. Nguyen Quang Dung,
duongnq@neu.edu.vn,Nguyễn Quang Đương,1,1963,Nam,,,,,Cán sự,,"Đội 6, Hạ Hội, Tân Lập, Đan Phượng, Hà Nội",,"Trung tâm Thông tin, tư liệu, thư viện",,E:\NeuTech\Dữ liệu\Dữ liệu giảng viên\Phòng ban viện/Trung tâm thông tin thư viện,Nguyen Quang Duong,Nguyễn Quang Đương,Nguyen Quang Duong,Nguyen Quang Duong,
hongktqd@neu.edu.vn,Nguyễn Quang Hồng,1,1977,Nam,,,Thạc sĩ,2007,Giảng viên chính (Hạng II),Phó trưởng bộ môn,"Phòng 12 tầng 10 toà Park5 khu đô thị Time city, Mai Động, Hoàng Mai, Hà Nội",0983305368,"Khoa Môi trường, Biến đổi khí hậu và Đô thị",,"E:\NeuTech\Dữ liệu\Dữ liệu giảng viên\Trường Kinh tế và Quản lý công/Khoa Môi trường, Biến đổi khí hậu và Đô thị",Nguyen Quang Hong,ThS. Nguyễn Quang Hồng,Nguyen Quang Hong M.Sc.,Nguyen Quang Hong M.Sc.,
nqhungqttb@neu.edu.vn,Nguyễn Quang Hưng B,1,1973,Nam,,,,,Chức vụ:,,"Phòng 77 E5, Phương Mai, Đống Đa, Hà Nội",,Phòng Tổng hợp,,E:\NeuTech\Dữ liệu\Dữ liệu giảng viên\Phòng ban viện/Phòng tổng hợp,Nguyen Quang Hung B,Nguyễn Quang Hưng B,Nguyen Quang Hung B,Nguyen Quang Hung B,
huynqtkt@neu.edu.vn,Nguyễn Quang Huy,3,1985,Nam,,,Tiến sĩ,2015,Giảng viên (Hạng III),Hiệu trưởng (trường thành viên),"12B06, 72A Nguyễn Trãi, Thượng Đình, Thanh Xuân, Hà Nội",0917561985,Trường Công nghệ,"Monte Carlo simulation, Markov chain Monte Carlo, Rare event simulation, Dependence between random variables, Copula theory and application, Tail dependence",E:\NeuTech\Dữ liệu\Dữ liệu giảng viên\Trường Công nghệ/Khoa Toán Kinh tế,Nguyen Quang Huy,TS. Nguyễn Quang Huy,Dr. Nguyen Quang Huy,Dr. Nguyen Quang Huy (Rector of College of Technology),(Rector of College of Technology)
huyqn@neu.edu.vn,Nguyễn Quang Huy,3,1999,Nam,,,Thạc sĩ,2022,Giảng viên tập sự,,"Đông Mỹ, Thanh Trì, Hà Nội",0966624251,Viện Thương mại và Kinh tế quốc tế,,E:\NeuTech\Dữ liệu\Dữ liệu giảng viên\Trường Kinh Doanh/Viện Thương mại và Kinh tế Quốc tế,Nguyen Quang Huy,ThS. Nguyễn Quang Huy,Nguyen Quang Huy M.Sc.,Nguyen Quang Huy M.Sc. (Giảng viên tập sự viện TMKTQT),(Giảng viên tập sự viện TMKTQT)
huynq@neu.edu.vn,Nguyễn Quang Huy,3,1979,Nam,,,Thạc sĩ,2005,Giảng viên (Hạng III),,"Xóm Chùa, Văn Điển, Tứ Hiệp, Thanh Trì, Hà Nội",,Khoa Khoa học Quản lý,,E:\NeuTech\Dữ liệu\Dữ liệu giảng viên\Trường Kinh tế và Quản lý công/Khoa Khoa học quản lý,Nguyen Quang Huy,ThS. Nguyễn Quang Huy,Nguyen Quang Huy M.Sc.,Nguyen Quang Huy M.Sc. (Viện TMKTQT),(Viện TMKTQT)
quangket@neu.edu.vn,Nguyễn Quang Kết,1,1979,Nam,,,,2004,Chuyên viên,,"Phòng 1B1 tập thể trường đại học kinh tế quốc dân, Đồng Tâm, Hai Bà Trưng, Hà Nội",,Phòng Khảo thí và Đảm bảo chất lượng Giáo dục,,E:\NeuTech\Dữ liệu\Dữ liệu giảng viên\Phòng ban viện/Phòng khảo thí & DBCLGD,Nguyen Quang Ket,Nguyễn Quang Kết,Nguyen Quang Ket,Nguyen Quang Ket,
trungnqml@neu.edu.vn,Nguyễn Quang Trung,1,1974,Nam,,,Tiến sĩ,2016,Giảng viên chính (Hạng II),,"Tổ Kiên Quyết, Dương Nội, Hà Đông, Hà Nội",0912502038,Khoa Lý luận Chính trị,,E:\NeuTech\Dữ liệu\Dữ liệu giảng viên\Trường Kinh tế và Quản lý công/Khoa LLCT,Nguyen Quang Trung,TS. Nguyễn Quang Trung,Dr. Nguyen Quang Trung,Dr. Nguyen Quang Trung,
duynq@neu.edu.vn,Nguyễn Quốc Duy,1,1967,Nam,,,Tiến sĩ,1997,Giảng viên chính (Hạng II),Trưởng bộ môn,"TT Đại học kinh tế Quốc dân , Đồng Tâm, Hai Bà Trưng, Hà Nội",0776369608,Viện Quản trị kinh doanh,,E:\NeuTech\Dữ liệu\Dữ liệu giảng viên\Trường Kinh Doanh/Viện QTKD,Nguyen Quoc Duy,TS. Nguyễn Quốc Duy,Dr. Nguyen Quoc Duy,Dr. Nguyen Quoc Duy,
trungnq@neu.edu.vn,Nguyễn Quốc Trung,1,1963,Nam,,,,1989,Giảng viên (Hạng III),,"195B Minh Khai, Hà Nội, , ,",0354569263,Viện Kế toán - Kiểm toán,,E:\NeuTech\Dữ liệu\Dữ liệu giảng viên\Phòng ban viện/Viện Kế toán Kiểm toán,Nguyen Quoc Trung,Nguyễn Quốc Trung,Nguyen Quoc Trung,Nguyen Quoc Trung,
hoanguyen@neu.edu.vn,Nguyễn Quỳnh Hoa,2,1987,Nữ,,,Tiến sĩ,2023,Giảng viên chính (Hạng II),,"28 ông ích khiêm , Điện Biên, Ba Đình, Hà Nội",0932231211,Khoa Kinh tế và Quản lý Nguồn nhân lực,,E:\NeuTech\Dữ liệu\Dữ liệu giảng viên\Trường Kinh Doanh/Khoa Kinh tế và Quản lý nguồn nhân lực,Nguyen Quynh Hoa,TS. Nguyễn Quỳnh Hoa,Dr. Nguyen Quynh Hoa,Dr. Nguyen Quynh Hoa (Human resources),(Human resources)
quynhhoa@neu.edu.vn,Nguyễn Quỳnh Hoa,2,1979,Nữ,,,Tiến sĩ,2016,Giảng viên chính (Hạng II),Trưởng bộ môn,"Phòng 2401 chung cư 19 Nguyễn Trãi, Khương Trung, Thanh Xuân, Hà Nội",0912344079,Khoa Kế hoạch và Phát triển,,E:\NeuTech\Dữ liệu\Dữ liệu giảng viên\Trường Kinh tế và Quản lý công/Khoa Kế hoạch và phát triển,Nguyen Quynh Hoa,TS. Nguyễn Quỳnh Hoa,Dr. Nguyen Quynh Hoa,Dr. Nguyen Quynh Hoa (Faculty of Planning and Development),(Faculty of Planning and Development)
mainq@neu.edu.vn,Nguyễn Quỳnh Mai,1,1979,Nữ,,,Tiến sĩ,2024,Giảng viên chính (Hạng II),,"Số 3, tổ 16, Dịch Vọng, Cầu Giấy, Hà Nội",0983151792,Khoa Công nghệ thông tin,,E:\NeuTech\Dữ liệu\Dữ liệu giảng viên\Trường Công nghệ/Khoa Công nghệ Thông tin,Nguyen Quynh Mai,TS. Nguyễn Quỳnh Mai,Dr. Nguyen Quynh Mai,Dr. Nguyen Quynh Mai,
quynhtrang@neu.edu.vn,Nguyễn Quỳnh Trang,1,1993,Nữ,,,Thạc sĩ,2016,Giảng viên (Hạng III),,"Nhà số 5, C8C TT Trường ĐHKTQD, Đồng Tâm, Hai Bà Trưng, Hà Nội",0788683333,Khoa Marketing,,E:\NeuTech\Dữ liệu\Dữ liệu giảng viên\Trường Kinh Doanh/Khoa Marketing,Nguyen Quynh Trang,ThS. Nguyễn Quỳnh Trang,Nguyen Quynh Trang M.Sc.,Nguyen Quynh Trang M.Sc.,
tann@neu.edu.vn,Nguyễn Tân,1,1974,Nam,,,,2005,Chức vụ:,,"Số 15, tổ 10, ngõ 216, Mai Động, Hai Bà Trưng, Hà Nội",,Phòng Quản trị thiết bị,,E:\NeuTech\Dữ liệu\Dữ liệu giảng viên\Phòng ban viện/Phòng quản trị thiết bị,Nguyen Tan,Nguyễn Tân,Nguyen Tan,Nguyen Tan,
thangnt@neu.edu.vn,Nguyễn Tất Thắng,1,1979,Nam,,,Thạc sĩ,2003,Giảng viên (Hạng III),,"N1, 25 Láng Hạ, Thành Công, Ba Đình, Hà Nội",,Viện Ngân hàng - Tài chính,,E:\NeuTech\Dữ liệu\Dữ liệu giảng viên\Phòng ban viện/Viện Ngân hàng - Tài chính,Nguyen Tat Thang,ThS. Nguyễn Tất Thắng,Nguyen Tat Thang M.Sc.,Nguyen Tat Thang M.Sc.,
hanguyen58@neu.edu.vn,Nguyễn Thái Hà,1,1987,Nam,,,Thạc sĩ,2011,Chuyên viên,Phó trưởng ban,"30 Ngô Thì Nhậm, Phạm Đình Hổ, Hai Bà Trưng, Hà Nội",0917886687,Viện Đào tạo quốc tế,,E:\NeuTech\Dữ liệu\Dữ liệu giảng viên\Phòng ban viện/Viện Đào tạo Quốc tế,Nguyen Thai Ha,ThS. Nguyễn Thái Hà,Nguyen Thai Ha M.Sc.,Nguyen Thai Ha M.Sc.,
thangtrung@neu.edu.vn,Nguyễn Thắng Trung,1,1979,Nam,,,Thạc sĩ,2005,Giảng viên (Hạng III),,"33 Quang Trung, Hoàn Kiếm, Hà Nội",,Khoa Bất động sản và Kinh tế Tài nguyên,,E:\NeuTech\Dữ liệu\Dữ liệu giảng viên\Trường Kinh Doanh/Khoa BĐS & KTTN,Nguyen Thang Trung,ThS. Nguyễn Thắng Trung,Nguyen Thang Trung M.Sc.,Nguyen Thang Trung M.Sc.,
nguyenthanhbinh2102@neu.edu.vn,Nguyễn Thanh Bình,1,1984,Nam,,,Thạc sĩ,2011,Chuyên viên,,"Số 14, ngách 1, ngõ 208, đường Giải Phóng, Phương Liệt, Thanh Xuân, Hà Nội",,Phòng Quản lý đào tạo,,E:\NeuTech\Dữ liệu\Dữ liệu giảng viên\Phòng ban viện/Phòng Quản lý đào tạo,Nguyen Thanh Binh,ThS. Nguyễn Thanh Bình,Nguyen Thanh Binh M.Sc.,Nguyen Thanh Binh M.Sc.,
chungqtm@neu.edu.vn,Nguyễn Thành Chung,1,1985,Nam,,,Cử nhân,2010,Chuyên viên,,"Số 48 ngõ 196 đường Nguyễn Sơn, Bồ Đề, Long Biên, Hà Nội",0977648589,Trung tâm Ứng dụng Công nghệ thông tin,,E:\NeuTech\Dữ liệu\Dữ liệu giảng viên\Phòng ban viện/Trung tâm ứng dụng CNTT,Nguyen Thanh Chung,Nguyễn Thành Chung,Nguyen Thanh Chung,Nguyen Thanh Chung,
dent@neu.edu.vn,Nguyễn Thanh Đề,1,1965,Nam,,,,,Phó trưởng ban TTDV,Phó trưởng ban,"Tập thể Đại học Kinh tế Quốc dân, Đồng Tâm, Hai Bà Trưng, Hà Nội",,Trung tâm Dịch vụ Hỗ trợ đào tạo,,E:\NeuTech\Dữ liệu\Dữ liệu giảng viên\Phòng ban viện/Trung tâm Dịch vụ hỗ trợ đào tạo,Nguyen Thanh De,Nguyễn Thanh Đề,Nguyen Thanh De,Nguyen Thanh De,
nguyenthanhdo@neu.edu.vn,Nguyễn Thành Độ,1,1952,Nam,Giáo sư,2002,,2002,Giảng viên cao cấp (Hạng I),,"Nhà C5, tập thể Trường đại học Kinh tế quốc dân, Đồng Tâm, Hai Bà Trưng, Hà Nội",,Nhà xuất bản Trường Đại học Kinh tế quốc dân,,E:\NeuTech\Dữ liệu\Dữ liệu giảng viên\Phòng ban viện/nhà xuất bản,Nguyen Thanh Do,GS. Nguyễn Thành Độ,Prof. Nguyen Thanh Do,Prof. Nguyen Thanh Do,
hathanhn@neu.edu.vn,Nguyễn Thanh Hà,2,1981,Nữ,,,,2002,Nhân viên,,"Số 22, ngách 12, ngõ Đốc Đề, Minh Khai, Hai Bà Trưng, Hà Nội",0912313881,Trung tâm Dịch vụ Hỗ trợ đào tạo,,E:\NeuTech\Dữ liệu\Dữ liệu giảng viên\Phòng ban viện/Trung tâm Dịch vụ hỗ trợ đào tạo,Nguyen Thanh Ha,Nguyễn Thanh Hà,Nguyen Thanh Ha,Nguyen Thanh Ha,
hant@neu.edu.vn,Nguyễn Thanh Hà,2,1962,Nam,Phó giáo sư,2010,Tiến sĩ,2003,Giảng viên cao cấp (Hạng I),,"P.203 TT Viện Mác Leenin, Ngõ 84, Ngọc Khánh, Giảng Võ, Ba Đình, Hà Nội",0913230253,Khoa Kế hoạch và Phát triển,,E:\NeuTech\Dữ liệu\Dữ liệu giảng viên\Trường Kinh tế và Quản lý công/Khoa Kế hoạch và phát triển,Nguyen Thanh Ha,PGS. TS. Nguyễn Thanh Hà,Assoc. Prof. Nguyen Thanh Ha,Assoc. Prof. Nguyen Thanh Ha (Faculty of Planning and Development),(Faculty of Planning and Development)
thanhhang@neu.edu.vn,Nguyễn Thanh Hằng,1,1988,Nữ,,,Thạc sĩ,2013,Giảng viên (Hạng III),,"Số 62 ngõ 60, phố Yên Lạc, Vĩnh Tuy, Hai Bà Trưng, Hà Nội",0987951688,Khoa Khoa học Quản lý,,E:\NeuTech\Dữ liệu\Dữ liệu giảng viên\Trường Kinh tế và Quản lý công/Khoa Khoa học quản lý,Nguyen Thanh Hang,ThS. Nguyễn Thanh Hằng,Nguyen Thanh Hang M.Sc.,Nguyen Thanh Hang M.Sc.,
hieuketoan@neu.edu.vn,Nguyễn Thanh Hiếu,1,1979,Nữ,Phó giáo sư,2020,Tiến sĩ,,Giảng viên cao cấp (Hạng I),Phó trưởng bộ môn,"Xóm 5, Đông Dư, Gia Lâm, Hà Nội",0983665165,Viện Kế toán - Kiểm toán,- Kế toán- Kiểm toán,E:\NeuTech\Dữ liệu\Dữ liệu giảng viên\Phòng ban viện/Viện Kế toán Kiểm toán,Nguyen Thanh Hieu,PGS. TS. Nguyễn Thanh Hiếu,Assoc. Prof. Nguyen Thanh Hieu,Assoc. Prof. Nguyen Thanh Hieu,
hieuntqtkd@neu.edu.vn,Nguyễn Thành Hiếu,1,1976,Nam,Giáo sư,2024,Tiến sĩ,2010,Giảng viên cao cấp (Hạng I),Phó Giám đốc Đại học,"Tập thể đại học Kinh tế quốc dân, Hà Nội",0983828468,Ban Giám đốc,Quản trị chuỗi cung ứngKhởi sự kinh doanhDoanh nghiệp FDI,E:\NeuTech\Dữ liệu\Dữ liệu giảng viên\Phòng ban viện/Ban giám hiệu,Nguyen Thanh Hieu,GS. TS. Nguyễn Thành Hiếu,Prof. Nguyen Thanh Hieu,Prof. Nguyen Thanh Hieu,
hoangnt@neu.edu.vn,Nguyễn Thanh Hoàng,1,1993,Nam,,,Thạc sĩ,2021,Giảng viên (Hạng III),,"2510N02, CC Ecohome3, Xuân Đỉnh, Bắc Từ Liêm, Hà Nội",0825779995,Khoa Khoa học dữ liệu và Trí tuệ nhân tạo,,E:\NeuTech\Dữ liệu\Dữ liệu giảng viên\Trường Công nghệ/Khoa KHDL và TTNT,Nguyen Thanh Hoang,ThS. Nguyễn Thanh Hoàng,Nguyen Thanh Hoang M.Sc.,Nguyen Thanh Hoang M.Sc.,
huongnt_cntt@neu.edu.vn,Nguyễn Thanh Hương,1,1977,Nữ,,,Tiến sĩ,2023,Giảng viên chính (Hạng II),,"P306-A5, Ngõ 3, Phố Vạn Phúc, Tổ 8, Liễu Giai, Ba Đình, Hà Nội",0983168238,Khoa Công nghệ thông tin,,E:\NeuTech\Dữ liệu\Dữ liệu giảng viên\Trường Công nghệ/Khoa Công nghệ Thông tin,Nguyen Thanh Huong,TS. Nguyễn Thanh Hương,Dr. Nguyen Thanh Huong,Dr. Nguyen Thanh Huong,
thanhlan@neu.edu.vn,Nguyễn Thanh Lan,1,1987,Nữ,,,Thạc sĩ,2012,Chuyên viên,,"Số 20, ngách 96, ngõ tự do, đại học kinh tế quốc dân , Hà Nội",,Phòng Quản lý khoa học,,E:\NeuTech\Dữ liệu\Dữ liệu giảng viên\Phòng ban viện/Phòng Quản lý Khoa học,Nguyen Thanh Lan,ThS. Nguyễn Thanh Lan,Nguyen Thanh Lan M.Sc.,Nguyen Thanh Lan M.Sc.,
nguyenthanhlan@neu.edu.vn,Nguyễn Thanh Lân,1,1986,Nam,,,Tiến sĩ,2021,Giảng viên chính (Hạng II),Phó trưởng khoa,"Phòng 225, Số 5 Quang Trung, Trần Hưng Đạo, Hoàn Kiếm, Hà Nội",0979961838,Khoa Bất động sản và Kinh tế Tài nguyên,,E:\NeuTech\Dữ liệu\Dữ liệu giảng viên\Trường Kinh Doanh/Khoa BĐS & KTTN,Nguyen Thanh Lan,TS. Nguyễn Thanh Lân,Dr. Nguyen Thanh Lan,Dr. Nguyen Thanh Lan,
ktsnhan@neu.edu.vn,Nguyễn Thành Nhân,1,1979,Nam,,,,2002,Chuyên viên,,"Nhà H5 Khu A tập thể Trường Đại học kiến trúc Hà Nội, Hà Nội",,Phòng Quản trị thiết bị,,E:\NeuTech\Dữ liệu\Dữ liệu giảng viên\Phòng ban viện/Phòng quản trị thiết bị,Nguyen Thanh Nhan,Nguyễn Thành Nhân,Nguyen Thanh Nhan,Nguyen Thanh Nhan,
phongnt@neu.edu.vn,Nguyễn Thanh Phong,1,1975,Nam,,,Thạc sĩ,2005,Giảng viên chính (Hạng II),,"37 Lâm Du, Bồ Đề, Long Biên, Hà Nội",0913520251,Viện Thương mại và Kinh tế quốc tế,,E:\NeuTech\Dữ liệu\Dữ liệu giảng viên\Trường Kinh Doanh/Viện Thương mại và Kinh tế Quốc tế,Nguyen Thanh Phong,ThS. Nguyễn Thanh Phong,Nguyen Thanh Phong M.Sc.,Nguyen Thanh Phong M.Sc.,
quyennt@neu.edu.vn,Nguyễn Thanh Quyên,1,1984,Nữ,,,Thạc sĩ,2015,Chuyên viên,,"P1204 tòa 103, Usilkcity, Khu đô thị Văn Khê, , Hà Đông, Hà Nội",,"Viện Đào tạo tiên tiến, chất lượng cao và POHE",,"E:\NeuTech\Dữ liệu\Dữ liệu giảng viên\Phòng ban viện/Viện Đào tạo, tiên tiến, CLC và POHE",Nguyen Thanh Quyen,ThS. Nguyễn Thanh Quyên,Nguyen Thanh Quyen M.Sc.,Nguyen Thanh Quyen M.Sc.,
thuyntmkt@neu.edu.vn,Nguyễn Thanh Thủy,1,1965,Nữ,,,Thạc sĩ,2002,Giảng viên chính (Hạng II),,"Nhà 16 tập thể Lương Thực, Chương Dương Độ, Hoàn Kiếm, Hà Nội",,Khoa Marketing,,E:\NeuTech\Dữ liệu\Dữ liệu giảng viên\Trường Kinh Doanh/Khoa Marketing,Nguyen Thanh Thuy,ThS. Nguyễn Thanh Thủy,Nguyen Thanh Thuy M.Sc.,Nguyen Thanh Thuy M.Sc.,
thanhtrung@neu.edu.vn,Nguyễn Thành Trung,1,1987,Nam,,,Thạc sĩ,,Giảng viên (Hạng III),,"27 ngách 49/6 Hoàng Đạo Thành, Kim Giang, Thanh Xuân, Hà Nội",0904755240,Viện Ngân hàng - Tài chính,,E:\NeuTech\Dữ liệu\Dữ liệu giảng viên\Phòng ban viện/Viện Ngân hàng - Tài chính,Nguyen Thanh Trung,ThS. Nguyễn Thành Trung,Nguyen Thanh Trung M.Sc.,Nguyen Thanh Trung M.Sc.,
nttuan@neu.edu.vn,Nguyễn Thanh Tuấn,1,1995,Nam,,,Thạc sĩ,2020,Giảng viên,,Điện thọai: CQ: ; Mobile: 0353397888,0353397888,Khoa Toán kinh tế,,E:\NeuTech\Dữ liệu\Dữ liệu giảng viên\Trường Công nghệ/Khoa Toán Kinh tế,Nguyen Thanh Tuan,ThS. Nguyễn Thanh Tuấn,Nguyen Thanh Tuan M.Sc.,Nguyen Thanh Tuan M.Sc.,
tuantx82@neu.edu.vn,Nguyễn Thành Tuấn,1,1982,Nam,,,Thạc sĩ,2017,Chức vụ:,,"SN 98, ngách 96 ngõ Tự Do, Phường Đồng Tâm, Quận Hai Bà Trưng, Hà Nội, Đồng Tâm, Hai Bà Trưng, Hà Nội",0966668886,Trung tâm Đào tạo từ xa,,E:\NeuTech\Dữ liệu\Dữ liệu giảng viên\Phòng ban viện/Trung tâm đào tạo từ xa,Nguyen Thanh Tuan,ThS. Nguyễn Thành Tuấn,Nguyen Thanh Tuan M.Sc.,Nguyen Thanh Tuan M.Sc.,
vannt@neu.edu.vn,Nguyễn Thanh Vân,1,1972,Nữ,,,Thạc sĩ,2002,Giảng viên chính (Hạng II),,"Số 4, tổ 38, Ô Chợ Dừa, Đống Đa, Hà Nội",0946908972,Khoa Kinh tế và Quản lý Nguồn nhân lực,,E:\NeuTech\Dữ liệu\Dữ liệu giảng viên\Trường Kinh Doanh/Khoa Kinh tế và Quản lý nguồn nhân lực,Nguyen Thanh Van,ThS. Nguyễn Thanh Vân,Nguyen Thanh Van M.Sc.,Nguyen Thanh Van M.Sc.,
vinhins@neu.edu.vn,Nguyễn Thành Vinh,1,1982,Nam,,2010,Tiến sĩ,2024,Giảng viên (Hạng III),,"CT12C Kim Văn Kim Lũ, Đại Kim, Hoàng Mai, Hà Nội",0989132917,Khoa Bảo hiểm,,E:\NeuTech\Dữ liệu\Dữ liệu giảng viên\Trường Kinh Doanh/Khoa Bảo hiểm,Nguyen Thanh Vinh,TS. Nguyễn Thành Vinh,Dr. Nguyen Thanh Vinh,Dr. Nguyen Thanh Vinh,
nguyenthehung@neu.edu.vn,Nguyễn Thế Hưng,1,1989,Nam,,,Cử nhân,2011,Giảng viên (Hạng III),,"Số 18 Gầm Cầu, Đồng Xuân, Hoàn Kiếm, Hà Nội",0984458886,Viện Ngân hàng - Tài chính,,E:\NeuTech\Dữ liệu\Dữ liệu giảng viên\Phòng ban viện/Viện Ngân hàng - Tài chính,Nguyen The Hung,Nguyễn Thế Hưng,Nguyen The Hung,Nguyen The Hung,
phannt@neu.edu.vn,Nguyễn Thế Phán,1,1955,Nam,Phó giáo sư,,Tiến sĩ,,Giảng viên cao cấp (Hạng I),,"Số 157 Đại La, Đồng Tâm, Hai Bà Trưng, Hà Nội",0983319345,Khoa Bất động sản và Kinh tế Tài nguyên,,E:\NeuTech\Dữ liệu\Dữ liệu giảng viên\Trường Kinh Doanh/Khoa BĐS & KTTN,Nguyen The Phan,PGS. TS. Nguyễn Thế Phán,Assoc. Prof. Nguyen The Phan,Assoc. Prof. Nguyen The Phan,
lienna@neu.edu.vn,Nguyễn Thị Ái Liên,1,1975,Nữ,,,Tiến sĩ,2012,Giảng viên cao cấp (Hạng I),Trưởng bộ môn,"ngõ 44 Trần Thái Tông, Dịch Vọng Hậu, Cầu Giấy, Hà Nội",0989559926,Khoa Đầu tư,,E:\NeuTech\Dữ liệu\Dữ liệu giảng viên\Trường Kinh tế và Quản lý công/Khoa Đầu tư,Nguyen Thi Ai Lien,TS. Nguyễn Thị Ái Liên,Dr. Nguyen Thi Ai Lien,Dr. Nguyen Thi Ai Lien,
annt@neu.edu.vn,Nguyễn Thị An,1,1982,Nữ,,,Thạc sĩ,,Giảng viên (Hạng III),,Điện thọai: CQ: ; Mobile:,,Khoa Khoa học cơ sở,,E:\NeuTech\Dữ liệu\Dữ liệu giảng viên\Trường Công nghệ/Khoa Khoa học Cơ sở,Nguyen Thi An,ThS. Nguyễn Thị An,Nguyen Thi An M.Sc.,Nguyen Thi An M.Sc.,
tuyetnb@neu.edu.vn,Nguyễn Thị Bạch Tuyết,1,1975,Nữ,,,Tiến sĩ,2011,Giảng viên chính (Hạng II),Trưởng khoa,"Phòng 1604 Chung Cư 198 Nguyễn Tuân, , Thanh Xuân, Hà Nội",0904267883,Khoa Hệ thống thông tin quản lý,Hệ thống thông tin quản lý,E:\NeuTech\Dữ liệu\Dữ liệu giảng viên\Trường Công nghệ/Khoa Hệ thống Thông tin Quản lý,Nguyen Thi Bach Tuyet,TS. Nguyễn Thị Bạch Tuyết,Dr. Nguyen Thi Bach Tuyet,Dr. Nguyen Thi Bach Tuyet,
liensdh@neu.edu.vn,Nguyễn Thị Bích Liên,1,1980,Nữ,,,Thạc sĩ,2018,Chuyên viên,,"số 5, ngõ 328, tâp thể nhà máy dụng cụ số I, đường Nguyễn Trãi, , Thanh Xuân, Hà Nội",,Viện Đào tạo Sau đại học,,E:\NeuTech\Dữ liệu\Dữ liệu giảng viên\Phòng ban viện/Viện Đào tạo sau Đại học,Nguyen Thi Bich Lien,ThS. Nguyễn Thị Bích Liên,Nguyen Thi Bich Lien M.Sc.,Nguyen Thi Bich Lien M.Sc.,
thuynbb@neu.edu.vn,Nguyễn Thị Bích Thủy,1,1976,Nữ,,,Tiến sĩ,2019,Giảng viên chính (Hạng II),Phó trưởng bộ môn,"Số 25 ngách 1 ngõ 1150 đường Láng, Láng Thượng, Đống Đa, Hà Nội",0915176626,Khoa Lý luận Chính trị,,E:\NeuTech\Dữ liệu\Dữ liệu giảng viên\Trường Kinh tế và Quản lý công/Khoa LLCT,Nguyen Thi Bich Thuy,TS. Nguyễn Thị Bích Thủy,Dr. Nguyen Thi Bich Thuy,Dr. Nguyen Thi Bich Thuy,
vannb@neu.edu.vn,Nguyễn Thị Bích Vân,1,1978,Nữ,,,Thạc sĩ,2010,Chức vụ:,,"Số 3/155/154 Trường Chinh, Đống Đa, Hà Nội",,Bộ môn Ngoại ngữ không chuyên,,E:\NeuTech\Dữ liệu\Dữ liệu giảng viên\Trường Kinh tế và Quản lý công/Khoa Ngoại ngữ Kinh tế,Nguyen Thi Bich Van,ThS. Nguyễn Thị Bích Vân,Nguyen Thi Bich Van M.Sc.,Nguyen Thi Bich Van M.Sc.,
ncvantkt@neu.edu.vn,Nguyễn Thị Cẩm Vân,1,1980,Nữ,Phó giáo sư,2022,Tiến sĩ,2015,Giảng viên cao cấp (Hạng I),Trưởng khoa,"Số 3 lô 5A KĐT Trung Yên, Yên Hoà, Cầu Giấy, Hà Nội",0983133388,Khoa Khoa học cơ sở,,E:\NeuTech\Dữ liệu\Dữ liệu giảng viên\Trường Công nghệ/Khoa Khoa học Cơ sở,Nguyen Thi Cam Van,PGS. TS. Nguyễn Thị Cẩm Vân,Assoc. Prof. Nguyen Thi Cam Van,Assoc. Prof. Nguyen Thi Cam Van,
chinhntbh@neu.edu.vn,Nguyễn Thị Chính,1,1974,Nữ,,,Tiến sĩ,2010,Giảng viên chính (Hạng II),Phó Hiệu trưởng (trường thành viên),"Chung Cư Nam Đô, 609 Trương Định, Thịnh Liệt, Hoàng Mai, Hà Nội",0909090974,Trường Kinh doanh,,E:\NeuTech\Dữ liệu\Dữ liệu giảng viên\Trường Kinh Doanh/Khoa Bảo hiểm,Nguyen Thi Chinh,TS. Nguyễn Thị Chính,Dr. Nguyen Thi Chinh,Dr. Nguyen Thi Chinh,
chungnt@neu.edu.vn,Nguyễn Thị Chung,1,1982,Nữ,,,Thạc sĩ,2012,Chuyên viên,,"CT3 KĐT Gamuda Garderns, Trần Phú, Hoàng Mai, Hà Nội",0902064548,Phòng Khảo thí và Đảm bảo chất lượng Giáo dục,,E:\NeuTech\Dữ liệu\Dữ liệu giảng viên\Phòng ban viện/Phòng khảo thí & DBCLGD,Nguyen Thi Chung,ThS. Nguyễn Thị Chung,Nguyen Thi Chung M.Sc.,Nguyen Thi Chung M.Sc.,
ntdanphuong102@neu.edu.vn,Nguyễn Thị Đan Phương,1,1988,Nữ,,,Tiến sĩ,2021,Giảng viên (Hạng III),,"8/1/210 Hoàng Văn Thái, Khương Mai, Thanh Xuân, Hà Nội",0936122960,Khoa Luật,,E:\NeuTech\Dữ liệu\Dữ liệu giảng viên\Trường Kinh tế và Quản lý công/Khoa Luật,Nguyen Thi Dan Phuong,TS. Nguyễn Thị Đan Phương,Dr. Nguyen Thi Dan Phuong,Dr. Nguyen Thi Dan Phuong,
chintd@neu.edu.vn,Nguyễn Thị Diệu Chi,1,1983,Nữ,Phó giáo sư,2022,Tiến sĩ,2015,Giảng viên cao cấp (Hạng I),Phó trưởng bộ môn,"4Q15, Ngõ 126 Nguyễn An Ninh, , Hoàng Mai, Hà Nội",0983083226,Viện Ngân hàng - Tài chính,"Kinh tế Quốc tế, Tài chính, Ngân hàng",E:\NeuTech\Dữ liệu\Dữ liệu giảng viên\Phòng ban viện/Viện Ngân hàng - Tài chính,Nguyen Thi Dieu Chi,PGS. TS. Nguyễn Thị Diệu Chi,Assoc. Prof. Nguyen Thi Dieu Chi,Assoc. Prof. Nguyen Thi Dieu Chi,
,Nguyễn Thị Dung,1,1965,Nữ,,,,,Chức vụ:,,"Số 6 ngách 543/68 Đường giải phóng, Giáp Bát, Hoàng Mai, Hà Nội",,Phòng Quản trị thiết bị,,E:\NeuTech\Dữ liệu\Dữ liệu giảng viên\Phòng ban viện/Phòng quản trị thiết bị,Nguyen Thi Dung,Nguyễn Thị Dung,Nguyen Thi Dung,Nguyen Thi Dung,
duongnh@neu.edu.vn,Nguyễn Thị Hải Đường,1,1973,Nữ,,,Tiến sĩ,2003,Giảng viên chính (Hạng II),Trưởng bộ môn,"Nhà 13 tổ 22B, Phương Liên, Đống Đa, Hà Nội",0935918918,Khoa Bảo hiểm,,E:\NeuTech\Dữ liệu\Dữ liệu giảng viên\Trường Kinh Doanh/Khoa Bảo hiểm,Nguyen Thi Hai Duong,TS. Nguyễn Thị Hải Đường,Dr. Nguyen Thi Hai Duong,Dr. Nguyen Thi Hai Duong,
haiyen@neu.edu.vn,Nguyễn Thị Hải Yến,3,1993,Nữ,,,Cử nhân,2015,Chuyên viên,,"B804, Anland Premium, Dương Nội, Hà Đông, Hà Nội",0973810893,Trung tâm Đào tạo từ xa,,E:\NeuTech\Dữ liệu\Dữ liệu giảng viên\Phòng ban viện/Trung tâm đào tạo từ xa,Nguyen Thi Hai Yen,Nguyễn Thị Hải Yến,Nguyen Thi Hai Yen,Nguyen Thi Hai Yen,
yennt@neu.edu.vn,Nguyễn Thị Hải Yến,3,1972,Nữ,,,Thạc sĩ,2006,Chuyên viên,,"207 A3 tập thể công ty máy kéo máy nông nghiệp, Yết Kiêu, Hà Đông, Hà Tây",0916978877,Khoa Khoa học dữ liệu và Trí tuệ nhân tạo,,E:\NeuTech\Dữ liệu\Dữ liệu giảng viên\Trường Công nghệ/Khoa KHDL và TTNT,Nguyen Thi Hai Yen,ThS. Nguyễn Thị Hải Yến,Nguyen Thi Hai Yen M.Sc.,Nguyen Thi Hai Yen M.Sc. (Faculty of DS and AI),(Faculty of DS and AI)
yennh@neu.edu.vn,Nguyễn Thị Hải Yến,3,1979,Nữ,,,Tiến sĩ,2015,Giảng viên chính (Hạng II),Phó trưởng khoa,", , Bắc Từ Liêm, Hà Nội",0983969569,Khoa Bất động sản và Kinh tế Tài nguyên,,E:\NeuTech\Dữ liệu\Dữ liệu giảng viên\Trường Kinh Doanh/Khoa BĐS & KTTN,Nguyen Thi Hai Yen,TS. Nguyễn Thị Hải Yến,Dr. Nguyen Thi Hai Yen,Dr. Nguyen Thi Hai Yen (Faculty of real estate and resources),(Faculty of real estate and resources)
hangnnkt@neu.edu.vn,Nguyễn Thị Hằng,1,1979,Nữ,,,Thạc sĩ,2009,Giảng viên chính (Hạng II),,"Số 8 Pháp Vân, Hoàng Liệt, Hoàng Mai, Hà Nội",,Khoa Ngoại ngữ kinh tế,,E:\NeuTech\Dữ liệu\Dữ liệu giảng viên\Trường Kinh tế và Quản lý công/Khoa Ngoại ngữ Kinh tế,Nguyen Thi Hang,ThS. Nguyễn Thị Hằng,Nguyen Thi Hang M.Sc.,Nguyen Thi Hang M.Sc.,
haont@neu.edu.vn,Nguyễn Thị Hào,1,1976,Nữ,,,Tiến sĩ,2015,Giảng viên chính (Hạng II),Phó trưởng khoa,"Số nhà 76/35-Ngõ Giếng Mứt- Phố Bạch Mai, Trương Định, Hai Bà Trưng, Hà Nội",0912325335,Khoa Lý luận Chính trị,,E:\NeuTech\Dữ liệu\Dữ liệu giảng viên\Trường Kinh tế và Quản lý công/Khoa LLCT,Nguyen Thi Hao,TS. Nguyễn Thị Hào,Dr. Nguyen Thi Hao,Dr. Nguyen Thi Hao,
hoantkhpt@neu.edu.vn,Nguyễn Thị Hoa,1,1973,Nữ,,,Tiến sĩ,2010,Giảng viên cao cấp (Hạng I),,"N3A khu đô thị Trung Hòa Nhân Chính, Nhân Chính, Thanh Xuân, Hà Nội",0988091256,Khoa Kế hoạch và Phát triển,,E:\NeuTech\Dữ liệu\Dữ liệu giảng viên\Trường Kinh tế và Quản lý công/Khoa Kế hoạch và phát triển,Nguyen Thi Hoa,TS. Nguyễn Thị Hoa,Dr. Nguyen Thi Hoa,Dr. Nguyen Thi Hoa,
dungnh@neu.edu.vn,Nguyễn Thị Hoài Dung,1,1965,Nữ,Phó giáo sư,2015,Tiến sĩ,2008,Giảng viên cao cấp (Hạng I),,"197 phố Tây Sơn, Trung Liệt, Đống Đa, Hà Nội",,Khoa Quản trị kinh doanh,,E:\NeuTech\Dữ liệu\Dữ liệu giảng viên\Trường Kinh Doanh/Khoa QTKD,Nguyen Thi Hoai Dung,PGS. TS. Nguyễn Thị Hoài Dung,Assoc. Prof. Nguyen Thi Hoai Dung,Assoc. Prof. Nguyen Thi Hoai Dung,
phuongnh@neu.edu.vn,Nguyễn Thị Hoài Phương,1,1982,Nữ,,,Thạc sĩ,2008,Giảng viên chính (Hạng II),,", , Đống Đa, Hà Nội",0983838858,Viện Ngân hàng - Tài chính,,E:\NeuTech\Dữ liệu\Dữ liệu giảng viên\Phòng ban viện/Viện Ngân hàng - Tài chính,Nguyen Thi Hoai Phuong,ThS. Nguyễn Thị Hoài Phương,Nguyen Thi Hoai Phuong M.Sc.,Nguyen Thi Hoai Phuong M.Sc.,
nthoan@neu.edu.vn,Nguyễn Thị Hoan,1,1973,Nữ,,,,,Chức vụ:,,"Số nhà 14, ngõ 443/87, Thanh Xuân Nam, Thanh Xuân, Hà Nội",,Trung tâm Dịch vụ Hỗ trợ đào tạo,,E:\NeuTech\Dữ liệu\Dữ liệu giảng viên\Phòng ban viện/Trung tâm Dịch vụ hỗ trợ đào tạo,Nguyen Thi Hoan,Nguyễn Thị Hoan,Nguyen Thi Hoan,Nguyen Thi Hoan,
hoannt@neu.edu.vn,Nguyễn Thị Hoàn,1,1975,Nữ,,,Tiến sĩ,2011,Giảng viên cao cấp (Hạng I),Trưởng khoa,"căn hộ 2107, CC số 6 phố Nguyễn Công Hoan, Ngọc Khánh, Ba Đình, Hà Nội",0983389810,Khoa Lý luận Chính trị,,E:\NeuTech\Dữ liệu\Dữ liệu giảng viên\Trường Kinh tế và Quản lý công/Khoa LLCT,Nguyen Thi Hoan,TS. Nguyễn Thị Hoàn,Dr. Nguyen Thi Hoan,Dr. Nguyen Thi Hoan,
hoanghoa@neu.edu.vn,Nguyễn Thị Hoàng Hoa,1,1985,Nữ,,,,,Giảng viên (Hạng III),,"Số nhà 336 Phố Bạch Mai, , Hai Bà Trưng, Hà Nội",,Khoa Bất động sản và Kinh tế Tài nguyên,,E:\NeuTech\Dữ liệu\Dữ liệu giảng viên\Trường Kinh Doanh/Khoa BĐS & KTTN,Nguyen Thi Hoang Hoa,Nguyễn Thị Hoàng Hoa,Nguyen Thi Hoang Hoa,Nguyen Thi Hoang Hoa,
hanhnh@neu.edu.vn,Nguyễn Thị Hồng Hạnh,2,1981,Nữ,,,Tiến sĩ,2019,Giảng viên chính (Hạng II),,"tổ 16, , Hà Đông, Hà Nội",0912323275,Khoa Luật,Luật Kinh tếLuật Hình sựLuật Sở hữu trí tuệ,E:\NeuTech\Dữ liệu\Dữ liệu giảng viên\Trường Kinh tế và Quản lý công/Khoa Luật,Nguyen Thi Hong Hanh,TS. Nguyễn Thị Hồng Hạnh,Dr. Nguyen Thi Hong Hanh,Dr. Nguyen Thi Hong Hanh (Faculty of Laws),(Faculty of Laws)
honghanh@neu.edu.vn,Nguyễn Thị Hồng Hạnh,2,1977,Nữ,,,Tiến sĩ,2023,Giảng viên chính (Hạng II),,"Nhà số 10 Ngách 23 Ngõ 82 Phố Chùa Láng, Láng Thượng, Đống Đa, Hà Nội",0936588468,Khoa Ngoại ngữ kinh tế,"50301 (Khoa học giáo dục học nói chung, bao gồm cảđào tạo, sư phạm học, lý luận giáo dục,..)",E:\NeuTech\Dữ liệu\Dữ liệu giảng viên\Trường Kinh tế và Quản lý công/Khoa Ngoại ngữ Kinh tế,Nguyen Thi Hong Hanh,TS. Nguyễn Thị Hồng Hạnh,Dr. Nguyen Thi Hong Hanh,Dr. Nguyen Thi Hong Hanh (Faculty of Foreign Languages for Economics),(Faculty of Foreign Languages for Economics)
minhnhong@neu.edu.vn,Nguyễn Thị Hồng Minh,1,1975,Nữ,,,Tiến sĩ,,Giảng viên chính (Hạng II),,"P207-2D Khâm Thiên, Khâm Thiên, Đống Đa, Hà Nội",0945509996,Khoa Khoa học Quản lý,,E:\NeuTech\Dữ liệu\Dữ liệu giảng viên\Trường Kinh tế và Quản lý công/Khoa Khoa học quản lý,Nguyen Thi Hong Minh,TS. Nguyễn Thị Hồng Minh,Dr. Nguyen Thi Hong Minh,Dr. Nguyen Thi Hong Minh,
thamnth@neu.edu.vn,Nguyễn Thị Hồng Thắm,1,1979,Nữ,,,Tiến sĩ,2014,Giảng viên chính (Hạng II),,"Tòa A, khu chung cư Hòa Phát, Tân Mai, , Hoàng Mai, Hà Nội",0916126019,Khoa Quản trị kinh doanh,,E:\NeuTech\Dữ liệu\Dữ liệu giảng viên\Trường Kinh Doanh/Khoa QTKD,Nguyen Thi Hong Tham,TS. Nguyễn Thị Hồng Thắm,Dr. Nguyen Thi Hong Tham,Dr. Nguyen Thi Hong Tham,
thomnh@neu.edu.vn,Nguyễn Thị Hồng Thơm,1,1973,Nữ,,,Thạc sĩ,2014,Chuyên viên,,"Số 10, tổ 14, Vĩnh Tuy, Hai Bà Trưng, Hà Nội",0914333959,Khoa Kinh tế học,,E:\NeuTech\Dữ liệu\Dữ liệu giảng viên\Trường Kinh tế và Quản lý công/Khoa Kinh tế học,Nguyen Thi Hong Thom,ThS. Nguyễn Thị Hồng Thơm,Nguyen Thi Hong Thom M.Sc.,Nguyen Thi Hong Thom M.Sc.,
vannth@neu.edu.vn,Nguyễn Thị Hồng Vân,1,1978,Nữ,,,Tiến sĩ,,Giảng viên (Hạng III),,"R3A-2A-20 Royal City, Thượng Đình, Thanh Xuân, Hà Nội",0839803978,Viện Đào tạo quốc tế,,E:\NeuTech\Dữ liệu\Dữ liệu giảng viên\Phòng ban viện/Viện Đào tạo Quốc tế,Nguyen Thi Hong Van,TS. Nguyễn Thị Hồng Vân,Dr. Nguyen Thi Hong Van,Dr. Nguyen Thi Hong Van,
huentlkt@neu.edu.vn,Nguyễn Thị Huế,1,1972,Nữ,,,Tiến sĩ,2012,Giảng viên chính (Hạng II),Phó trưởng khoa,"Thăng Long Number One, tổ 24A, Trung Hoà, Cầu Giấy, Hà Nội",0903283828,Khoa Luật,"Luật hợp đồng, Luật về giải quyết tranh chấp kinh doanh, Luật về tài sản, Pháp luật đại diện",E:\NeuTech\Dữ liệu\Dữ liệu giảng viên\Trường Kinh tế và Quản lý công/Khoa Luật,Nguyen Thi Hue,TS. Nguyễn Thị Huế,Dr. Nguyen Thi Hue,Dr. Nguyen Thi Hue,
huyenntnn@neu.edu.vn,Nguyễn Thị Huyền,1,1964,Nữ,,,Thạc sĩ,,Chức vụ:,,Điện thọai: CQ: ; Mobile:,,Bộ môn Ngoại ngữ không chuyên,,E:\NeuTech\Dữ liệu\Dữ liệu giảng viên\Trường Kinh tế và Quản lý công/Khoa Ngoại ngữ Kinh tế,Nguyen Thi Huyen,ThS. Nguyễn Thị Huyền,Nguyen Thi Huyen M.Sc.,Nguyen Thi Huyen M.Sc.,
dungntk@neu.edu.vn,Nguyễn Thị Kim Dung,1,1985,Nữ,,,Tiến sĩ,2020,Giảng viên (Hạng III),,"Số 1410 - CT5 X2 Linh Đàm , Hoàng Liệt, Hoàng Mai, Hà Nội",0909054586,Viện Ngân hàng - Tài chính,,E:\NeuTech\Dữ liệu\Dữ liệu giảng viên\Phòng ban viện/Viện Ngân hàng - Tài chính,Nguyen Thi Kim Dung,TS. Nguyễn Thị Kim Dung,Dr. Nguyen Thi Kim Dung,Dr. Nguyen Thi Kim Dung,
ngannguyen@neu.edu.vn,Nguyễn Thị Kim Ngân,1,1980,Nữ,,,Tiến sĩ,2013,Giảng viên chính (Hạng II),,"Số 77 ngõ 281/5 đường Tam Trinh, Hoàng Văn Thụ, Hoàng Mai, Hà Nội",0399668968,Khoa Khoa học dữ liệu và Trí tuệ nhân tạo,,E:\NeuTech\Dữ liệu\Dữ liệu giảng viên\Trường Công nghệ/Khoa KHDL và TTNT,Nguyen Thi Kim Ngan,TS. Nguyễn Thị Kim Ngân,Dr. Nguyen Thi Kim Ngan,Dr. Nguyen Thi Kim Ngan,
nhungnk@neu.edu.vn,Nguyễn Thị Kim Nhung,1,1969,Nữ,,,Cử nhân,2009,Chuyên viên,,"Nhà 107, đường Giáp Bát, Giáp Bát, Hoàng Mai, Hà Nội",0988086409,Phòng Tổ chức cán bộ,,E:\NeuTech\Dữ liệu\Dữ liệu giảng viên\Phòng ban viện/Phòng tổ chức cán bộ,Nguyen Thi Kim Nhung,Nguyễn Thị Kim Nhung,Nguyen Thi Kim Nhung,Nguyen Thi Kim Nhung,
lanyte@neu.edu.vn,Nguyễn Thị Lan,1,1966,Nữ,,,,1987,Chức vụ:,,"P9 D1 tập thể Đại học Kinh tế quốc dân, Đồng Tâm, Hai Bà Trưng, Hà Nội",,Trạm y tế,,E:\NeuTech\Dữ liệu\Dữ liệu giảng viên\Phòng ban viện/Trạm y tế,Nguyen Thi Lan,Nguyễn Thị Lan,Nguyen Thi Lan,Nguyen Thi Lan,
anhntl@neu.edu.vn,Nguyễn Thị Lan Anh,1,1982,Nữ,,,Tiến sĩ,2018,Giảng viên chính (Hạng II),,"Số 23 ngõ 40/28, Khương Trung, Thanh Xuân, Hà Nội",0981829911,Viện Kế toán - Kiểm toán,,E:\NeuTech\Dữ liệu\Dữ liệu giảng viên\Phòng ban viện/Viện Kế toán Kiểm toán,Nguyen Thi Lan Anh,TS. Nguyễn Thị Lan Anh,Dr. Nguyen Thi Lan Anh,Dr. Nguyen Thi Lan Anh,
huyennl@neu.edu.vn,Nguyễn Thị Lệ Huyền,1,1974,Nữ,,,Thạc sĩ,1998,Giảng viên (Hạng III),,"Số 6, ngách 32/42, phố An Dương, Yên Phụ, Tây Hồ, Hà Nội",0988162036,Khoa Bảo hiểm,,E:\NeuTech\Dữ liệu\Dữ liệu giảng viên\Trường Kinh Doanh/Khoa Bảo hiểm,Nguyen Thi Le Huyen,ThS. Nguyễn Thị Lệ Huyền,Nguyen Thi Le Huyen M.Sc.,Nguyen Thi Le Huyen M.Sc.,
thuykhoahocquanly@neu.edu.vn,Nguyễn Thị Lệ Thúy,1,1975,Nữ,,,Tiến sĩ,,Giảng viên cao cấp (Hạng I),Phó trưởng khoa,"Số nhà 88 ngõ 553 đường Giải Phóng- Thành phố Hà Nội, , , Hà Nội",0989139749,Khoa Khoa học Quản lý,,E:\NeuTech\Dữ liệu\Dữ liệu giảng viên\Trường Kinh tế và Quản lý công/Khoa Khoa học quản lý,Nguyen Thi Le Thuy,TS. Nguyễn Thị Lệ Thúy,Dr. Nguyen Thi Le Thuy,Dr. Nguyen Thi Le Thuy,
lientkt@neu.edu.vn,Nguyễn Thị Liên,1,1984,Nữ,,,Tiến sĩ,2024,Giảng viên chính (Hạng II),,"15 ngách 377/10, Long Biên, Long Biên, Hà Nội",0914405609,Khoa Toán kinh tế,,E:\NeuTech\Dữ liệu\Dữ liệu giảng viên\Trường Công nghệ/Khoa Toán Kinh tế,Nguyen Thi Lien,TS. Nguyễn Thị Liên,Dr. Nguyen Thi Lien,Dr. Nguyen Thi Lien,
huongnltmai@neu.edu.vn,Nguyễn Thị Liên Hương,1,1974,Nữ,,,Tiến sĩ,2015,Giảng viên cao cấp (Hạng I),Trưởng bộ môn,"16 Ngõ 139 Nguyễn Văn Cừ, Ngọc Lâm, Long Biên, Hà Nội",0916124050,Viện Thương mại và Kinh tế quốc tế,,E:\NeuTech\Dữ liệu\Dữ liệu giảng viên\Trường Kinh Doanh/Viện Thương mại và Kinh tế Quốc tế,Nguyen Thi Lien Huong,TS. Nguyễn Thị Liên Hương,Dr. Nguyen Thi Lien Huong,Dr. Nguyen Thi Lien Huong,
lynt@neu.edu.vn,Nguyễn Thị Lý,1,1968,Nữ,,,,,Chức vụ:,,"Số 35 tổ 42C, Trương Định, Hai Bà Trưng, Hà Nội",0987552767,Phòng Quản trị thiết bị,,E:\NeuTech\Dữ liệu\Dữ liệu giảng viên\Phòng ban viện/Phòng quản trị thiết bị,Nguyen Thi Ly,Nguyễn Thị Lý,Nguyen Thi Ly,Nguyen Thi Ly,
maianhkt@neu.edu.vn,Nguyễn Thị Mai Anh,1,1979,Nữ,,,Tiến sĩ,2015,Giảng viên (Hạng III),,"151 Thụy Khuê, Nhật Tân, Tây Hồ, Hà Nội",0903210448,Viện Kế toán - Kiểm toán,,E:\NeuTech\Dữ liệu\Dữ liệu giảng viên\Phòng ban viện/Viện Kế toán Kiểm toán,Nguyen Thi Mai Anh,TS. Nguyễn Thị Mai Anh,Dr. Nguyen Thi Mai Anh,Dr. Nguyen Thi Mai Anh,
chinm@neu.edu.vn,Nguyễn Thị Mai Chi,1,1977,Nữ,,,Tiến sĩ,2020,Giảng viên chính (Hạng II),,"Số 3 - ngõ 43 - Phố Dịch Vọng Hậu, Dịch Vọng Hậu, Cầu Giấy, Hà Nội",0912363888,Viện Kế toán - Kiểm toán,,E:\NeuTech\Dữ liệu\Dữ liệu giảng viên\Phòng ban viện/Viện Kế toán Kiểm toán,Nguyen Thi Mai Chi,TS. Nguyễn Thị Mai Chi,Dr. Nguyen Thi Mai Chi,Dr. Nguyen Thi Mai Chi,
ntminhqldt@neu.edu.vn,Nguyễn Thị Minh,2,1976,Nữ,,,Cử nhân,1998,Chuyên viên chính hạng II,,"P.36, B8, Kim Liên, Đống Đa, Hà Nội",0983038177,Viện Đào tạo Sau đại học,,E:\NeuTech\Dữ liệu\Dữ liệu giảng viên\Phòng ban viện/Viện Đào tạo sau Đại học,Nguyen Thi Minh,Nguyễn Thị Minh,Nguyen Thi Minh,Nguyen Thi Minh (Graduated School),(Graduated School)
ntminhkt@neu.edu.vn,Nguyễn Thị Minh,2,1964,Nữ,,,Cử nhân,1999,Chuyên viên,Văn thư,"Phòng 11, B1, tập thể Đại học Kinh tế Quốc dân, Đồng Tâm, Hai Bà Trưng, Hà Nội",,Viện Kế toán - Kiểm toán,,E:\NeuTech\Dữ liệu\Dữ liệu giảng viên\Phòng ban viện/Viện Kế toán Kiểm toán,Nguyen Thi Minh,Nguyễn Thị Minh,Nguyen Thi Minh,Nguyen Thi Minh (School of Accounting and Auditing),(School of Accounting and Auditing)
chauntm@neu.edu.vn,Nguyễn Thị Minh Châu,1,1994,Nữ,,,Cử nhân,2016,Nhân viên,,"40 Trấn Vũ, Quán Thánh, Ba Đình, Hà Nội",0906130494,"Trung tâm Nghiên cứu, tư vấn Kinh tế và Kinh doanh",,E:\NeuTech\Dữ liệu\Dữ liệu giảng viên\Phòng ban viện/Trung tâm nghiên cứu và tư vấn kinh tế,Nguyen Thi Minh Chau,Nguyễn Thị Minh Châu,Nguyen Thi Minh Chau,Nguyen Thi Minh Chau,
hanm@neu.edu.vn,Nguyễn Thị Minh Hà,1,1965,Nữ,,,,1999,Chuyên viên,,"Số nhà 76, ngách 98, ngõ tự do, Đồng Tâm, Hai Bà Trưng, Hà Nội",0903229619,Phòng Khảo thí và Đảm bảo chất lượng Giáo dục,,E:\NeuTech\Dữ liệu\Dữ liệu giảng viên\Phòng ban viện/Phòng khảo thí & DBCLGD,Nguyen Thi Minh Ha,Nguyễn Thị Minh Hà,Nguyen Thi Minh Ha,Nguyen Thi Minh Ha,
nmhoaqtkd@neu.edu.vn,Nguyễn Thị Minh Hoa,1,1977,Nữ,,,Thạc sĩ,,Chuyên viên,,"P1211-V2, Yên Hoà, Cầu Giấy, Hà Nội",0969752769,Viện Quản trị kinh doanh,,E:\NeuTech\Dữ liệu\Dữ liệu giảng viên\Trường Kinh Doanh/Viện QTKD,Nguyen Thi Minh Hoa,ThS. Nguyễn Thị Minh Hoa,Nguyen Thi Minh Hoa M.Sc.,Nguyen Thi Minh Hoa M.Sc.,
huenm@neu.edu.vn,Nguyễn Thị Minh Huệ,1,1976,Nữ,Phó giáo sư,2015,Tiến sĩ,2010,Giảng viên cao cấp (Hạng I),Trưởng bộ môn,"Nhà LK26, khu Chung cư Viện Bỏng, Hà Đông, Tân Triều, Thanh Trì, Hà Nội",0912346692,Viện Ngân hàng - Tài chính,,E:\NeuTech\Dữ liệu\Dữ liệu giảng viên\Phòng ban viện/Viện Ngân hàng - Tài chính,Nguyen Thi Minh Hue,PGS. TS. Nguyễn Thị Minh Huệ,Assoc. Prof. Nguyen Thi Minh Hue,Assoc. Prof. Nguyen Thi Minh Hue,
nguyetminh1911@neu.edu.vn,Nguyễn Thị Minh Nguyệt,1,1986,Nữ,,,Thạc sĩ,2012,Giảng viên (Hạng III),Phó trưởng bộ môn,"Đồng Lạc, Nam Sách, Hải Dương",0979439929,Viện Thương mại và Kinh tế quốc tế,,E:\NeuTech\Dữ liệu\Dữ liệu giảng viên\Trường Kinh Doanh/Viện Thương mại và Kinh tế Quốc tế,Nguyen Thi Minh Nguyet,ThS. Nguyễn Thị Minh Nguyệt,Nguyen Thi Minh Nguyet M.Sc.,Nguyen Thi Minh Nguyet M.Sc.,
phuongntm@neu.edu.vn,Nguyễn Thị Minh Phương,2,1981,Nữ,Phó giáo sư,2023,Tiến sĩ,2013,Giảng viên cao cấp (Hạng I),,"1904 Park 9, , Hoàng Mai, Hà Nội",0961395266,Viện Kế toán - Kiểm toán,,E:\NeuTech\Dữ liệu\Dữ liệu giảng viên\Phòng ban viện/Viện Kế toán Kiểm toán,Nguyen Thi Minh Phuong,PGS. TS. Nguyễn Thị Minh Phương,Assoc. Prof. Nguyen Thi Minh Phuong,Assoc. Prof. Nguyen Thi Minh Phuong (School of Accounting and Auditing),(School of Accounting and Auditing)
nguyenminhphuong@neu.edu.vn,Nguyễn Thị Minh Phương,2,1979,Nữ,,,Thạc sĩ,2007,Giảng viên (Hạng III),Phó trưởng bộ môn,"Xóm 1, Thôn Hạ, Mễ Trì, Từ Liêm, Hà Nội",,Khoa Marketing,,E:\NeuTech\Dữ liệu\Dữ liệu giảng viên\Trường Kinh Doanh/Khoa Marketing,Nguyen Thi Minh Phuong,ThS. Nguyễn Thị Minh Phương,Nguyen Thi Minh Phuong M.Sc.,Nguyen Thi Minh Phuong M.Sc. (Marketing),(Marketing)
tamnmhc@neu.edu.vn,Nguyễn Thị Minh Tâm,1,1973,Nữ,,,Cử nhân,1999,Chuyên viên,,"T180608 Times City, số 25, ngõ 13, đường Lĩnh Nam, Mai Động, Hoàng Mai, Hà Nội",0913221503,Phòng Tổng hợp,,E:\NeuTech\Dữ liệu\Dữ liệu giảng viên\Phòng ban viện/Phòng tổng hợp,Nguyen Thi Minh Tam,Nguyễn Thị Minh Tâm,Nguyen Thi Minh Tam,Nguyen Thi Minh Tam,
ntmtrang@neu.edu.vn,Nguyễn Thị Minh Trang,1,1999,Nữ,,,Thạc sĩ,2023,Giảng viên (Hạng III),,"Số 11 Ngách 4/3 Ô Cách, Đức Giang, Long Biên, Hà Nội",0397563690,Khoa Khoa học dữ liệu và Trí tuệ nhân tạo,,E:\NeuTech\Dữ liệu\Dữ liệu giảng viên\Trường Công nghệ/Khoa KHDL và TTNT,Nguyen Thi Minh Trang,ThS. Nguyễn Thị Minh Trang,Nguyen Thi Minh Trang M.Sc.,Nguyen Thi Minh Trang M.Sc.,
mynt@neu.edu.vn,Nguyễn Thị My,1,1976,Nữ,,,Thạc sĩ,2014,Chuyên viên,,"Huỳnh Cung, Tam Hiệp, Thanh Trì, Hà Nội",0912711633,Tạp chí Kinh tế và Phát triển,,E:\NeuTech\Dữ liệu\Dữ liệu giảng viên\Phòng ban viện/Tạp chí Kinh tế phát triển,Nguyen Thi My,ThS. Nguyễn Thị My,Nguyen Thi My M.Sc.,Nguyen Thi My M.Sc.,
nguyenmy@neu.edu.vn,Nguyễn Thị Mỹ,1,1975,Nữ,,,Tiến sĩ,2013,Giảng viên chính (Hạng II),,"7P11 ngõ 103 Nguyễn An Ninh, Tương Mai, Hoàng Mai, Hà Nội",0912265886,Viện Kế toán - Kiểm toán,,E:\NeuTech\Dữ liệu\Dữ liệu giảng viên\Phòng ban viện/Viện Kế toán Kiểm toán,Nguyen Thi My,TS. Nguyễn Thị Mỹ,Dr. Nguyen Thi My,Dr. Nguyen Thi My,
hanhntm@neu.edu.vn,Nguyễn Thị Mỹ Hạnh,1,1981,Nữ,,,Tiến sĩ,,Giảng viên chính (Hạng II),Phó trưởng bộ môn,"82 Nguyễn Tuân, Thanh Xuân Trung, Thanh Xuân, Hà Nội",0943365888,Khoa Du lịch và Khách sạn,,E:\NeuTech\Dữ liệu\Dữ liệu giảng viên\Trường Kinh Doanh/Khoa Du lịch và Khách sạn,Nguyen Thi My Hanh,TS. Nguyễn Thị Mỹ Hạnh,Dr. Nguyen Thi My Hanh,Dr. Nguyen Thi My Hanh,
ngocnt@neu.edu.vn,Nguyễn Thị Ngọc,1,1977,Nữ,,,Thạc sĩ,2016,Chức vụ: Chánh văn phòng,Chánh văn phòng,"Số nhà 22, Tổ 10, Cụm 2, Phường Bưởi, Tây Hồ, Hà Nội",0986846588,Trung tâm Dịch vụ Hỗ trợ đào tạo,,E:\NeuTech\Dữ liệu\Dữ liệu giảng viên\Phòng ban viện/Trung tâm Dịch vụ hỗ trợ đào tạo,Nguyen Thi Ngoc,ThS. Nguyễn Thị Ngọc,Nguyen Thi Ngoc M.Sc.,Nguyen Thi Ngoc M.Sc.,
anhnn@neu.edu.vn,Nguyễn Thị Ngọc Anh,1,1973,Nữ,,,Tiến sĩ,2011,Giảng viên chính (Hạng II),Trưởng bộ môn,"200 ngõ 63, Lê Đức Thọ, Mỹ Đình, Nam Từ Liêm, Hà Nội",0916016018,Khoa Quản trị kinh doanh,502026030360209,E:\NeuTech\Dữ liệu\Dữ liệu giảng viên\Trường Kinh Doanh/Khoa QTKD,Nguyen Thi Ngoc Anh,TS. Nguyễn Thị Ngọc Anh,Dr. Nguyen Thi Ngoc Anh,Dr. Nguyen Thi Ngoc Anh,
diepnn@neu.edu.vn,Nguyễn Thị Ngọc Diệp,1,1977,Nữ,,,Thạc sĩ,2006,Giảng viên chính (Hạng II),,"Toà D Golden Silk Vinaconex2, đường Nghiem Xuan Yem, Đại Kim, Hoàng Mai, Hà Nội",0904348997,Viện Ngân hàng - Tài chính,,E:\NeuTech\Dữ liệu\Dữ liệu giảng viên\Phòng ban viện/Viện Ngân hàng - Tài chính,Nguyen Thi Ngoc Diep,ThS. Nguyễn Thị Ngọc Diệp,Nguyen Thi Ngoc Diep M.Sc.,Nguyen Thi Ngoc Diep M.Sc.,
huyennn@neu.edu.vn,Nguyễn Thị Ngọc Huyền,1,1960,Nữ,Phó giáo sư,2003,Tiến sĩ,1987,Giảng viên cao cấp (Hạng I),,"P22.2, CT3 Chung cư Vimeco, Dịch Vọng, Cầu Giấy, Hà Nội",,Khoa Khoa học Quản lý,,E:\NeuTech\Dữ liệu\Dữ liệu giảng viên\Trường Kinh tế và Quản lý công/Khoa Khoa học quản lý,Nguyen Thi Ngoc Huyen,PGS. TS. Nguyễn Thị Ngọc Huyền,Assoc. Prof. Nguyen Thi Ngoc Huyen,Assoc. Prof. Nguyen Thi Ngoc Huyen,
anhntn@neu.edu.vn,Nguyễn Thị Nguyệt Anh,1,1985,Nữ,,,Tiến sĩ,2018,Giảng viên chính (Hạng II),,"Số 11, 76/5/6 ngõ 76 Nguyễn Chí Thanh, Láng Thượng, Đống Đa, Hà Nội",0948453482,Khoa Quản trị kinh doanh,,E:\NeuTech\Dữ liệu\Dữ liệu giảng viên\Trường Kinh Doanh/Khoa QTKD,Nguyen Thi Nguyet Anh,TS. Nguyễn Thị Nguyệt Anh,Dr. Nguyen Thi Nguyet Anh,Dr. Nguyen Thi Nguyet Anh,
nhint@neu.edu.vn,Nguyễn Thị Nhi,1,1979,Nữ,,,,2008,Văn thư,Văn thư,"Phòng 406, H9A, Tổ 40, Phương Mai, Đống Đa, Hà Nội",0975931118,Khoa Bảo hiểm,,E:\NeuTech\Dữ liệu\Dữ liệu giảng viên\Trường Kinh Doanh/Khoa Bảo hiểm,Nguyen Thi Nhi,Nguyễn Thị Nhi,Nguyen Thi Nhi,Nguyen Thi Nhi,
quynhntn@neu.edu.vn,Nguyễn Thị Như Quỳnh,1,1990,Nữ,,,Cử nhân,2012,Giảng viên (Hạng III),,"13, 554/31, Gia Thuỵ, Long Biên, Hà Nội",0913072359,Khoa Luật,,E:\NeuTech\Dữ liệu\Dữ liệu giảng viên\Trường Kinh tế và Quản lý công/Khoa Luật,Nguyen Thi Nhu Quynh,Nguyễn Thị Như Quỳnh,Nguyen Thi Nhu Quynh,Nguyen Thi Nhu Quynh,
nhungntth@neu.edu.vn,Nguyễn Thị Nhung,1,1990,Nữ,,,Thạc sĩ,2014,Chức vụ:,,"P0801, Parrk9, Time City, 458 Minh Khai, Minh Khai, Hoàng Mai, Hà Nội",0943860300,Phòng Tổng hợp,,E:\NeuTech\Dữ liệu\Dữ liệu giảng viên\Phòng ban viện/Phòng tổng hợp,Nguyen Thi Nhung,ThS. Nguyễn Thị Nhung,Nguyen Thi Nhung M.Sc.,Nguyen Thi Nhung M.Sc.,
lannpnn@neu.edu.vn,Nguyễn Thị Phong Lan,1,1969,Nữ,,,Cử nhân,1991,Giảng viên chính (Hạng II),,"P2Q14 Khu tập thể Trương Định, Hai Bà Trưng, Hà Nội",,Khoa Ngoại ngữ kinh tế,,E:\NeuTech\Dữ liệu\Dữ liệu giảng viên\Trường Kinh tế và Quản lý công/Khoa Ngoại ngữ Kinh tế,Nguyen Thi Phong Lan,Nguyễn Thị Phong Lan,Nguyen Thi Phong Lan,Nguyen Thi Phong Lan,
dungnp@neu.edu.vn,Nguyễn Thị Phương Dung,1,1971,Nữ,,,,2004,Chuyên viên,,"39 Ngõ Trại Cá, Trương Định, Hai Bà Trưng, Hà Nội",,Khoa Đại học tại chức,,E:\NeuTech\Dữ liệu\Dữ liệu giảng viên\Phòng ban viện/Khoa Đại học tại chức,Nguyen Thi Phuong Dung,Nguyễn Thị Phương Dung,Nguyen Thi Phuong Dung,Nguyen Thi Phuong Dung,
hoanp@neu.edu.vn,Nguyễn Thị Phương Hoa,1,1975,Nữ,Phó giáo sư,,Tiến sĩ,2003,Giảng viên cao cấp (Hạng I),Trưởng ban,"P1803 Tòa nhà Artemis, số 3 phố Lê Trọng Tấn, , Thanh Xuân, Hà Nội",0986111256,Viện Đào tạo Sau đại học,"Kiểm toán, Kiểm soát, Tài chính",E:\NeuTech\Dữ liệu\Dữ liệu giảng viên\Phòng ban viện/Viện Kế toán Kiểm toán,Nguyen Thi Phuong Hoa,PGS. TS. Nguyễn Thị Phương Hoa,Assoc. Prof. Nguyen Thi Phuong Hoa,Assoc. Prof. Nguyen Thi Phuong Hoa,
lanbinh@neu.edu.vn,Nguyễn Thị Phương Lan,1,1979,Nữ,,,Tiến sĩ,2018,Giảng viên chính (Hạng II),,"P704, CT6-ĐNI khu đô thị Định Công, , , Hà Nội",0904381626,Khoa Quản trị kinh doanh,,E:\NeuTech\Dữ liệu\Dữ liệu giảng viên\Trường Kinh Doanh/Khoa QTKD,Nguyen Thi Phuong Lan,TS. Nguyễn Thị Phương Lan,Dr. Nguyen Thi Phuong Lan,Dr. Nguyen Thi Phuong Lan,
linhnp@neu.edu.vn,Nguyễn Thị Phương Linh,1,1987,Nữ,Phó giáo sư,2023,Tiến sĩ,2019,Giảng viên cao cấp (Hạng I),,"P07.0711, Khu đô thị Times city, Mai Động, Hoàng Mai, Hà Nội",0982244687,Khoa Quản trị kinh doanh,,E:\NeuTech\Dữ liệu\Dữ liệu giảng viên\Trường Kinh Doanh/Khoa QTKD,Nguyen Thi Phuong Linh,PGS. TS. Nguyễn Thị Phương Linh,Assoc. Prof. Nguyen Thi Phuong Linh,Assoc. Prof. Nguyen Thi Phuong Linh,
thaonp1905@neu.edu.vn,Nguyễn Thị Phương Thảo,1,1989,Nữ,,,Tiến sĩ,2023,Giảng viên (Hạng III),,"Số 12, BT1, bán đảo Linh Đàm, Hoàng Liệt, Hoàng Mai, Hà Nội",0978781945,Khoa Du lịch và Khách sạn,,E:\NeuTech\Dữ liệu\Dữ liệu giảng viên\Trường Kinh Doanh/Khoa Du lịch và Khách sạn,Nguyen Thi Phuong Thao,TS. Nguyễn Thị Phương Thảo,Dr. Nguyen Thi Phuong Thao,Dr. Nguyen Thi Phuong Thao,
thunp@neu.edu.vn,Nguyễn Thị Phương Thu,2,1980,Nữ,Phó giáo sư,2024,Tiến sĩ,2018,Giảng viên cao cấp (Hạng I),,"52 Hàng bún, Ba Đình, Hà Nội",0386010980,Khoa Kế hoạch và Phát triển,,E:\NeuTech\Dữ liệu\Dữ liệu giảng viên\Trường Kinh tế và Quản lý công/Khoa Kế hoạch và phát triển,Nguyen Thi Phuong Thu,PGS. TS. Nguyễn Thị Phương Thu,Assoc. Prof. Nguyen Thi Phuong Thu,Assoc. Prof. Nguyen Thi Phuong Thu (Faculty of Planning and Development),(Faculty of Planning and Development)
nphuongthu@neu.edu.vn,Nguyễn Thị Phương Thu,2,1983,Nữ,,,Thạc sĩ,2010,Giảng viên (Hạng III),,"110 D15, Khu tập thể 8-3, Quỳnh Mai, Hai Bà Trưng, Hà Nội",0989736067,Khoa Ngoại ngữ kinh tế,,E:\NeuTech\Dữ liệu\Dữ liệu giảng viên\Trường Kinh tế và Quản lý công/Khoa Ngoại ngữ Kinh tế,Nguyen Thi Phuong Thu,ThS. Nguyễn Thị Phương Thu,Nguyen Thi Phuong Thu M.Sc.,Nguyen Thi Phuong Thu M.Sc. (Faculty of Foreign Languages for Economics),(Faculty of Foreign Languages for Economics)
quynguyen@neu.edu.vn,Nguyễn Thị Quý,1,1980,Nữ,,,Thạc sĩ,2006,Giảng viên (Hạng III),,"p4448 - Ct12B - Khu đô thị Kim văn - Kim lũ, Đại Kim, Hoàng Mai, Hà Nội",0942527478,Khoa Khoa học cơ sở,,E:\NeuTech\Dữ liệu\Dữ liệu giảng viên\Trường Công nghệ/Khoa Khoa học Cơ sở,Nguyen Thi Quy,ThS. Nguyễn Thị Quý,Nguyen Thi Quy M.Sc.,Nguyen Thi Quy M.Sc.,
giangntq@neu.edu.vn,Nguyễn Thị Quỳnh Giang,1,1988,Nữ,,,Tiến sĩ,2016,Giảng viên (Hạng III),,"Chung cư Học viện Quốc phòng, Xuân La, Tây Hồ, Hà Nội",0931722246,Khoa Toán kinh tế,,E:\NeuTech\Dữ liệu\Dữ liệu giảng viên\Trường Công nghệ/Khoa Toán Kinh tế,Nguyen Thi Quynh Giang,TS. Nguyễn Thị Quỳnh Giang,Dr. Nguyen Thi Quynh Giang,Dr. Nguyen Thi Quynh Giang,
huongnq@neu.edu.vn,Nguyễn Thị Quỳnh Hương,1,1974,Nữ,,,Thạc sĩ,2007,Chuyên viên chính hạng II,,"Số 3, ngõ 43, Nguyễn Ngọc Nại, Khương Mai, Thanh Xuân, Hà Nội",0934258666,Phòng Quản lý khoa học,1. Lĩnh vực 12. Lĩnh vực 23. Lĩnh vực 3,E:\NeuTech\Dữ liệu\Dữ liệu giảng viên\Phòng ban viện/Phòng Quản lý Khoa học,Nguyen Thi Quynh Huong,ThS. Nguyễn Thị Quỳnh Hương,Nguyen Thi Quynh Huong M.Sc.,Nguyen Thi Quynh Huong M.Sc.,
loanntq@neu.edu.vn,Nguyễn Thị Quỳnh Loan,1,1990,Nữ,,,Tiến sĩ,2024,Giảng viên (Hạng III),,"Thôn Yên Bệ, Kim Chung, Hoài Đức, Hà Nội",0936449966,Viện Ngân hàng - Tài chính,,E:\NeuTech\Dữ liệu\Dữ liệu giảng viên\Phòng ban viện/Viện Ngân hàng - Tài chính,Nguyen Thi Quynh Loan,TS. Nguyễn Thị Quỳnh Loan,Dr. Nguyen Thi Quynh Loan,Dr. Nguyen Thi Quynh Loan,
trangnq@neu.edu.vn,Nguyễn Thị Quỳnh Trang,1,1987,Nữ,,,Tiến sĩ,2021,Giảng viên (Hạng III),,", Kiến Hưng, Hà Đông, Hà Nội",0837969595,Khoa Du lịch và Khách sạn,"Quản lý du lịch, Quản trị điểm đến, Nghiên cứu định tính",E:\NeuTech\Dữ liệu\Dữ liệu giảng viên\Trường Kinh Doanh/Khoa Du lịch và Khách sạn,Nguyen Thi Quynh Trang,TS. Nguyễn Thị Quỳnh Trang,Dr. Nguyen Thi Quynh Trang,Dr. Nguyen Thi Quynh Trang,
tamnt@neu.edu.vn,Nguyễn Thị Tâm,1,1981,Nữ,,,Cử nhân,2007,Chuyên viên,Trợ lý,"Ngõ 50, số 18 phố Long Biên, Ngọc Lâm, Long Biên, Hà Nội",0795046869,Khoa Bảo hiểm,,E:\NeuTech\Dữ liệu\Dữ liệu giảng viên\Trường Kinh Doanh/Khoa Bảo hiểm,Nguyen Thi Tam,Nguyễn Thị Tâm,Nguyen Thi Tam,Nguyen Thi Tam,
nguyentham@neu.edu.vn,Nguyễn Thị Thắm,1,1984,Nữ,,,Tiến sĩ,2021,Giảng viên chính (Hạng II),,"14c Hoàng Ngân, Trung Hoà, Cầu Giấy, Hà Nội",0912300971,Khoa Lý luận Chính trị,,E:\NeuTech\Dữ liệu\Dữ liệu giảng viên\Trường Kinh tế và Quản lý công/Khoa LLCT,Nguyen Thi Tham,TS. Nguyễn Thị Thắm,Dr. Nguyen Thi Tham,Dr. Nguyen Thi Tham,
diepnt@neu.edu.vn,Nguyễn Thị Thanh Diệp,1,1984,Nữ,,,Tiến sĩ,2017,Giảng viên chính (Hạng II),,"38D Ngõ 40 Phố Chính Kinh , Nhân Chính, Thanh Xuân, Hà Nội",0988453399,Viện Kế toán - Kiểm toán,,E:\NeuTech\Dữ liệu\Dữ liệu giảng viên\Phòng ban viện/Viện Kế toán Kiểm toán,Nguyen Thi Thanh Diep,TS. Nguyễn Thị Thanh Diệp,Dr. Nguyen Thi Thanh Diep,Dr. Nguyen Thi Thanh Diep,
thanhduong@neu.edu.vn,Nguyễn Thị Thanh Dương,1,1988,Nữ,,,Tiến sĩ,2022,Giảng viên (Hạng III),,"92 Bà Triệu, Hàng Bài, Hoàn Kiếm, Hà Nội",,Viện Ngân hàng - Tài chính,,E:\NeuTech\Dữ liệu\Dữ liệu giảng viên\Phòng ban viện/Viện Ngân hàng - Tài chính,Nguyen Thi Thanh Duong,TS. Nguyễn Thị Thanh Dương,Dr. Nguyen Thi Thanh Duong,Dr. Nguyen Thi Thanh Duong,
,Nguyễn Thị Thanh Hà,1,1975,Nữ,,,Thạc sĩ,2002,Giảng viên (Hạng III),,"7/40/3 ngõ Thống Nhất, Đại La, Hai Bà Trưng, Hà Nội",,Viện Thương mại và Kinh tế quốc tế,,E:\NeuTech\Dữ liệu\Dữ liệu giảng viên\Trường Kinh Doanh/Viện Thương mại và Kinh tế Quốc tế,Nguyen Thi Thanh Ha,ThS. Nguyễn Thị Thanh Hà,Nguyen Thi Thanh Ha M.Sc.,Nguyen Thi Thanh Ha M.Sc.,
nthoayte@neu.edu.vn,Nguyễn Thị Thanh Hoa,1,1979,Nữ,,,Cử nhân,2006,Chuyên viên,,"A8 P10 tập thể Đại học Kinh tế quốc dân, Đồng Tâm, Hai Bà Trưng, Hà Nội",,Trạm y tế,,E:\NeuTech\Dữ liệu\Dữ liệu giảng viên\Phòng ban viện/Trạm y tế,Nguyen Thi Thanh Hoa,Nguyễn Thị Thanh Hoa,Nguyen Thi Thanh Hoa,Nguyen Thi Thanh Hoa,
huyennt@neu.edu.vn,Nguyễn Thị Thanh Huyền,2,1976,Nữ,Phó giáo sư,2023,Tiến sĩ,2013,Giảng viên cao cấp (Hạng I),Phó trưởng khoa,"Ngõ 103 Nguyễn An Ninh, số 7P12- Tương Mai - Hoàng Mai - Hà nội, , , Hà Nội",0912078833,"Khoa Môi trường, Biến đổi khí hậu và Đô thị",,"E:\NeuTech\Dữ liệu\Dữ liệu giảng viên\Trường Kinh tế và Quản lý công/Khoa Môi trường, Biến đổi khí hậu và Đô thị",Nguyen Thi Thanh Huyen,PGS. TS. Nguyễn Thị Thanh Huyền,Assoc. Prof. Nguyen Thi Thanh Huyen,Assoc. Prof. Nguyen Thi Thanh Huyen (Faculty of Environment),(Faculty of Environment)
huyenthanhnn@neu.edu.vn,Nguyễn Thị Thanh Huyền,2,1982,Nữ,,,Tiến sĩ,2019,Giảng viên chính (Hạng II),Trưởng bộ môn,"số 7 lô 3A đường Trung Yên 11, Trung Hoà, Cầu Giấy, Hà Nội",0912568088,Khoa Ngoại ngữ kinh tế,,E:\NeuTech\Dữ liệu\Dữ liệu giảng viên\Trường Kinh tế và Quản lý công/Khoa Ngoại ngữ Kinh tế,Nguyen Thi Thanh Huyen,TS. Nguyễn Thị Thanh Huyền,Dr. Nguyen Thi Thanh Huyen,Dr. Nguyen Thi Thanh Huyen (Faculty of Foreign Languages for Economics),(Faculty of Foreign Languages for Economics)
nganguyen@neu.edu.vn,Nguyễn Thị Thanh Nga,1,1984,Nữ,,,Cử nhân,2010,Chức vụ:,,Điện thọai: CQ: ; Mobile:,,Trung tâm Dịch vụ Hỗ trợ đào tạo,,E:\NeuTech\Dữ liệu\Dữ liệu giảng viên\Phòng ban viện/Trung tâm Dịch vụ hỗ trợ đào tạo,Nguyen Thi Thanh Nga,Nguyễn Thị Thanh Nga,Nguyen Thi Thanh Nga,Nguyen Thi Thanh Nga,
thanhthao@neu.edu.vn,Nguyễn Thị Thanh Thảo,1,1980,Nữ,,,Thạc sĩ,2016,Chuyên viên,,"P111, A14 tập thể đại học kinh tế quốc dân, Đồng Tâm, Hai Bà Trưng, Hà Nội",0383244480,Trung tâm Ứng dụng Công nghệ thông tin,,E:\NeuTech\Dữ liệu\Dữ liệu giảng viên\Phòng ban viện/Trung tâm ứng dụng CNTT,Nguyen Thi Thanh Thao,ThS. Nguyễn Thị Thanh Thảo,Nguyen Thi Thanh Thao M.Sc.,Nguyen Thi Thanh Thao M.Sc.,
thuyntt@neu.edu.vn,Nguyễn Thị Thanh Thúy,1,1995,Nữ,,,Cử nhân,2017,Chuyên viên,,"Số 42, Phù Long, Phường Trần Tế Xương, Nam Định",,Phòng Công tác chính trị và Quản lý sinh viên,,E:\NeuTech\Dữ liệu\Dữ liệu giảng viên\Phòng ban viện/Phòng CTCT & QLSV,Nguyen Thi Thanh Thuy,Nguyễn Thị Thanh Thúy,Nguyen Thi Thanh Thuy,Nguyen Thi Thanh Thuy,
vanntnn@neu.edu.vn,Nguyễn Thị Thanh Vân,1,1973,Nữ,,,Thạc sĩ,2004,Giảng viên (Hạng III),,Điện thọai: CQ: ; Mobile:,,Khoa Ngoại ngữ kinh tế,,E:\NeuTech\Dữ liệu\Dữ liệu giảng viên\Trường Kinh tế và Quản lý công/Khoa Ngoại ngữ Kinh tế,Nguyen Thi Thanh Van,ThS. Nguyễn Thị Thanh Vân,Nguyen Thi Thanh Van M.Sc.,Nguyen Thi Thanh Van M.Sc.,
thaonguyen@neu.edu.vn,Nguyễn Thị Thảo,1,1980,Nữ,,,Tiến sĩ,2024,Giảng viên chính (Hạng II),,"CT2C khu Đô thị mới Nghĩa Đô, , Từ Liêm, Hà Nội",0945497368,Khoa Toán kinh tế,,E:\NeuTech\Dữ liệu\Dữ liệu giảng viên\Trường Công nghệ/Khoa Toán Kinh tế,Nguyen Thi Thao,TS. Nguyễn Thị Thảo,Dr. Nguyen Thi Thao,Dr. Nguyen Thi Thao,
ntanhxhh@neu.edu.vn,Nguyễn Thị Thế Anh,1,1974,Nữ,,,Thạc sĩ,2009,Trợ lý,Trợ lý,"14 A7 (ngõ 100 - Trần Đại Nghĩa) - TT Đại học kinh tế Quốc dân - Đồng Tâm - HBT - HN, Đồng Tâm, Hai Bà Trưng, Hà Nội",0989555123,Khoa Kinh tế và Quản lý Nguồn nhân lực,,E:\NeuTech\Dữ liệu\Dữ liệu giảng viên\Trường Kinh Doanh/Khoa Kinh tế và Quản lý nguồn nhân lực,Nguyen Thi The Anh,ThS. Nguyễn Thị Thế Anh,Nguyen Thi The Anh M.Sc.,Nguyen Thi The Anh M.Sc.,
thienhuong@neu.edu.vn,Nguyễn Thị Thiên Hương,1,1986,Nữ,,,Thạc sĩ,2010,Giảng viên chính (Hạng II),,"139, Phường Lạch Tray, Quận Ngô Quyền, Hải Phòng",,Trung tâm Ngoại ngữ kinh tế,,E:\NeuTech\Dữ liệu\Dữ liệu giảng viên\Phòng ban viện/Trung tâm ngoại ngữ kinh tế,Nguyen Thi Thien Huong,ThS. Nguyễn Thị Thiên Hương,Nguyen Thi Thien Huong M.Sc.,Nguyen Thi Thien Huong M.Sc.,
hantt@neu.edu.vn,Nguyễn Thị Thu Hà,3,1989,Nữ,,,Cử nhân,2011,Chuyên viên,,"Số 3 ngõ 121 Lê Thanh Nghị, Hà Nội",,"Viện Đào tạo tiên tiến, chất lượng cao và POHE",,"E:\NeuTech\Dữ liệu\Dữ liệu giảng viên\Phòng ban viện/Viện Đào tạo, tiên tiến, CLC và POHE",Nguyen Thi Thu Ha,Nguyễn Thị Thu Hà,Nguyen Thi Thu Ha,Nguyen Thi Thu Ha (AEP),(AEP)
thuhabh@neu.edu.vn,Nguyễn Thị Thu Hà,3,1990,Nữ,,,Thạc sĩ,,Giảng viên (Hạng III),,"Nhà 5, dãy 85/23, cụm 12, Tân Xuân, Xuân Đỉnh, Từ Liêm, Hà Nội",,Khoa Bảo hiểm,,E:\NeuTech\Dữ liệu\Dữ liệu giảng viên\Trường Kinh Doanh/Khoa Bảo hiểm,Nguyen Thi Thu Ha,ThS. Nguyễn Thị Thu Hà,Nguyen Thi Thu Ha M.Sc.,Nguyen Thi Thu Ha M.Sc. (Faculty of Insurance),(Faculty of Insurance)
hadautu@neu.edu.vn,Nguyễn Thị Thu Hà,3,1968,Nữ,,,Tiến sĩ,2013,Giảng viên chính (Hạng II),Phó trưởng khoa,"48 ngách 305 Ngõ Quỳnh, Quỳnh Lôi, Hai Bà Trưng, Hà Nội",0912783234,Khoa Đầu tư,,E:\NeuTech\Dữ liệu\Dữ liệu giảng viên\Trường Kinh tế và Quản lý công/Khoa Đầu tư,Nguyen Thi Thu Ha,TS. Nguyễn Thị Thu Hà,Dr. Nguyen Thi Thu Ha,Dr. Nguyen Thi Thu Ha (Faculty of Investment),(Faculty of Investment)
hienntt@neu.edu.vn,Nguyễn Thị Thu Hiền,1,1978,Nữ,,,Cử nhân,2000,Thư viện viên,,"Nhà số 3 B7, tập thể Đại học KTQD, Đồng Tâm, Hai Bà Trưng, Hà Nội",,"Trung tâm Thông tin, tư liệu, thư viện",,E:\NeuTech\Dữ liệu\Dữ liệu giảng viên\Phòng ban viện/Trung tâm thông tin thư viện,Nguyen Thi Thu Hien,Nguyễn Thị Thu Hiền,Nguyen Thi Thu Hien,Nguyen Thi Thu Hien,
thuhuongtv@neu.edu.vn,Nguyễn Thị Thu Hường,1,1970,Nữ,,,,,Nhân viên,,"Phòng 1, Nhà D1, Tập thể KTQD, Đồng Tâm, Hai Bà Trưng, Hà Nội",0989992632,"Trung tâm Thông tin, tư liệu, thư viện",,E:\NeuTech\Dữ liệu\Dữ liệu giảng viên\Phòng ban viện/Trung tâm thông tin thư viện,Nguyen Thi Thu Huong,Nguyễn Thị Thu Hường,Nguyen Thi Thu Huong,Nguyen Thi Thu Huong,
liennt@neu.edu.vn,Nguyễn Thị Thu Liên,1,1978,Nữ,Phó giáo sư,2014,Tiến sĩ,,Giảng viên cao cấp (Hạng I),,"Phòng 25, N8, Tập thể Đại học Kinh tế Quốc dân, Đồng Tâm, Hai Bà Trưng, Hà Nội",,Viện Kế toán - Kiểm toán,,E:\NeuTech\Dữ liệu\Dữ liệu giảng viên\Phòng ban viện/Viện Kế toán Kiểm toán,Nguyen Thi Thu Lien,PGS. TS. Nguyễn Thị Thu Liên,Assoc. Prof. Nguyen Thi Thu Lien,Assoc. Prof. Nguyen Thi Thu Lien,
thutrang@neu.edu.vn,Nguyễn Thị Thu Trang,3,1986,Nữ,,,Thạc sĩ,,Giảng viên (Hạng III),,"Phòng 207, Khu TT C1+C2, số 106 Lê Trọng Tấn, , Thanh Xuân, Hà Nội",0915259368,Khoa Toán kinh tế,,E:\NeuTech\Dữ liệu\Dữ liệu giảng viên\Trường Công nghệ/Khoa Toán Kinh tế,Nguyen Thi Thu Trang,ThS. Nguyễn Thị Thu Trang,Nguyen Thi Thu Trang M.Sc.,Nguyen Thi Thu Trang M.Sc. (Faculty of Mathemtical Economics),(Faculty of Mathemtical Economics)
trangntqtkd@neu.edu.vn,Nguyễn Thị Thu Trang,3,1979,Nữ,,,Thạc sĩ,2004,Giảng viên (Hạng III),,"Số 4, ngõ 199, Trường Chinh, , , Hà Nội",0945082479,Viện Quản trị kinh doanh,,E:\NeuTech\Dữ liệu\Dữ liệu giảng viên\Trường Kinh Doanh/Viện QTKD,Nguyen Thi Thu Trang,ThS. Nguyễn Thị Thu Trang,Nguyen Thi Thu Trang M.Sc.,Nguyen Thi Thu Trang M.Sc. (School of Business Management),(School of Business Management)
trangntnn@neu.edu.vn,Nguyễn Thị Thu Trang,3,1979,Nữ,,,Thạc sĩ,2008,Giảng viên chính (Hạng II),,"Khu B, tập thể đại học m ỏ địa chất Cổ Nhuế, , Từ Liêm, Hà Nội",0905597618,Khoa Ngoại ngữ kinh tế,,E:\NeuTech\Dữ liệu\Dữ liệu giảng viên\Trường Kinh tế và Quản lý công/Khoa Ngoại ngữ Kinh tế,Nguyen Thi Thu Trang,ThS. Nguyễn Thị Thu Trang,Nguyen Thi Thu Trang M.Sc.,Nguyen Thi Thu Trang M.Sc. (Faculty of Foreign Languages for Economics),(Faculty of Foreign Languages for Economics)
thucnt@neu.edu.vn,Nguyễn Thị Thức,1,1968,Nữ,,,,,Nhân viên,,"2a ngõ Tự Do, Trương Định, Hoàng Mai, Hà Nội",0397498988,Phòng Quản trị thiết bị,,E:\NeuTech\Dữ liệu\Dữ liệu giảng viên\Phòng ban viện/Phòng quản trị thiết bị,Nguyen Thi Thuc,Nguyễn Thị Thức,Nguyen Thi Thuc,Nguyen Thi Thuc,
thuongnt@neu.edu.vn,Nguyễn Thị Thương,1,1981,Nữ,,,Tiến sĩ,2020,Giảng viên chính (Hạng II),,"18 Vương Thừa Vũ, Khương Trung, Thanh Xuân, Hà Nội",0985816517,Khoa Đầu tư,,E:\NeuTech\Dữ liệu\Dữ liệu giảng viên\Trường Kinh tế và Quản lý công/Khoa Đầu tư,Nguyen Thi Thuong,TS. Nguyễn Thị Thương,Dr. Nguyen Thi Thuong,Dr. Nguyen Thi Thuong,
thuyngth@neu.edu.vn,Nguyễn Thị Thúy,1,1981,Nữ,,,Thạc sĩ,2007,Giảng viên chính (Hạng II),Phó trưởng bộ môn,"Số 8B ngách 44/35 Nhân Hòa, Nhân Chính, Thanh Xuân, Hà Nội",,Khoa Ngoại ngữ kinh tế,,E:\NeuTech\Dữ liệu\Dữ liệu giảng viên\Trường Kinh tế và Quản lý công/Khoa Ngoại ngữ Kinh tế,Nguyen Thi Thuy,ThS. Nguyễn Thị Thúy,Nguyen Thi Thuy M.Sc.,Nguyen Thi Thuy M.Sc.,
thuynt@neu.edu.vn,Nguyễn Thị Thùy,1,1978,Nữ,,,Thạc sĩ,2021,Chuyên viên chính hạng II,Trợ lý,"Thôn 3, Đình Xuyên, Gia Lâm, Hà Nội",0985501448,Khoa Ngoại ngữ kinh tế,,E:\NeuTech\Dữ liệu\Dữ liệu giảng viên\Trường Kinh tế và Quản lý công/Khoa Ngoại ngữ Kinh tế,Nguyen Thi Thuy,ThS. Nguyễn Thị Thùy,Nguyen Thi Thuy M.Sc.,Nguyen Thi Thuy M.Sc.,
duongnt@neu.edu.vn,Nguyễn Thị Thùy Dương,1,1977,Nữ,Phó giáo sư,2018,Tiến sĩ,2010,Giảng viên cao cấp (Hạng I),,"214 Nguyễn Ngọc Nại, Khương Mai, Thanh Xuân, Hà Nội",0989308846,Viện Ngân hàng - Tài chính,,E:\NeuTech\Dữ liệu\Dữ liệu giảng viên\Phòng ban viện/Viện Ngân hàng - Tài chính,Nguyen Thi Thuy Duong,PGS. TS. Nguyễn Thị Thùy Dương,Assoc. Prof. Nguyen Thi Thuy Duong,Assoc. Prof. Nguyen Thi Thuy Duong,
,Nguyễn Thị Thúy Hạnh,1,1965,Nữ,,,,,Chức vụ:,,"Số 3, ngách 85/6 ngõ Trung Tả, Khâm Thiên, Đống Đa, Hà Nội",,Trung tâm Dịch vụ Hỗ trợ đào tạo,,E:\NeuTech\Dữ liệu\Dữ liệu giảng viên\Phòng ban viện/Trung tâm Dịch vụ hỗ trợ đào tạo,Nguyen Thi Thuy Hanh,Nguyễn Thị Thúy Hạnh,Nguyen Thi Thuy Hanh,Nguyen Thi Thuy Hanh,
thuyhoa@neu.edu.vn,Nguyễn Thị Thúy Hòa,1,1984,Nữ,,,Thạc sĩ,2014,Giảng viên chính (Hạng II),,"Phòng 1811, tòa HH1, chung cư 90 Nguyễn Tuân, Thanh Xuân Trung, Thanh Xuân, Hà Nội",0989661898,Khoa Ngoại ngữ kinh tế,"Ngôn ngữ,Lý luận và phương pháp giảng dạy,Ngôn ngữ học ứng dụng",E:\NeuTech\Dữ liệu\Dữ liệu giảng viên\Trường Kinh tế và Quản lý công/Khoa Ngoại ngữ Kinh tế,Nguyen Thi Thuy Hoa,ThS. Nguyễn Thị Thúy Hòa,Nguyen Thi Thuy Hoa M.Sc.,Nguyen Thi Thuy Hoa M.Sc.,
hongnt@neu.edu.vn,Nguyễn Thị Thúy Hồng,1,1971,Nữ,,,Tiến sĩ,2014,Giảng viên cao cấp (Hạng I),Phó trưởng bộ môn,"5C, N3, TT5, Khu Đô Thị Bắc Linh Đàm, Đại Kim, Hoàng Mai, Hà Nội",0961261666,Viện Thương mại và Kinh tế quốc tế,Kinh tế quốc tếLogisticsKinh tế kinh doanh quốc tế,E:\NeuTech\Dữ liệu\Dữ liệu giảng viên\Trường Kinh Doanh/Viện Thương mại và Kinh tế Quốc tế,Nguyen Thi Thuy Hong,TS. Nguyễn Thị Thúy Hồng,Dr. Nguyen Thi Thuy Hong,Dr. Nguyen Thi Thuy Hong,
thuytrang@neu.edu.vn,Nguyễn Thị Thùy Trang,1,1986,Nữ,,,Thạc sĩ,2012,Giảng viên (Hạng III),,"Số 3, ngõ 276/11, Đại Từ, Đại Kim, Hoàng Mai, Hà Nội",0985984389,Khoa Toán kinh tế,,E:\NeuTech\Dữ liệu\Dữ liệu giảng viên\Trường Công nghệ/Khoa Toán Kinh tế,Nguyen Thi Thuy Trang,ThS. Nguyễn Thị Thùy Trang,Nguyen Thi Thuy Trang M.Sc.,Nguyen Thi Thuy Trang M.Sc.,
tungphuong@neu.edu.vn,Nguyễn Thị Tùng Phương,1,1980,Nữ,,,Tiến sĩ,2019,Giảng viên (Hạng III),Phó trưởng bộ môn,"Số 24 Lô H ngõ 84, tổ 56, Hoàng Văn Thụ, Hoàng Mai, Hà Nội",0914799996,Khoa Bất động sản và Kinh tế Tài nguyên,,E:\NeuTech\Dữ liệu\Dữ liệu giảng viên\Trường Kinh Doanh/Khoa BĐS & KTTN,Nguyen Thi Tung Phuong,TS. Nguyễn Thị Tùng Phương,Dr. Nguyen Thi Tung Phuong,Dr. Nguyen Thi Tung Phuong,
tuongvi@neu.edu.vn,Nguyễn Thị Tường Vi,1,1984,Nữ,,,,2006,Chuyên viên,,Điện thọai: CQ: ; Mobile:,,Phòng Thanh tra – Pháp chế,,E:\NeuTech\Dữ liệu\Dữ liệu giảng viên\Phòng ban viện/Phòng thanh tra pháp chế,Nguyen Thi Tuong Vi,Nguyễn Thị Tường Vi,Nguyen Thi Tuong Vi,Nguyen Thi Tuong Vi,
tuyetmaisdh@neu.edu.vn,Nguyễn Thị Tuyết Mai,1,1962,Nữ,Giáo sư,2022,Tiến sĩ,,Giảng viên cao cấp (Hạng I),,"P504 lực lượng TNXK, Thanh Nhàn, , , Hà Nội",0913500898,Viện Phát triển bền vững,,E:\NeuTech\Dữ liệu\Dữ liệu giảng viên\Trường Kinh Doanh/Khoa QTKD,Nguyen Thi Tuyet Mai,GS. TS. Nguyễn Thị Tuyết Mai,Prof. Nguyen Thi Tuyet Mai,Prof. Nguyen Thi Tuyet Mai,
vint@neu.edu.vn,Nguyễn Thị Vi,1,1982,Nữ,,,Tiến sĩ,2021,Giảng viên chính (Hạng II),,", , ,",0904585268,Khoa Kinh tế học,,E:\NeuTech\Dữ liệu\Dữ liệu giảng viên\Trường Kinh tế và Quản lý công/Khoa Kinh tế học,Nguyen Thi Vi,TS. Nguyễn Thị Vi,Dr. Nguyen Thi Vi,Dr. Nguyen Thi Vi,
vinhnguyen@neu.edu.vn,Nguyễn Thị Vinh,1,1971,Nữ,,,,2001,Văn thư,Văn thư,"102H1 Vĩnh Phúc Ba Đình Hà Nội, Vĩnh Phúc, Ba Đình, Hà Nội",0936327748,Khoa Bất động sản và Kinh tế Tài nguyên,,E:\NeuTech\Dữ liệu\Dữ liệu giảng viên\Trường Kinh Doanh/Khoa BĐS & KTTN,Nguyen Thi Vinh,Nguyễn Thị Vinh,Nguyen Thi Vinh,Nguyen Thi Vinh,
ntxuandv@neu.edu.vn,Nguyễn Thị Xuân,1,1972,Nữ,,,Cử nhân,,Văn thư,Văn thư,"Số 27 ngõ Kiến Thiết, Đại La, Hai Bà Trưng, Hà Nội",,Trung tâm Dịch vụ Hỗ trợ đào tạo,,E:\NeuTech\Dữ liệu\Dữ liệu giảng viên\Phòng ban viện/Trung tâm Dịch vụ hỗ trợ đào tạo,Nguyen Thi Xuan,Nguyễn Thị Xuân,Nguyen Thi Xuan,Nguyen Thi Xuan,
,Nguyễn Thị Xuân Hương,1,1965,Nữ,Phó giáo sư,2006,,2006,Giảng viên cao cấp (Hạng I),,"Số 62, Ngõ 189 Hoàng Hoa Thám, Liễu Giai, Ba Đình, Hà Nội",,Viện Thương mại và Kinh tế quốc tế,,E:\NeuTech\Dữ liệu\Dữ liệu giảng viên\Trường Kinh Doanh/Viện Thương mại và Kinh tế Quốc tế,Nguyen Thi Xuan Huong,PGS. Nguyễn Thị Xuân Hương,Assoc. Prof. Nguyen Thi Xuan Huong,Assoc. Prof. Nguyen Thi Xuan Huong,
mainx@neu.edu.vn,Nguyễn Thị Xuân Mai,1,1979,Nữ,,,Tiến sĩ,2019,Giảng viên chính (Hạng II),Phó trưởng bộ môn,"185 Chùa Láng, Láng Thượng, Đống Đa, Hà Nội",0983608295,Khoa Thống kê,,E:\NeuTech\Dữ liệu\Dữ liệu giảng viên\Trường Công nghệ/Khoa Thống Kê,Nguyen Thi Xuan Mai,TS. Nguyễn Thị Xuân Mai,Dr. Nguyen Thi Xuan Mai,Dr. Nguyen Thi Xuan Mai,
bant@neu.edu.vn,Nguyễn Thu Ba,1,1974,Nữ,,,Tiến sĩ,2018,Giảng viên chính (Hạng II),,"38 Ngõ 10 Phố Hồ Đắc Di, Nam Đồng, Đống Đa, Hà Nội",0904186405,Khoa Luật,,E:\NeuTech\Dữ liệu\Dữ liệu giảng viên\Trường Kinh tế và Quản lý công/Khoa Luật,Nguyen Thu Ba,TS. Nguyễn Thu Ba,Dr. Nguyen Thu Ba,Dr. Nguyen Thu Ba,
hangnt@neu.edu.vn,Nguyễn Thu Hằng,2,1986,Nữ,,,Tiến sĩ,2021,Giảng viên chính (Hạng II),,"191 Linh Quang, Văn Chương, Đống Đa, Hà Nội",,Viện Kế toán - Kiểm toán,,E:\NeuTech\Dữ liệu\Dữ liệu giảng viên\Phòng ban viện/Viện Kế toán Kiểm toán,Nguyen Thu Hang,TS. Nguyễn Thu Hằng,Dr. Nguyen Thu Hang,Dr. Nguyen Thu Hang (School of Accounting and Auditing),(School of Accounting and Auditing)
nthang@neu.edu.vn,Nguyễn Thu Hằng,2,1981,Nữ,,,,2004,Chuyên viên,,"Park 3 Times City, Mai Động, Hoàng Mai, Hà Nội",0982072662,Viện Quản trị kinh doanh,,E:\NeuTech\Dữ liệu\Dữ liệu giảng viên\Trường Kinh Doanh/Viện QTKD,Nguyen Thu Hang,Nguyễn Thu Hằng,Nguyen Thu Hang,Nguyen Thu Hang (School of Business Management),(School of Business Management)
thuhuongnguyen@neu.edu.vn,Nguyễn Thu Hương,2,1990,Nữ,,,Cử nhân,2012,Chuyên viên,,"32 Lý Thái Tổ, Lý Thái Tổ, Hoàn Kiếm, Hà Nội",,Phòng Công tác chính trị và Quản lý sinh viên,,E:\NeuTech\Dữ liệu\Dữ liệu giảng viên\Phòng ban viện/Phòng CTCT & QLSV,Nguyen Thu Huong,Nguyễn Thu Hương,Nguyen Thu Huong,Nguyen Thu Huong,
huongnguyen@neu.edu.vn,Nguyễn Thu Hương,2,1981,Nữ,,,Thạc sĩ,2006,Giảng viên (Hạng III),,"Láng Thượng, Đống Đa, Hà Nội",,Khoa Ngoại ngữ kinh tế,,E:\NeuTech\Dữ liệu\Dữ liệu giảng viên\Trường Kinh tế và Quản lý công/Khoa Ngoại ngữ Kinh tế,Nguyen Thu Huong,ThS. Nguyễn Thu Hương,Nguyen Thu Huong M.Sc.,Nguyen Thu Huong M.Sc. (Faculty of Foreign Languages for Economics),(Faculty of Foreign Languages for Economics)
lannt@neu.edu.vn,Nguyễn Thu Lan,1,1979,Nữ,,,Tiến sĩ,,Giảng viên chính (Hạng II),Phó trưởng bộ môn,"22 ngách 163/22 ngõ 163 đường Đại Mỗ, , Nam Từ Liêm, Hà Nội",0932258666,Khoa Marketing,,E:\NeuTech\Dữ liệu\Dữ liệu giảng viên\Trường Kinh Doanh/Khoa Marketing,Nguyen Thu Lan,TS. Nguyễn Thu Lan,Dr. Nguyen Thu Lan,Dr. Nguyen Thu Lan,
thunga@neu.edu.vn,Nguyễn Thu Ngà,1,1981,Nữ,,,Tiến sĩ,2023,Giảng viên chính (Hạng II),Phó trưởng bộ môn,"63a, dãy B14, khu K14, đường Trần Hữu Tước, Nam Đồng, Đống Đa, Hà Nội",0979211199,Viện Thương mại và Kinh tế quốc tế,,E:\NeuTech\Dữ liệu\Dữ liệu giảng viên\Trường Kinh Doanh/Viện Thương mại và Kinh tế Quốc tế,Nguyen Thu Nga,TS. Nguyễn Thu Ngà,Dr. Nguyen Thu Nga,Dr. Nguyen Thu Nga,
thuyntqtkd@neu.edu.vn,Nguyễn Thu Thủy,1,1975,Nữ,,,Tiến sĩ,2015,Giảng viên chính (Hạng II),Trưởng bộ môn,"P42, A10 Khương Thượng, Đống Đa, Hà Nội",0975285696,Khoa Quản trị kinh doanh,,E:\NeuTech\Dữ liệu\Dữ liệu giảng viên\Trường Kinh Doanh/Khoa QTKD,Nguyen Thu Thuy,TS. Nguyễn Thu Thủy,Dr. Nguyen Thu Thuy,Dr. Nguyen Thu Thuy,
nguyenthutrang@neu.edu.vn,Nguyễn Thu Trang,1,1988,Nữ,,,Tiến sĩ,2021,Giảng viên chính (Hạng II),Phó trưởng bộ môn,"Số 5, ngách 29/8 phố Thụy Khuê, Thuỵ Khuê, Tây Hồ, Hà Nội",0914568861,Khoa Luật,,E:\NeuTech\Dữ liệu\Dữ liệu giảng viên\Trường Kinh tế và Quản lý công/Khoa Luật,Nguyen Thu Trang,TS. Nguyễn Thu Trang,Dr. Nguyen Thu Trang,Dr. Nguyen Thu Trang,
chinhnguyen@neu.edu.vn,Nguyễn Thùy Chinh,1,1987,Nữ,,,Thạc sĩ,2014,Chuyên viên,Phó trưởng ban,"T18 TimesCity, 458 Minh Khai, Vĩnh Tuy, Hai Bà Trưng, Hà Nội",0932555909,Viện Đào tạo quốc tế,,E:\NeuTech\Dữ liệu\Dữ liệu giảng viên\Phòng ban viện/Viện Đào tạo Quốc tế,Nguyen Thuy Chinh,ThS. Nguyễn Thùy Chinh,Nguyen Thuy Chinh M.Sc.,Nguyen Thuy Chinh M.Sc.,
linhnt@neu.edu.vn,Nguyễn Thùy Linh,1,1988,Nữ,,,Tiến sĩ,2021,Giảng viên chính (Hạng II),,"75 Tam Trinh, Mai Động, Hoàng Mai, Hà Nội",0986846507,Khoa Lý luận Chính trị,,E:\NeuTech\Dữ liệu\Dữ liệu giảng viên\Trường Kinh tế và Quản lý công/Khoa LLCT,Nguyen Thuy Linh,TS. Nguyễn Thùy Linh,Dr. Nguyen Thuy Linh,Dr. Nguyen Thuy Linh,
dungnt@neu.edu.vn,Nguyễn Tiến Dũng,1,1958,Nam,Phó giáo sư,,,1984,Giảng viên cao cấp (Hạng I),,"Tổ 1A, Giáp Bát, Hoàng Mai, Hà Nội",0913509249,Khoa Kế hoạch và Phát triển,,E:\NeuTech\Dữ liệu\Dữ liệu giảng viên\Trường Kinh tế và Quản lý công/Khoa Kế hoạch và phát triển,Nguyen Tien Dung,PGS. Nguyễn Tiến Dũng,Assoc. Prof. Nguyen Tien Dung,Assoc. Prof. Nguyen Tien Dung,
nguyentienthanh@neu.edu.vn,Nguyễn Tiến Thành,1,1984,Nam,,,Thạc sĩ,2018,Chức vụ:,,"Số 60 ngõ 30 Phan Đình Giót, Phương Liệt, Thanh Xuân, Hà Nội",0928888345,Trung tâm Đào tạo từ xa,,E:\NeuTech\Dữ liệu\Dữ liệu giảng viên\Phòng ban viện/Trung tâm đào tạo từ xa,Nguyen Tien Thanh,ThS. Nguyễn Tiến Thành,Nguyen Tien Thanh M.Sc.,Nguyen Tien Thanh M.Sc.,
nthoatct@neu.edu.vn,Nguyễn Trần Hòa,1,1980,Nam,,,Cử nhân,2003,Chuyên viên chính hạng II,,"P4, C7, tập thể Đại học Kinh tế Quốc dân, Đồng Tâm, Hai Bà Trưng, Hà Nội",,Trung tâm Dịch vụ Hỗ trợ đào tạo,,E:\NeuTech\Dữ liệu\Dữ liệu giảng viên\Phòng ban viện/Trung tâm Dịch vụ hỗ trợ đào tạo,Nguyen Tran Hoa,Nguyễn Trần Hòa,Nguyen Tran Hoa,Nguyen Tran Hoa,
hungnt@neu.edu.vn,Nguyễn Trần Hùng,1,1976,Nam,,,Thạc sĩ,2007,Chuyên viên,Trợ lý,"P302, D4, Tập thể Đại học Kinh tế Quốc dân, Đồng Tâm, Hai Bà Trưng, Hà Nội",0912289842,Viện Kế toán - Kiểm toán,,E:\NeuTech\Dữ liệu\Dữ liệu giảng viên\Phòng ban viện/Viện Kế toán Kiểm toán,Nguyen Tran Hung,ThS. Nguyễn Trần Hùng,Nguyen Tran Hung M.Sc.,Nguyen Tran Hung M.Sc.,
,Nguyễn Trọng Hà,1,1974,Nam,,,Cử nhân,1997,Giảng viên (Hạng III),,"6/88 Cù Chính Lan, Nam Định",,Viện Thương mại và Kinh tế quốc tế,,E:\NeuTech\Dữ liệu\Dữ liệu giảng viên\Trường Kinh Doanh/Viện Thương mại và Kinh tế Quốc tế,Nguyen Trong Ha,Nguyễn Trọng Hà,Nguyen Trong Ha,Nguyen Trong Ha,
,Nguyễn Trọng Hưng,1,1977,Nam,,,,,Giảng viên (Hạng III),,"414-CT5(X2)-Bắc Linh Đàm, Hoàng Liệt, Hoàng Mai, Hà Nội",,Khoa Bất động sản và Kinh tế Tài nguyên,,E:\NeuTech\Dữ liệu\Dữ liệu giảng viên\Trường Kinh Doanh/Khoa BĐS & KTTN,Nguyen Trong Hung,Nguyễn Trọng Hưng,Nguyen Trong Hung,Nguyen Trong Hung,
thanhnt@neu.edu.vn,Nguyễn Trọng Thanh,1,1977,Nam,,,Cử nhân,1999,Chuyên viên,,"Nhà C2, Phòng 304, Khu tập thể trường phụ nữ trung ương, Láng Thượng, Đống Đa, Hà Nội",,Phòng Hợp tác quốc tế,,E:\NeuTech\Dữ liệu\Dữ liệu giảng viên\Phòng ban viện/Phòng hợp tác quốc tế,Nguyen Trong Thanh,Nguyễn Trọng Thanh,Nguyen Trong Thanh,Nguyen Trong Thanh,
nguyentrongtuan@neu.edu.vn,Nguyễn Trọng Tuấn,1,1985,Nam,,,Thạc sĩ,2018,Chuyên viên,,"Tổ 11, Yên Sở, Hoàng Mai, Hà Nội",0904857166,Phòng Khảo thí và Đảm bảo chất lượng Giáo dục,,E:\NeuTech\Dữ liệu\Dữ liệu giảng viên\Phòng ban viện/Phòng khảo thí & DBCLGD,Nguyen Trong Tuan,ThS. Nguyễn Trọng Tuấn,Nguyen Trong Tuan M.Sc.,Nguyen Trong Tuan M.Sc.,
kiennt@neu.edu.vn,Nguyễn Trung Kiên,1,1979,Nam,,,Thạc sĩ,2009,Chuyên viên chính hạng II,Phó giám đốc,"NN 22B, Ngõ 762, Bạch Đằng, Hai Bà Trưng, Hà Nội",0988740189,"Trung tâm Thông tin, tư liệu, thư viện",,E:\NeuTech\Dữ liệu\Dữ liệu giảng viên\Phòng ban viện/Trung tâm thông tin thư viện,Nguyen Trung Kien,ThS. Nguyễn Trung Kiên,Nguyen Trung Kien M.Sc.,Nguyen Trung Kien M.Sc.,
nguyentrungthanh@neu.edu.vn,Nguyễn Trung Thành,2,1987,Nam,,,Thạc sĩ,2015,Chuyên viên,,"Căn hộ chung cư số 1102, Tòa S2.02-U35.1 (F1-CH03-2), Dự án KĐT mới Tây Mỗ, Đại Mỗ - Vinhomes Park (, Tây Mỗ, Nam Từ Liêm, Hà Nội",0945568687,Phòng Tổ chức cán bộ,,E:\NeuTech\Dữ liệu\Dữ liệu giảng viên\Phòng ban viện/Phòng tổ chức cán bộ,Nguyen Trung Thanh,ThS. Nguyễn Trung Thành,Nguyen Trung Thanh M.Sc.,Nguyen Trung Thanh M.Sc. (HR department),(HR department)
nguyenthanh@neu.edu.vn,Nguyễn Trung Thành,2,1982,Nam,Phó giáo sư,2024,Tiến sĩ,2013,Giảng viên (Hạng III),Phó trưởng khoa,"1201 - Tòa CT7 - KĐT Dương Nội, Dương Nội, Hà Đông, Hà Nội",0703667303,Khoa Khoa học dữ liệu và Trí tuệ nhân tạo,,E:\NeuTech\Dữ liệu\Dữ liệu giảng viên\Trường Công nghệ/Khoa KHDL và TTNT,Nguyen Trung Thanh,PGS. TS. Nguyễn Trung Thành,Assoc. Prof. Nguyen Trung Thanh,Assoc. Prof. Nguyen Trung Thanh (Faculty of DS and AI),(Faculty of DS and AI)
tuannt@neu.edu.vn,Nguyễn Trung Tuấn,1,1975,Nam,,,Tiến sĩ,2013,Giảng viên chính (Hạng II),Phó Hiệu trưởng (trường thành viên),"Số 4 ngách 40/60 phố Tạ Quang Bửu, Bách Khoa, Hai Bà Trưng, Hà Nội",0913537768,Trường Công nghệ,,E:\NeuTech\Dữ liệu\Dữ liệu giảng viên\Trường Công nghệ/Khoa Công nghệ Thông tin,Nguyen Trung Tuan,TS. Nguyễn Trung Tuấn,Dr. Nguyen Trung Tuan,Dr. Nguyen Trung Tuan,
nguyentuananh@neu.edu.vn,Nguyễn Tuấn Anh,1,1990,Nam,,,Tiến sĩ,2023,Giảng viên (Hạng III),,"Căn 1507 toà C chung cư Mandarin Garden 2 số 99 Tân Mai, Hà Nội, Giải Phóng, Hai Bà Trưng, Hà Nội",0975808000,Viện Ngân hàng - Tài chính,,E:\NeuTech\Dữ liệu\Dữ liệu giảng viên\Phòng ban viện/Viện Ngân hàng - Tài chính,Nguyen Tuan Anh,TS. Nguyễn Tuấn Anh,Dr. Nguyen Tuan Anh,Dr. Nguyen Tuan Anh,
ntlong@neu.edu.vn,Nguyễn Tuấn Long,1,1981,Nam,,,Tiến sĩ,2017,Giảng viên chính (Hạng II),,", , ,",0982746235,Khoa Toán kinh tế,,E:\NeuTech\Dữ liệu\Dữ liệu giảng viên\Trường Công nghệ/Khoa Toán Kinh tế,Nguyen Tuan Long,TS. Nguyễn Tuấn Long,Dr. Nguyen Tuan Long,Dr. Nguyen Tuan Long,
tuanminh@neu.edu.vn,Nguyễn Tuấn Minh,1,1989,Nam,,,Thạc sĩ,2013,Giảng viên (Hạng III),,"18/6/12/3, Đội Nhân, Vĩnh Phúc, Ba Đình, Hà Nội",0776774791,Viện Quản trị kinh doanh,,E:\NeuTech\Dữ liệu\Dữ liệu giảng viên\Trường Kinh Doanh/Viện QTKD,Nguyen Tuan Minh,ThS. Nguyễn Tuấn Minh,Nguyen Tuan Minh M.Sc.,Nguyen Tuan Minh M.Sc.,
ntthanhkdqt@neu.edu.vn,Nguyễn Tuyết Thanh,1,1977,Nữ,,,Cử nhân,2005,Chuyên viên,,"Căn A - Tầng 10- 200 Quang Trung , Quang Trung, Hà Đông, Hà Nội",0915112113,Viện Thương mại và Kinh tế quốc tế,,E:\NeuTech\Dữ liệu\Dữ liệu giảng viên\Trường Kinh Doanh/Viện Thương mại và Kinh tế Quốc tế,Nguyen Tuyet Thanh,Nguyễn Tuyết Thanh,Nguyen Tuyet Thanh,Nguyen Tuyet Thanh,
,Nguyễn Văn Công,2,1962,Nam,Giáo sư,2011,Tiến sĩ,1985,Giảng viên cao cấp (Hạng I),,"A808, chung cư D'. Le Pont D'or - Tân Hoàng Minh,36 Hoàng Cầu, Ô Chợ Dừa, Đống Đa, Hà Nội",0913553456,Viện Kế toán - Kiểm toán,,E:\NeuTech\Dữ liệu\Dữ liệu giảng viên\Phòng ban viện/Viện Kế toán Kiểm toán,Nguyen Van Cong,GS. TS. Nguyễn Văn Công,Prof. Nguyen Van Cong,Prof. Nguyen Van Cong (School of Accounting and Auditing),(School of Accounting and Auditing)
congvn@neu.edu.vn,Nguyễn Văn Công,2,1964,Nam,Phó giáo sư,2002,Tiến sĩ,1991,Giảng viên cao cấp (Hạng I),Phó trưởng khoa,"21 Ngõ 32 đường Bưởi, Ngọc Khánh, Ba Đình, Hà Nội",0913520546,Khoa Kinh tế học,,E:\NeuTech\Dữ liệu\Dữ liệu giảng viên\Trường Kinh tế và Quản lý công/Khoa Kinh tế học,Nguyen Van Cong,PGS. TS. Nguyễn Văn Công,Assoc. Prof. Nguyen Van Cong,Assoc. Prof. Nguyen Van Cong (Faculty of Economics),(Faculty of Economics)
dainv@neu.edu.vn,Nguyễn Văn Đại,1,1989,Nam,,,Tiến sĩ,2024,Giảng viên chính (Hạng II),,"Số 29A, đường Trần Phú, Văn Quán, Hà Đông, Hà Nội",0962172944,Khoa Kế hoạch và Phát triển,"Entrepreneurship; Gender issues, Artisan entrepreneurship",E:\NeuTech\Dữ liệu\Dữ liệu giảng viên\Trường Kinh tế và Quản lý công/Khoa Kế hoạch và phát triển,Nguyen Van Dai,TS. Nguyễn Văn Đại,Dr. Nguyen Van Dai,Dr. Nguyen Van Dai,
dinhnv@neu.edu.vn,Nguyễn Văn Định,1,1954,Nam,Phó giáo sư,2004,Tiến sĩ,,Giảng viên cao cấp (Hạng I),,"Phòng1 - C5- tập thể ĐH kinh tế quốc dân, Đồng Tâm, Hai Bà Trưng, Hà Nội",,Khoa Bảo hiểm,,E:\NeuTech\Dữ liệu\Dữ liệu giảng viên\Trường Kinh Doanh/Khoa Bảo hiểm,Nguyen Van Dinh,PGS. TS. Nguyễn Văn Định,Assoc. Prof. Nguyen Van Dinh,Assoc. Prof. Nguyen Van Dinh,
nvhau@neu.edu.vn,Nguyễn Văn Hậu,1,1984,Nam,,,Tiến sĩ,2019,Giảng viên chính (Hạng II),Phó trưởng bộ môn,", Bình Minh, Nam Trực, Nam Định",0967865556,Khoa Lý luận Chính trị,,E:\NeuTech\Dữ liệu\Dữ liệu giảng viên\Trường Kinh tế và Quản lý công/Khoa LLCT,Nguyen Van Hau,TS. Nguyễn Văn Hậu,Dr. Nguyen Van Hau,Dr. Nguyen Van Hau,
nvhoangtc@neu.edu.vn,Nguyễn Văn Hoàng,2,1977,Nam,,,,1999,Chuyên viên,,"P12, nhà B3, tập thể Kinh Tế Quốc Dân, Đồng Tâm, Hai Bà Trưng, Hà Nội",0912572788,Khoa Đại học tại chức,,E:\NeuTech\Dữ liệu\Dữ liệu giảng viên\Phòng ban viện/Khoa Đại học tại chức,Nguyen Van Hoang,Nguyễn Văn Hoàng,Nguyen Van Hoang,Nguyen Van Hoang,
nguyenhoang@neu.edu.vn,Nguyễn Văn Hoàng,2,1984,Nam,,,Thạc sĩ,2014,Chuyên viên,,"Phòng 3814 tòa nhà HH3C - Linh Đàm, Hoàng Liệt, Hoàng Mai, Hà Nội",0949922911,Trung tâm Ứng dụng Công nghệ thông tin,,E:\NeuTech\Dữ liệu\Dữ liệu giảng viên\Phòng ban viện/Trung tâm ứng dụng CNTT,Nguyen Van Hoang,ThS. Nguyễn Văn Hoàng,Nguyen Van Hoang M.Sc.,Nguyen Van Hoang M.Sc. (Department of IT),(Department of IT)
hungnvgdtc@neu.edu.vn,Nguyễn Văn Hùng,1,1984,Nam,,,Thạc sĩ,2013,Giảng viên chính (Hạng II),,"28 ngõ 151B - Thái Hà, Láng Hạ, Đống Đa, Hà Nội",0915915987,Bộ môn Giáo dục thể chất,"- Giảng dạy lý thuyết và thực hành chuyên ngành GDTC- Huấn luyện thể thao chuyên môn Bóng rổ và Cờ Vua- Nghiên cứu khoa học, viết sách trong lĩnh vực GDTC và TDTT",E:\NeuTech\Dữ liệu\Dữ liệu giảng viên\Phòng ban viện/Bộ môn GDTC,Nguyen Van Hung,ThS. Nguyễn Văn Hùng,Nguyen Van Hung M.Sc.,Nguyen Van Hung M.Sc.,
nvlamqttb@neu.edu.vn,Nguyễn Văn Lâm,1,1966,Nam,,,,,Chức vụ:,,"Phòng 203, I5, tập thể Cơ điện, Phương Mai, Đống Đa, Hà Nội",0912226618,Phòng Tổng hợp,,E:\NeuTech\Dữ liệu\Dữ liệu giảng viên\Phòng ban viện/Phòng tổng hợp,Nguyen Van Lam,Nguyễn Văn Lâm,Nguyen Van Lam,Nguyen Van Lam,
manhnv@neu.edu.vn,Nguyễn Văn Mạnh,1,1956,Nam,Phó giáo sư,2007,Tiến sĩ,,Chức vụ:,,"Tổ 33, Nghĩa Đô, Cầu Giấy, Hà Nội",,Khoa Du lịch và Khách sạn,,E:\NeuTech\Dữ liệu\Dữ liệu giảng viên\Trường Kinh Doanh/Khoa Du lịch và Khách sạn,Nguyen Van Manh,PGS. TS. Nguyễn Văn Mạnh,Assoc. Prof. Nguyen Van Manh,Assoc. Prof. Nguyen Van Manh,
nguyenvannam@neu.edu.vn,Nguyễn Văn Nam,1,1954,Nam,Giáo sư,,,1977,Giảng viên cao cấp (Hạng I),,"60 ngõ 30 phố Phan Đình Giót, Hà Nội",,Viện Ngân hàng - Tài chính,,E:\NeuTech\Dữ liệu\Dữ liệu giảng viên\Phòng ban viện/Viện Ngân hàng - Tài chính,Nguyen Van Nam,GS. Nguyễn Văn Nam,Prof. Nguyen Van Nam,Prof. Nguyen Van Nam,
,Nguyễn Văn Quân,1,1960,Nam,,,,,Chức vụ:,,"Số A12, tập thể Đại học KTQD, Đồng Tâm, Hai Bà Trưng, Hà Nội",,Trung tâm Dịch vụ Hỗ trợ đào tạo,,E:\NeuTech\Dữ liệu\Dữ liệu giảng viên\Phòng ban viện/Trung tâm Dịch vụ hỗ trợ đào tạo,Nguyen Van Quan,Nguyễn Văn Quân,Nguyen Van Quan,Nguyen Van Quan,
quangnv@neu.edu.vn,Nguyễn Văn Quang,1,1989,Nam,,,Thạc sĩ,2018,Giảng viên (Hạng III),,", TT Hương Canh, Bình Xuyên, Vĩnh Phúc",,Bộ môn Giáo dục thể chất,,E:\NeuTech\Dữ liệu\Dữ liệu giảng viên\Phòng ban viện/Bộ môn GDTC,Nguyen Van Quang,ThS. Nguyễn Văn Quang,Nguyen Van Quang M.Sc.,Nguyen Van Quang M.Sc.,
quynv@neu.edu.vn,Nguyễn Văn Quý,1,1993,Nam,,,Tiến sĩ,2022,Giảng viên (Hạng III),,", Liên Bão, Tiên Du, Bắc Ninh",0337829931,Khoa Toán kinh tế,,E:\NeuTech\Dữ liệu\Dữ liệu giảng viên\Trường Công nghệ/Khoa Toán Kinh tế,Nguyen Van Quy,TS. Nguyễn Văn Quý,Dr. Nguyen Van Quy,Dr. Nguyen Van Quy,
sangnv@neu.edu.vn,Nguyễn Văn Sang,1,1983,Nam,,,Cử nhân,2010,Nhân viên,,"P6, N8, tập thể trường Kinh tế quốc dân, Đồng Tâm, Hai Bà Trưng, Hà Nội",0985398124,Trung tâm Ứng dụng Công nghệ thông tin,,E:\NeuTech\Dữ liệu\Dữ liệu giảng viên\Phòng ban viện/Trung tâm ứng dụng CNTT,Nguyen Van Sang,Nguyễn Văn Sang,Nguyen Van Sang,Nguyen Van Sang,
nguyenvanthang@neu.edu.vn,Nguyễn Văn Thắng,1,1968,Nam,Giáo sư,2019,Tiến sĩ,2002,Giảng viên cao cấp (Hạng 1),Viện trưởng (đơn vị chức năng),Điện thọai: CQ: ; Mobile:,,Viện Phát triển bền vững,,E:\NeuTech\Dữ liệu\Dữ liệu giảng viên\Phòng ban viện/Viện Phát triển bền vững,Nguyen Van Thang,GS. TS. Nguyễn Văn Thắng,Prof. Nguyen Van Thang,Prof. Nguyen Van Thang,
thuannv@neu.edu.vn,Nguyễn Văn Thuân,1,1985,Nam,,,Tiến sĩ,2021,Giảng viên chính (Hạng II),,"4/20 Phạm Hồng Thái, Bà Triệu, TP Nam Định, Nam Định",0916251915,Khoa Lý luận Chính trị,,E:\NeuTech\Dữ liệu\Dữ liệu giảng viên\Trường Kinh tế và Quản lý công/Khoa LLCT,Nguyen Van Thuan,TS. Nguyễn Văn Thuân,Dr. Nguyen Van Thuan,Dr. Nguyen Van Thuan,
thuyanhnv@neu.edu.vn,Nguyễn Vân Thùy Anh,1,1976,Nữ,,,Tiến sĩ,2014,Giảng viên chính (Hạng II),,"Số nhà 30C, tổ 27, Khương Mai, Thanh Xuân, Hà Nội",0988082099,Khoa Kinh tế và Quản lý Nguồn nhân lực,Quản trị nhân lựcHành vi tổ chứcKhởi sự doanh nghiệp,E:\NeuTech\Dữ liệu\Dữ liệu giảng viên\Trường Kinh Doanh/Khoa Kinh tế và Quản lý nguồn nhân lực,Nguyen Van Thuy Anh,TS. Nguyễn Vân Thùy Anh,Dr. Nguyen Van Thuy Anh,Dr. Nguyen Van Thuy Anh,
tuannvtmai@neu.edu.vn,Nguyễn Văn Tuấn,1,1956,Nam,Phó giáo sư,2007,,2007,Giảng viên cao cấp (Hạng I),,"số 4 ngách 3 ngõ 90 Hoa Bằng , Phường Yên hòa, Cầu giấy Hà Nội, Yên Hoà, Cầu Giấy, Hà Nội",,Viện Thương mại và Kinh tế quốc tế,,E:\NeuTech\Dữ liệu\Dữ liệu giảng viên\Trường Kinh Doanh/Viện Thương mại và Kinh tế Quốc tế,Nguyen Van Tuan,PGS. Nguyễn Văn Tuấn,Assoc. Prof. Nguyen Van Tuan,Assoc. Prof. Nguyen Van Tuan,
nguyencuong@neu.edu.vn,Nguyễn Việt Cường,1,1976,Nam,,,Tiến sĩ,2009,Giảng viên (Hạng III),,"P103-B1, tập thể Trường đại học Kinh tế quốc dân, Đồng Tâm, Hai Bà Trưng, Hà Nội",,Khoa Kinh tế học,,E:\NeuTech\Dữ liệu\Dữ liệu giảng viên\Trường Kinh tế và Quản lý công/Khoa Kinh tế học,Nguyen Viet Cuong,TS. Nguyễn Việt Cường,Dr. Nguyen Viet Cuong,Dr. Nguyen Viet Cuong,
hungnv@neu.edu.vn,Nguyễn Việt Hùng,1,1974,Nam,Phó giáo sư,2012,Tiến sĩ,2008,Giảng viên cao cấp (Hạng I),Phó trưởng bộ môn,"CT2, CC Skylight, 125D Minh khai, Minh Khai, Hai Bà Trưng, Hà Nội",0913002681,Khoa Kinh tế học,,E:\NeuTech\Dữ liệu\Dữ liệu giảng viên\Trường Kinh tế và Quản lý công/Khoa Kinh tế học,Nguyen Viet Hung,PGS. TS. Nguyễn Việt Hùng,Assoc. Prof. Nguyen Viet Hung,Assoc. Prof. Nguyen Viet Hung,
hungnv0711@neu.edu.vn,Nguyễn Việt Hưng,1,1980,Nam,,,Tiến sĩ,,Giảng viên chính (Hạng II),,"74 c8 ngách 98 ngõ Tự Do Phố Đại La, Đồng Tâm, Hai Bà Trưng, Hà Nội",0913326631,Khoa Kinh tế học,,E:\NeuTech\Dữ liệu\Dữ liệu giảng viên\Trường Kinh tế và Quản lý công/Khoa Kinh tế học,Nguyen Viet Hung,TS. Nguyễn Việt Hưng,Dr. Nguyen Viet Hung,Dr. Nguyen Viet Hung,
giangnv@neu.edu.vn,Nguyễn Vĩnh Giang,1,1954,Nam,Phó giáo sư,2013,Tiến sĩ,2004,Giảng viên (Hạng III),,"Tập thể trường đại học kinh tế quốc dân, Đồng Tâm, Hai Bà Trưng, Hà Nội",,Bộ môn Kinh tế nguồn nhân lực,,E:\NeuTech\Dữ liệu\Dữ liệu giảng viên\Trường Kinh Doanh/Khoa Kinh tế và Quản lý nguồn nhân lực,Nguyen Vinh Giang,PGS. TS. Nguyễn Vĩnh Giang,Assoc. Prof. Nguyen Vinh Giang,Assoc. Prof. Nguyen Vinh Giang,
nguyenvuhung@neu.edu.vn,Nguyễn Vũ Hùng,1,1977,Nam,Phó giáo sư,2019,Tiến sĩ,2012,Giảng viên cao cấp (Hạng I),Tổng biên tập,"số 4, ngách 52/28 Tô Ngọc Vân, Quảng An, Tây Hồ, Hà Nội",0985743143,Tạp chí Kinh tế và Phát triển,,E:\NeuTech\Dữ liệu\Dữ liệu giảng viên\Phòng ban viện/Tạp chí Kinh tế phát triển,Nguyen Vu Hung,PGS. TS. Nguyễn Vũ Hùng,Assoc. Prof. Nguyen Vu Hung,Assoc. Prof. Nguyen Vu Hung,
hungnx@neu.edu.vn,Nguyễn Xuân Hưng,1,1972,Nam,Phó giáo sư,2020,Tiến sĩ,2018,Giảng viên cao cấp (Hạng I),Chánh văn phòng,"N1916, Vinhomes Nguyễn Chí Thanh, Láng Thượng, Đống Đa, Hà Nội",0903201642,Viện Thương mại và Kinh tế quốc tế,"Kinh tế quốc tế, chính sách kinh tế đối ngoại, hội nhập kinh tế quốc tế",E:\NeuTech\Dữ liệu\Dữ liệu giảng viên\Trường Kinh Doanh/Viện Thương mại và Kinh tế Quốc tế,Nguyen Xuan Hung,PGS. TS. Nguyễn Xuân Hưng,Assoc. Prof. Nguyen Xuan Hung,Assoc. Prof. Nguyen Xuan Hung,
thangnx@neu.edu.vn,Nguyễn Xuân Thắng,1,1979,Nam,,,Tiến sĩ,2014,Giảng viên chính (Hạng II),Phó Viện trưởng (ĐV Chức năng),"P100, C14, khu tập thể Kim Liên, , Đống Đa, Hà Nội",0906100368,Viện Đào tạo Sau đại học,,E:\NeuTech\Dữ liệu\Dữ liệu giảng viên\Phòng ban viện/Viện Đào tạo sau Đại học,Nguyen Xuan Thang,TS. Nguyễn Xuân Thắng,Dr. Nguyen Xuan Thang,Dr. Nguyen Xuan Thang,
nguyenxuantien@neu.edu.vn,Nguyễn Xuân Tiến,1,1960,Nam,,,Thạc sĩ,,Giám đốc,Giám đốc,"Nhà số 5C8C TT Đại học KTQD, Đồng Tâm, Hai Bà Trưng, Hà Nội",,Phòng Công tác chính trị và Quản lý sinh viên,,E:\NeuTech\Dữ liệu\Dữ liệu giảng viên\Phòng ban viện/Phòng CTCT & QLSV,Nguyen Xuan Tien,ThS. Nguyễn Xuân Tiến,Nguyen Xuan Tien M.Sc.,Nguyen Xuan Tien M.Sc.,
tiepnx@neu.edu.vn,Nguyễn Xuân Tiệp,1,1989,Nam,,,Thạc sĩ,2018,Giảng viên (Hạng III),,"104bA4, tổ 27, Đức Giang, Long Biên, Hà Nội",0978331989,Viện Đào tạo Sau đại học,"Tài chính, bảo hiểm và quản trị rủi ro",E:\NeuTech\Dữ liệu\Dữ liệu giảng viên\Trường Kinh Doanh/Khoa Bảo hiểm,Nguyen Xuan Tiep,ThS. Nguyễn Xuân Tiệp,Nguyen Xuan Tiep M.Sc.,Nguyen Xuan Tiep M.Sc.,
hoanm@neu.edu.vn,Nông Thị Mai Hoa,1,1977,Nữ,,,Cử nhân,1998,Chuyên viên chính hạng II,,"418 Quang Trung, , Hà Đông, Hà Nội",0904741211,"Trung tâm Thông tin, tư liệu, thư viện",,E:\NeuTech\Dữ liệu\Dữ liệu giảng viên\Phòng ban viện/Trung tâm thông tin thư viện,Nong Thi Mai Hoa,Nông Thị Mai Hoa,Nong Thi Mai Hoa,Nong Thi Mai Hoa,
tuanpa@neu.edu.vn,Phạm Anh Tuấn,1,1963,Nam,,,Thạc sĩ,1998,Giảng viên chính (Hạng II),,"Số nhà 47, tổ 1, Vĩnh Tuy, Hai Bà Trưng, Hà Nội",0912321612,Khoa Toán kinh tế,,E:\NeuTech\Dữ liệu\Dữ liệu giảng viên\Trường Công nghệ/Khoa Khoa học Cơ sở,Pham Anh Tuan,ThS. Phạm Anh Tuấn,Pham Anh Tuan M.Sc.,Pham Anh Tuan M.Sc.,
lampb@neu.edu.vn,Phạm Bảo Lâm,1,1982,Nam,,,Cử nhân,2004,Giảng viên (Hạng III),,"P114, tập thể C1, số 34A, Trần Phú, Hà Nội",,Khoa Khoa học cơ sở,,E:\NeuTech\Dữ liệu\Dữ liệu giảng viên\Trường Công nghệ/Khoa Khoa học Cơ sở,Pham Bao Lam,Phạm Bảo Lâm,Pham Bao Lam,Pham Bao Lam,
dongpd@neu.edu.vn,Phạm Đại Đồng,1,1953,Nam,Phó giáo sư,,Tiến sĩ,,Giảng viên cao cấp (Hạng I),,"Căn hộ 1804, nhà IP1, chung cư Impereal Plaza, số 62 Định Công, Phương Liệt, Thanh Xuân, Hà Nội",,Khoa Thống kê,,E:\NeuTech\Dữ liệu\Dữ liệu giảng viên\Trường Công nghệ/Khoa Thống Kê,Pham Dai Dong,PGS. TS. Phạm Đại Đồng,Assoc. Prof. Pham Dai Dong,Assoc. Prof. Pham Dai Dong,
khanhpd@neu.edu.vn,Phạm Đan Khánh,1,1988,Nam,,,Tiến sĩ,2020,Giảng viên (Hạng III),Phó Viện trưởng (ĐV Chức năng),"P312 A13 tập thể Đại học Kinh tế quốc dân, Đồng Tâm, Hai Bà Trưng, Hà Nội",0948095169,"Viện Đào tạo tiên tiến, chất lượng cao và POHE",,"E:\NeuTech\Dữ liệu\Dữ liệu giảng viên\Phòng ban viện/Viện Đào tạo, tiên tiến, CLC và POHE",Pham Dan Khanh,TS. Phạm Đan Khánh,Dr. Pham Dan Khanh,Dr. Pham Dan Khanh,
chungpd@neu.edu.vn,Phạm Đức Chung,1,1988,Nam,,,Thạc sĩ,2016,Giảng viên (Hạng III),,"160 Đê Tô Hoàng, Bạch Mai, Hai Bà Trưng, Hà Nội",0941479845,Khoa Luật,,E:\NeuTech\Dữ liệu\Dữ liệu giảng viên\Trường Kinh tế và Quản lý công/Khoa Luật,Pham Duc Chung,ThS. Phạm Đức Chung,Pham Duc Chung M.Sc.,Pham Duc Chung M.Sc.,
cuongpdtc@neu.edu.vn,Phạm Đức Cường,2,1981,Nam,,,Thạc sĩ,2013,Giảng viên chính (Hạng II),Trưởng Bộ môn thuộc trường,"Số 50 phố Hàng Trống, Hoàn Kiếm, Hà Nội",0983938281,Bộ môn Giáo dục thể chất,,E:\NeuTech\Dữ liệu\Dữ liệu giảng viên\Phòng ban viện/Bộ môn GDTC,Pham Duc Cuong,ThS. Phạm Đức Cường,Pham Duc Cuong M.Sc.,Pham Duc Cuong M.Sc.,
cuongpd@neu.edu.vn,Phạm Đức Cường,2,1973,Nam,Phó giáo sư,,Tiến sĩ,2010,Giảng viên cao cấp (Hạng I),Trưởng bộ môn,"P1809, Yên Hòa Sunshine, 9 Vũ Phạm Hàm, Yên Hoà, Cầu Giấy, Hà Nội",0972346699,Viện Kế toán - Kiểm toán,"Kế toán, Tài chính, Phân tích",E:\NeuTech\Dữ liệu\Dữ liệu giảng viên\Phòng ban viện/Viện Kế toán Kiểm toán,Pham Duc Cuong,PGS. TS. Phạm Đức Cường,Assoc. Prof. Pham Duc Cuong,Assoc. Prof. Pham Duc Cuong (School of Accounting and Auditing),(School of Accounting and Auditing)
minhpd@neu.edu.vn,Phạm Đức Minh,1,1987,Nam,,,Thạc sĩ,,Chuyên viên,,"Phòng 10, A4, tập thể Đại học Kinh tế quốc dân, Đồng Tâm, Hai Bà Trưng, Hà Nội",,Phòng Quản lý đào tạo,,E:\NeuTech\Dữ liệu\Dữ liệu giảng viên\Phòng ban viện/Phòng Quản lý đào tạo,Pham Duc Minh,ThS. Phạm Đức Minh,Pham Duc Minh M.Sc.,Pham Duc Minh M.Sc.,
trungpd@neu.edu.vn,Phạm Đức Trung,1,1994,Nam,,,,,Giảng viên (Hạng III),,"Số 5 ngõ 9, Phố Quỳnh Lôi, Quỳnh Mai, Hai Bà Trưng, Hà Nội",0978020906,Khoa Công nghệ thông tin,,E:\NeuTech\Dữ liệu\Dữ liệu giảng viên\Trường Công nghệ/Khoa Công nghệ Thông tin,Pham Duc Trung,Phạm Đức Trung,Pham Duc Trung,Pham Duc Trung,
cuongph@neu.edu.vn,Phạm Hùng Cường,1,1984,Nam,,,Thạc sĩ,2024,Chuyên viên,,"P804 CT11-KĐT mới Tứ Hiệp, Tứ Hiệp, Thanh Trì, Hà Nội",0989336455,Trung tâm Ứng dụng Công nghệ thông tin,,E:\NeuTech\Dữ liệu\Dữ liệu giảng viên\Phòng ban viện/Trung tâm ứng dụng CNTT,Pham Hung Cuong,ThS. Phạm Hùng Cường,Pham Hung Cuong M.Sc.,Pham Hung Cuong M.Sc.,
quynhph@neu.edu.vn,Phạm Hương Quỳnh,1,1986,Nữ,,,Tiến sĩ,2022,Giảng viên chính (Hạng II),,"Số 13 - Ngõ 109 - Đê Trần Khát Chân, Thanh Lương, Hai Bà Trưng, Hà Nội",0986333660,Khoa Kinh tế và Quản lý Nguồn nhân lực,"Kinh tế lao động, Quản lý an toàn & sức khỏe nghề nghiệp, Hành vi tổ chức",E:\NeuTech\Dữ liệu\Dữ liệu giảng viên\Trường Kinh Doanh/Khoa Kinh tế và Quản lý nguồn nhân lực,Pham Huong Quynh,TS. Phạm Hương Quỳnh,Dr. Pham Huong Quynh,Dr. Pham Huong Quynh,
phamhuongthao@neu.edu.vn,Phạm Hương Thảo,2,1985,Nữ,,,Tiến sĩ,2020,Chuyên viên chính hạng II,,"Số 1, ngõ 94 Trần Đại Nghĩa, Đồng Tâm, Hai Bà Trưng, Hà Nội",0915565046,Phòng Quản lý khoa học,,E:\NeuTech\Dữ liệu\Dữ liệu giảng viên\Phòng ban viện/Phòng Quản lý Khoa học,Pham Huong Thao,TS. Phạm Hương Thảo,Dr. Pham Huong Thao,Dr. Pham Huong Thao,
thaoph@neu.edu.vn,Phạm Hương Thảo,2,1979,Nữ,,,Tiến sĩ,2019,Giảng viên chính (Hạng II),,"KĐT Minh Tâm, số 1 Cổ Linh, , Long Biên, Hà Nội",0979831368,Khoa Quản trị kinh doanh,,E:\NeuTech\Dữ liệu\Dữ liệu giảng viên\Trường Kinh Doanh/Khoa QTKD,Pham Huong Thao,TS. Phạm Hương Thảo,Dr. Pham Huong Thao,Dr. Pham Huong Thao (Faculty of Business Management),(Faculty of Business Management)
giangph@neu.edu.vn,Phạm Huy Giang,1,1979,Nam,,,Thạc sĩ,,Chuyên viên,,"Số 17, Trần Quang Diệu, Đống Đa, Hà Nội",0983919286,Phòng Quản lý đào tạo,,E:\NeuTech\Dữ liệu\Dữ liệu giảng viên\Phòng ban viện/Phòng Quản lý đào tạo,Pham Huy Giang,ThS. Phạm Huy Giang,Pham Huy Giang M.Sc.,Pham Huy Giang M.Sc.,
trangph@neu.edu.vn,Phạm Lâm Hạnh Trang,1,1993,Nữ,,,Thạc sĩ,2018,Giảng viên (Hạng III),,"P146, chung cư CT2 VIMECO, phố Nguyễn Chánh, Cầu Giấy, Hà Nội",0886030293,Khoa Quản trị kinh doanh,,E:\NeuTech\Dữ liệu\Dữ liệu giảng viên\Trường Kinh Doanh/Khoa QTKD,Pham Lam Hanh Trang,ThS. Phạm Lâm Hạnh Trang,Pham Lam Hanh Trang M.Sc.,Pham Lam Hanh Trang M.Sc.,
huongpl@neu.edu.vn,Phạm Lan Hương,1,1976,Nữ,,,Tiến sĩ,2013,Giảng viên chính (Hạng II),Trưởng bộ môn,", , ,",0904100151,Khoa Bất động sản và Kinh tế Tài nguyên,,E:\NeuTech\Dữ liệu\Dữ liệu giảng viên\Trường Kinh Doanh/Khoa BĐS & KTTN,Pham Lan Huong,TS. Phạm Lan Hương,Dr. Pham Lan Huong,Dr. Pham Lan Huong,
hoanpm@neu.edu.vn,Phạm Minh Hoàn,1,1973,Nam,,,Tiến sĩ,2016,Giảng viên chính (Hạng II),Phó trưởng bộ môn,"Thạch Lỗi, Thanh Xuân, Sóc Sơn, Hà Nội",0949263666,Khoa Công nghệ thông tin,,E:\NeuTech\Dữ liệu\Dữ liệu giảng viên\Trường Công nghệ/Khoa Công nghệ Thông tin,Pham Minh Hoan,TS. Phạm Minh Hoàn,Dr. Pham Minh Hoan,Dr. Pham Minh Hoan,
,Phạm Minh Toàn,1,1968,Nam,,,,1993,Chức vụ:,,"Số 5A, Thắng Lợi, Quỳnh Lôi, Hai Bà Trưng, Hà Nội",,Trung tâm Dịch vụ Hỗ trợ đào tạo,,E:\NeuTech\Dữ liệu\Dữ liệu giảng viên\Phòng ban viện/Trung tâm Dịch vụ hỗ trợ đào tạo,Pham Minh Toan,Phạm Minh Toàn,Pham Minh Toan,Pham Minh Toan,
hungpn@neu.edu.vn,Phạm Ngọc Hưng,1,1975,Nam,,,Tiến sĩ,2018,Giảng viên chính (Hạng II),Trưởng bộ môn,"P308 Tòa nhà South Building KĐT Pháp Vân, Hoàng Liệt, Hoàng Mai, Hà Nội",0976818518,Khoa Toán kinh tế,,E:\NeuTech\Dữ liệu\Dữ liệu giảng viên\Trường Công nghệ/Khoa Toán Kinh tế,Pham Ngoc Hung,TS. Phạm Ngọc Hưng,Dr. Pham Ngoc Hung,Dr. Pham Ngoc Hung,
lanpp@neu.edu.vn,Phạm Phương Lan,1,1982,Nữ,,,Thạc sĩ,2007,Giảng viên (Hạng III),,"Số 48 Ngõ 236 Lê Trọng Tấn, Định Công, Hoàng Mai, Hà Nội",,Khoa Ngoại ngữ kinh tế,,E:\NeuTech\Dữ liệu\Dữ liệu giảng viên\Trường Kinh tế và Quản lý công/Khoa Ngoại ngữ Kinh tế,Pham Phuong Lan,ThS. Phạm Phương Lan,Pham Phuong Lan M.Sc.,Pham Phuong Lan M.Sc.,
quangp@neu.edu.vn,Phạm Quang,1,1964,Nam,Phó giáo sư,,Tiến sĩ,2003,Giảng viên cao cấp (Hạng I),Trưởng khoa,"15A07 Tòa A 3, 250 Minh Khai, Minh Khai, Hai Bà Trưng, Hà Nội",0989355355,Khoa Đại học tại chức,,E:\NeuTech\Dữ liệu\Dữ liệu giảng viên\Phòng ban viện/Khoa Đại học tại chức,Pham Quang,PGS. TS. Phạm Quang,Assoc. Prof. Pham Quang,Assoc. Prof. Pham Quang,
binhpq@neu.edu.vn,Phạm Quang Bình,1,1959,Nam,,,Cử nhân,,Chức vụ:,,"số 45 phố Lò Đúc, Hà Nội",,Phòng Công tác chính trị và Quản lý sinh viên,,E:\NeuTech\Dữ liệu\Dữ liệu giảng viên\Phòng ban viện/Phòng CTCT & QLSV,Pham Quang Binh,Phạm Quang Bình,Pham Quang Binh,Pham Quang Binh,
longps@neu.edu.vn,Phạm Sỹ Long,1,1976,Nam,,,Tiến sĩ,2020,Giảng viên chính (Hạng II),Phó trưởng phòng,"Số 401, K5, Thành Công, Ba Đình, Hà Nội",,Phòng Hợp tác quốc tế,,E:\NeuTech\Dữ liệu\Dữ liệu giảng viên\Phòng ban viện/Phòng hợp tác quốc tế,Pham Sy Long,TS. Phạm Sỹ Long,Dr. Pham Sy Long,Dr. Pham Sy Long,
datpt@neu.edu.vn,Phạm Thành Đạt,1,1985,Nam,,,Tiến sĩ,2018,Giảng viên chính (Hạng II),,"P312/A13, Tập thể Đại học KTQD, Đồng Tâm, Hai Bà Trưng, Hà Nội",0904499870,Viện Ngân hàng - Tài chính,,E:\NeuTech\Dữ liệu\Dữ liệu giảng viên\Phòng ban viện/Viện Ngân hàng - Tài chính,Pham Thanh Dat,TS. Phạm Thành Đạt,Dr. Pham Thanh Dat,Dr. Pham Thanh Dat,
huongpham@neu.edu.vn,Phạm Thanh Hương,1,1988,Nữ,,,Thạc sĩ,2014,Giảng viên chính (Hạng II),,"Số 68 ngách 96 ngõ Tự Do, Đồng Tâm, Hai Bà Trưng, Hà Nội",0902170288,Viện Kế toán - Kiểm toán,,E:\NeuTech\Dữ liệu\Dữ liệu giảng viên\Phòng ban viện/Viện Kế toán Kiểm toán,Pham Thanh Huong,ThS. Phạm Thanh Hương,Pham Thanh Huong M.Sc.,Pham Thanh Huong M.Sc.,
longpt@neu.edu.vn,Phạm Thành Long,1,1976,Nam,,,Tiến sĩ,2008,Giảng viên (Hạng III),,"512 OCT2 - ĐN1, Bắc Linh Đàm, Đại Kim, Hoàng Mai, Hà Nội",0338555888,Viện Kế toán - Kiểm toán,,E:\NeuTech\Dữ liệu\Dữ liệu giảng viên\Phòng ban viện/Viện Kế toán Kiểm toán,Pham Thanh Long,TS. Phạm Thành Long,Dr. Pham Thanh Long,Dr. Pham Thanh Long,
nhanptnn@neu.edu.vn,Phạm Thanh Nhàn,1,1977,Nữ,,,Thạc sĩ,2006,Giảng viên chính (Hạng II),,"Tòa A1- Amber Riverside- 622 Minh Khai, Vĩnh Tuy, Hai Bà Trưng, Hà Nội",0982420555,Khoa Ngoại ngữ kinh tế,,E:\NeuTech\Dữ liệu\Dữ liệu giảng viên\Trường Kinh tế và Quản lý công/Khoa Ngoại ngữ Kinh tế,Pham Thanh Nhan,ThS. Phạm Thanh Nhàn,Pham Thanh Nhan M.Sc.,Pham Thanh Nhan M.Sc.,
ptvan@neu.edu.vn,Phạm Thanh Vân,1,1988,Nữ,,,Thạc sĩ,2012,Giảng viên (Hạng III),,"Số 24, Vân Hồ 2, Lê Đại Hành, Hai Bà Trưng, Hà Nội",0904365654,Khoa Quản trị kinh doanh,,E:\NeuTech\Dữ liệu\Dữ liệu giảng viên\Trường Kinh Doanh/Khoa QTKD,Pham Thanh Van,ThS. Phạm Thanh Vân,Pham Thanh Van M.Sc.,Pham Thanh Van M.Sc.,
thaop@neu.edu.vn,Phạm Thảo,1,1982,Nam,,,Tiến sĩ,2009,Giảng viên chính (Hạng II),,"Số 32 - Ngách 25 - Ngõ 102 Trường Chinh, Phương Mai, Đống Đa, Hà Nội",0966986689,Khoa Công nghệ thông tin,"công nghệ giáo dục, eye-tracking, learning analytics",E:\NeuTech\Dữ liệu\Dữ liệu giảng viên\Trường Công nghệ/Khoa Công nghệ Thông tin,Pham Thao,TS. Phạm Thảo,Dr. Pham Thao,Dr. Pham Thao,
pham.theanh@neu.edu.vn,Phạm Thế Anh,1,1976,Nam,Phó giáo sư,2014,Tiến sĩ,2007,Giảng viên cao cấp (Hạng I),Trưởng khoa,"1801B2, CC Hòa Bình Green City, 505 Minh Khai, Vĩnh Tuy, Hai Bà Trưng, Hà Nội",0973960140,Khoa Kinh tế học,,E:\NeuTech\Dữ liệu\Dữ liệu giảng viên\Trường Kinh tế và Quản lý công/Khoa Kinh tế học,Pham The Anh,PGS. TS. Phạm Thế Anh,Assoc. Prof. Pham The Anh,Assoc. Prof. Pham The Anh,
chipb@neu.edu.vn,Phạm Thị Bích Chi,1,1968,Nữ,Phó giáo sư,,Tiến sĩ,2005,Giảng viên cao cấp (Hạng I),Trưởng phòng,"Số nhà 54, ngõ 259, phố Vọng, Đồng Tâm, Hai Bà Trưng, Hà Nội",0988834889,Phòng Tài chính – Kế toán,,E:\NeuTech\Dữ liệu\Dữ liệu giảng viên\Phòng ban viện/Phòng Tài chính Kế toán,Pham Thi Bich Chi,PGS. TS. Phạm Thị Bích Chi,Assoc. Prof. Pham Thi Bich Chi,Assoc. Prof. Pham Thi Bich Chi,
ngocpb@neu.edu.vn,Phạm Thị Bích Ngọc,1,1975,Nữ,Phó giáo sư,2019,Tiến sĩ,2008,Giảng viên cao cấp (Hạng I),Trưởng bộ môn,"7A, Ngõ 34, ngách 34/68/7, Phố Hoàng Cầu, Láng Hạ, Đống Đa, Hà Nội",0985623394,Khoa Kinh tế và Quản lý Nguồn nhân lực,,E:\NeuTech\Dữ liệu\Dữ liệu giảng viên\Trường Kinh Doanh/Khoa Kinh tế và Quản lý nguồn nhân lực,Pham Thi Bich Ngoc,PGS. TS. Phạm Thị Bích Ngọc,Assoc. Prof. Pham Thi Bich Ngoc,Assoc. Prof. Pham Thi Bich Ngoc,
dinhpt@neu.edu.vn,Phạm Thị Định,1,1972,Nữ,Phó giáo sư,,Tiến sĩ,2005,Giảng viên cao cấp (Hạng I),,"46/258 Bạch Mai, Đồng Tâm, Hai Bà Trưng, Hà Nội",,Khoa Bảo hiểm,,E:\NeuTech\Dữ liệu\Dữ liệu giảng viên\Trường Kinh Doanh/Khoa Bảo hiểm,Pham Thi Dinh,PGS. TS. Phạm Thị Định,Assoc. Prof. Pham Thi Dinh,Assoc. Prof. Pham Thi Dinh,
pthanhktpt@neu.edu.vn,Phạm Thị Hạnh,1,1978,Nữ,,,Thạc sĩ,2005,Giảng viên chính (Hạng II),,"CH4A08 chung cư Capital Garden ngõ 102 Trường Chinh , Phương Mai, Đống Đa, Hà Nội",0912462662,Tạp chí Kinh tế và Phát triển,,E:\NeuTech\Dữ liệu\Dữ liệu giảng viên\Phòng ban viện/Tạp chí Kinh tế phát triển,Pham Thi Hanh,ThS. Phạm Thị Hạnh,Pham Thi Hanh M.Sc.,Pham Thi Hanh M.Sc.,
hienpham@neu.edu.vn,Phạm Thị Hiển,1,1990,Nữ,,,Tiến sĩ,2023,Giảng viên (Hạng III),,"Đào Lâm, Đoàn Tùng, Thanh Miện, Hải Dương",0325013008,Khoa Toán kinh tế,,E:\NeuTech\Dữ liệu\Dữ liệu giảng viên\Trường Công nghệ/Khoa Toán Kinh tế,Pham Thi Hien,TS. Phạm Thị Hiển,Dr. Pham Thi Hien,Dr. Pham Thi Hien,
thamtkt@neu.edu.vn,Phạm Thị Hồng Thắm,1,1978,Nữ,,,Tiến sĩ,2019,Giảng viên chính (Hạng II),,"99 Tân Mai, Tân Mai, Hoàng Mai, Hà Nội",0928366833,Khoa Toán kinh tế,Toán Bảo hiểmToán Tài chínhQuản trị rủi ro định lượng,E:\NeuTech\Dữ liệu\Dữ liệu giảng viên\Trường Công nghệ/Khoa Toán Kinh tế,Pham Thi Hong Tham,TS. Phạm Thị Hồng Thắm,Dr. Pham Thi Hong Tham,Dr. Pham Thi Hong Tham,
giangpham@neu.edu.vn,Phạm Thị Hương Giang,1,1978,Nữ,,,Tiến sĩ,2020,Giảng viên chính (Hạng II),,Điện thọai: CQ: ; Mobile: 0989294166,0989294166,Khoa Ngoại ngữ kinh tế,,E:\NeuTech\Dữ liệu\Dữ liệu giảng viên\Trường Kinh tế và Quản lý công/Khoa Ngoại ngữ Kinh tế,Pham Thi Huong Giang,TS. Phạm Thị Hương Giang,Dr. Pham Thi Huong Giang,Dr. Pham Thi Huong Giang,
huyenph@neu.edu.vn,Phạm Thị Hương Huyền,1,1975,Nữ,,,Thạc sĩ,2000,Giảng viên chính (Hạng II),,"14, ngách 10, ngõ Mai Hương, Bạch Mai, Hai Bà Trưng, Hà Nội",0913044258,Khoa Toán kinh tế,,E:\NeuTech\Dữ liệu\Dữ liệu giảng viên\Trường Công nghệ/Khoa Toán Kinh tế,Pham Thi Huong Huyen,ThS. Phạm Thị Hương Huyền,Pham Thi Huong Huyen M.Sc.,Pham Thi Huong Huyen M.Sc.,
huyenpt@neu.edu.vn,Phạm Thị Huyền,1,1975,Nữ,Phó giáo sư,2015,Tiến sĩ,2009,Giảng viên cao cấp (Hạng I),Phó trưởng khoa,"Tòa nhà Kinh Đô, 102 Trường Chinh, Phương Mai, Đống Đa, Hà Nội",0948658802,Khoa Marketing,,E:\NeuTech\Dữ liệu\Dữ liệu giảng viên\Trường Kinh Doanh/Khoa Marketing,Pham Thi Huyen,PGS. TS. Phạm Thị Huyền,Assoc. Prof. Pham Thi Huyen,Assoc. Prof. Pham Thi Huyen,
nguyenptk@neu.edu.vn,Phạm Thị Kim Nguyên,1,1968,Nữ,,,Cử nhân,2001,Chuyên viên,,"P404 - Nhà A12 - Tập thể trường Đại học Kinh tế quốc dân, Đồng Tâm, Hai Bà Trưng, Hà Nội",0913318690,Phòng Tổng hợp,,E:\NeuTech\Dữ liệu\Dữ liệu giảng viên\Phòng ban viện/Phòng tổng hợp,Pham Thi Kim Nguyen,Phạm Thị Kim Nguyên,Pham Thi Kim Nguyen,Pham Thi Kim Nguyen,
thanhpham.neu@neu.edu.vn,Phạm Thị Kim Thanh,1,1981,Nữ,,,Tiến sĩ,2023,Giảng viên (Hạng III),,"C0811 Chung cư The Zen, Gamuda Gardens, Trần Phú, Hoàng Mai, Hà Nội",,Khoa Marketing,,E:\NeuTech\Dữ liệu\Dữ liệu giảng viên\Trường Kinh Doanh/Khoa Marketing,Pham Thi Kim Thanh,TS. Phạm Thị Kim Thanh,Dr. Pham Thi Kim Thanh,Dr. Pham Thi Kim Thanh,
anhpm@neu.edu.vn,Phạm Thị Mai Anh,1,1977,Nữ,,,Tiến sĩ,2016,Giảng viên chính (Hạng II),,"NV14, Khu Romantic Park, đường Xuân Tảo, Xuân La, Tây Hồ, Hà Nội",0913543981,Khoa Thống kê,,E:\NeuTech\Dữ liệu\Dữ liệu giảng viên\Trường Công nghệ/Khoa Thống Kê,Pham Thi Mai Anh,TS. Phạm Thị Mai Anh,Dr. Pham Thi Mai Anh,Dr. Pham Thi Mai Anh,
thanhpm@neu.edu.vn,Phạm Thị Mai Thanh,1,1978,Nữ,,,Thạc sĩ,2008,Giảng viên (Hạng III),,"Số 20 ngõ 122/46/14 Kim Giang, Đại Kim, Hoàng Mai, Hà Nội",0913551146,Khoa Ngoại ngữ kinh tế,,E:\NeuTech\Dữ liệu\Dữ liệu giảng viên\Trường Kinh tế và Quản lý công/Khoa Ngoại ngữ Kinh tế,Pham Thi Mai Thanh,ThS. Phạm Thị Mai Thanh,Pham Thi Mai Thanh M.Sc.,Pham Thi Mai Thanh M.Sc.,
hongpm@neu.edu.vn,Phạm Thị Minh Hồng,1,1973,Nữ,,,Tiến sĩ,2017,Giảng viên chính (Hạng II),,Điện thọai: CQ: ; Mobile:,,Viện Kế toán - Kiểm toán,,E:\NeuTech\Dữ liệu\Dữ liệu giảng viên\Phòng ban viện/Viện Kế toán Kiểm toán,Pham Thi Minh Hong,TS. Phạm Thị Minh Hồng,Dr. Pham Thi Minh Hong,Dr. Pham Thi Minh Hong,
quynhpn@neu.edu.vn,Phạm Thị Ngọc Quỳnh,1,1988,Nữ,,,Thạc sĩ,2015,Giảng viên chính (Hạng II),,"Phòng 504 N23 Đô thị Pháp Vân , , Hoàng Mai, Hà Nội",0912241677,Khoa Kinh tế học,,E:\NeuTech\Dữ liệu\Dữ liệu giảng viên\Trường Kinh tế và Quản lý công/Khoa Kinh tế học,Pham Thi Ngoc Quynh,ThS. Phạm Thị Ngọc Quỳnh,Pham Thi Ngoc Quynh M.Sc.,Pham Thi Ngoc Quynh M.Sc.,
thuypp@neu.edu.vn,Phạm Thị Phương Thúy,1,1978,Nữ,,,Thạc sĩ,2007,Chuyên viên chính hạng II,Phó trưởng phòng,"25 ngõ 559/109/2 Đông Kim Ngưu, Hà Nội",,Phòng Tổ chức cán bộ,,E:\NeuTech\Dữ liệu\Dữ liệu giảng viên\Phòng ban viện/Phòng tổ chức cán bộ,Pham Thi Phuong Thuy,ThS. Phạm Thị Phương Thúy,Pham Thi Phuong Thuy M.Sc.,Pham Thi Phuong Thuy M.Sc.,
hoapq@neu.edu.vn,Phạm Thị Quỳnh Hoa,1,1979,Nữ,,,Thạc sĩ,2007,Giảng viên chính (Hạng II),Phó trưởng bộ môn,"Số 4, ngách 29/72 phố Khương Hạ, Khương Đình, Thanh Xuân, Hà Nội",0983596323,Khoa Ngoại ngữ kinh tế,,E:\NeuTech\Dữ liệu\Dữ liệu giảng viên\Trường Kinh tế và Quản lý công/Khoa Ngoại ngữ Kinh tế,Pham Thi Quynh Hoa,ThS. Phạm Thị Quỳnh Hoa,Pham Thi Quynh Hoa M.Sc.,Pham Thi Quynh Hoa M.Sc.,
huyenpham@neu.edu.vn,Phạm Thị Thanh Huyền,1,1987,Nữ,,,Tiến sĩ,2023,Giảng viên (Hạng III),,"Số 3, ngách 16, ngõ 78 Giải Phóng, Phương Mai, Đống Đa, Hà Nội",0981280287,Khoa Du lịch và Khách sạn,,E:\NeuTech\Dữ liệu\Dữ liệu giảng viên\Trường Kinh Doanh/Khoa Du lịch và Khách sạn,Pham Thi Thanh Huyen,TS. Phạm Thị Thanh Huyền,Dr. Pham Thi Thanh Huyen,Dr. Pham Thi Thanh Huyen,
nhanpt@neu.edu.vn,Phạm Thị Thanh Nhàn,1,1983,Nữ,,,Thạc sĩ,2010,Giảng viên chính (Hạng II),,"Số nhà 20 TDP 1 Miêu Nha Phường Tây Mỗ, , Nam Từ Liêm, Hà Nội",0904667083,Khoa Kinh tế và Quản lý Nguồn nhân lực,,E:\NeuTech\Dữ liệu\Dữ liệu giảng viên\Trường Kinh Doanh/Khoa Kinh tế và Quản lý nguồn nhân lực,Pham Thi Thanh Nhan,ThS. Phạm Thị Thanh Nhàn,Pham Thi Thanh Nhan M.Sc.,Pham Thi Thanh Nhan M.Sc.,
thuyptt@neu.edu.vn,Phạm Thị Thanh Thùy,1,1977,Nữ,Phó giáo sư,2018,Tiến sĩ,2009,Giảng viên cao cấp (Hạng I),Trưởng khoa,"Tổ 30 Hoàng Mai, Hoàng Văn Thụ, Q Hoàng Mai, , Thanh Xuân, Hà Nội",0912953737,Khoa Ngoại ngữ kinh tế,,E:\NeuTech\Dữ liệu\Dữ liệu giảng viên\Trường Kinh tế và Quản lý công/Khoa Ngoại ngữ Kinh tế,Pham Thi Thanh Thuy,PGS. TS. Phạm Thị Thanh Thùy,Assoc. Prof. Pham Thi Thanh Thuy,Assoc. Prof. Pham Thi Thanh Thuy,
thanhthuypt@neu.edu.vn,Phạm Thị Thanh Thủy,2,1982,Nữ,,,Thạc sĩ,,Giảng viên (Hạng III),,"T18, tầng 26 phòng 03 Khu đô thị Timescity, Minh Khai, Hai Bà Trưng, Hà Nội",,Viện Ngân hàng - Tài chính,,E:\NeuTech\Dữ liệu\Dữ liệu giảng viên\Phòng ban viện/Viện Ngân hàng - Tài chính,Pham Thi Thanh Thuy,ThS. Phạm Thị Thanh Thủy,Pham Thi Thanh Thuy M.Sc.,Pham Thi Thanh Thuy M.Sc. (School of Banking and Finance),(School of Banking and Finance)
,Phạm Thị Thanh Thủy,2,1979,Nữ,,,Cử nhân,2001,Giảng viên (Hạng III),,"38/2, Nguyễn An Ninh, Hai Bà Trưng, Hà Nội",,Khoa Marketing,,E:\NeuTech\Dữ liệu\Dữ liệu giảng viên\Trường Kinh Doanh/Khoa Marketing,Pham Thi Thanh Thuy,Phạm Thị Thanh Thủy,Pham Thi Thanh Thuy,Pham Thi Thanh Thuy (Marketing),(Marketing)
hangptt@neu.edu.vn,Phạm Thị Thu Hằng,1,1985,Nữ,,,Thạc sĩ,2012,Giảng viên (Hạng III),,"P.2309 CT4A, khu đô thị Xa La, Hà Đông, Hà Nội",,Viện Ngân hàng - Tài chính,,E:\NeuTech\Dữ liệu\Dữ liệu giảng viên\Phòng ban viện/Viện Ngân hàng - Tài chính,Pham Thi Thu Hang,ThS. Phạm Thị Thu Hằng,Pham Thi Thu Hang M.Sc.,Pham Thi Thu Hang M.Sc.,
phuongpham@neu.edu.vn,Phạm Thị Thu Phương,1,1987,Nữ,,,Tiến sĩ,2023,Giảng viên (Hạng III),Phó trưởng bộ môn,"Chung cư Northern Diamon, 99 Đàm Quang Trung, Long Biên, Hà Nội, Long Biên, Long Biên, Hà Nội",0987879815,Khoa Du lịch và Khách sạn,,E:\NeuTech\Dữ liệu\Dữ liệu giảng viên\Trường Kinh Doanh/Khoa Du lịch và Khách sạn,Pham Thi Thu Phuong,TS. Phạm Thị Thu Phương,Dr. Pham Thi Thu Phuong,Dr. Pham Thi Thu Phuong,
trangpham@neu.edu.vn,Phạm Thị Thu Trang,1,1984,Nữ,,,Cử nhân,2006,Giảng viên (Hạng III),,"TT Lữ đoàn 17, Ngũ Hiệp, Thanh Trì, Hà Nội",0935359666,Khoa Ngoại ngữ kinh tế,,E:\NeuTech\Dữ liệu\Dữ liệu giảng viên\Trường Kinh tế và Quản lý công/Khoa Ngoại ngữ Kinh tế,Pham Thi Thu Trang,Phạm Thị Thu Trang,Pham Thi Thu Trang,Pham Thi Thu Trang,
thuypt@neu.edu.vn,Phạm Thị Thủy,1,1973,Nữ,,,Tiến sĩ,2007,Giảng viên cao cấp (Hạng I),,"A6 Lô C8 Khu đô thị Đại Kim, Đại Kim, Hoàng Mai, Hà Nội",0904680719,Viện Kế toán - Kiểm toán,,E:\NeuTech\Dữ liệu\Dữ liệu giảng viên\Phòng ban viện/Viện Kế toán Kiểm toán,Pham Thi Thuy,TS. Phạm Thị Thủy,Dr. Pham Thi Thuy,Dr. Pham Thi Thuy,
dungpt@neu.edu.vn,Phạm Thị Thùy Dung,1,1990,Nữ,,,Thạc sĩ,,Giảng viên (Hạng III),,"Ct2a, chung cư Gelexia 885 Tam Trinh, Đồng Tâm, Hai Bà Trưng, Hà Nội",0964484216,Viện Ngân hàng - Tài chính,,E:\NeuTech\Dữ liệu\Dữ liệu giảng viên\Phòng ban viện/Viện Ngân hàng - Tài chính,Pham Thi Thuy Dung,ThS. Phạm Thị Thùy Dung,Pham Thi Thuy Dung M.Sc.,Pham Thi Thuy Dung M.Sc.,
huongptnn1@neu.edu.vn,Phạm Thị Tuyết Hương,1,1961,Nữ,,,Tiến sĩ,2009,Phó trưởng bộ môn,Phó trưởng bộ môn,"Số 2 tổ 15, Thanh Lương, Hai Bà Trưng, Hà Nội",,Bộ môn Tiếng Việt và Lý thuyết ngôn ngữ,,E:\NeuTech\Dữ liệu\Dữ liệu giảng viên\Trường Kinh tế và Quản lý công/Khoa Ngoại ngữ Kinh tế,Pham Thi Tuyet Huong,TS. Phạm Thị Tuyết Hương,Dr. Pham Thi Tuyet Huong,Dr. Pham Thi Tuyet Huong,
vanpthu@neu.edu.vn,Phạm Thu Vân,1,1989,Nữ,,,Thạc sĩ,2012,Giảng viên (Hạng III),,"Số 57 phố Kim Đồng, Giáp Bát, Hoàng Mai, Hà Nội",0942578139,Khoa Đầu tư,,E:\NeuTech\Dữ liệu\Dữ liệu giảng viên\Trường Kinh tế và Quản lý công/Khoa Đầu tư,Pham Thu Van,ThS. Phạm Thu Vân,Pham Thu Van M.Sc.,Pham Thu Van M.Sc.,
anhpt@neu.edu.vn,Phạm Thục Anh,1,1969,Nữ,,,Thạc sĩ,1999,Giảng viên chính (Hạng II),,"162C- Ngõ 164- Phố Phương Liệt, Phương Liệt, Thanh Xuân, Hà Nội",0947747277,Khoa Ngoại ngữ kinh tế,,E:\NeuTech\Dữ liệu\Dữ liệu giảng viên\Phòng ban viện/Trung tâm ngoại ngữ kinh tế,Pham Thuc Anh,ThS. Phạm Thục Anh,Pham Thuc Anh M.Sc.,Pham Thuc Anh M.Sc.,
phamhang@neu.edu.vn,Phạm Thúy Hằng,1,1983,Nữ,,,Thạc sĩ,2012,Chuyên viên,,"Thôn 2, Đông Mỹ, Thanh Trì, Hà Nội",,Viện Đào tạo Sau đại học,,E:\NeuTech\Dữ liệu\Dữ liệu giảng viên\Phòng ban viện/Viện Đào tạo sau Đại học,Pham Thuy Hang,ThS. Phạm Thúy Hằng,Pham Thuy Hang M.Sc.,Pham Thuy Hang M.Sc.,
huongpt@neu.edu.vn,Phạm Thúy Hương,1,1963,Nữ,Phó giáo sư,2010,Tiến sĩ,1998,Giảng viên cao cấp (Hạng I),,"22 tập thể 26 Trần Quý Cáp, Văn Miếu, Đống Đa, Hà Nội",0912012252,Khoa Kinh tế và Quản lý Nguồn nhân lực,,E:\NeuTech\Dữ liệu\Dữ liệu giảng viên\Trường Kinh Doanh/Khoa Kinh tế và Quản lý nguồn nhân lực,Pham Thuy Huong,PGS. TS. Phạm Thúy Hương,Assoc. Prof. Pham Thuy Huong,Assoc. Prof. Pham Thuy Huong,
oanhpt@neu.edu.vn,Phạm Thúy Oanh,1,1985,Nữ,,,Thạc sĩ,2013,Chuyên viên,,"Thôn Tự Khoát, Ngũ Hiệp, Thanh Trì, Hà Nội",,"Viện Đào tạo tiên tiến, chất lượng cao và POHE",,"E:\NeuTech\Dữ liệu\Dữ liệu giảng viên\Phòng ban viện/Viện Đào tạo, tiên tiến, CLC và POHE",Pham Thuy Oanh,ThS. Phạm Thúy Oanh,Pham Thuy Oanh M.Sc.,Pham Thuy Oanh M.Sc.,
trangpm@neu.edu.vn,Phạm Trần Minh Trang,1,1992,Nữ,,,Thạc sĩ,2015,Giảng viên (Hạng III),,"Số 07 TT4A Tây Nam Linh Đàm, Hoàng Liệt, Hoàng Mai, Hà Nội",0911313388,Khoa Đầu tư,,E:\NeuTech\Dữ liệu\Dữ liệu giảng viên\Trường Kinh tế và Quản lý công/Khoa Đầu tư,Pham Tran Minh Trang,ThS. Phạm Trần Minh Trang,Pham Tran Minh Trang M.Sc.,Pham Tran Minh Trang M.Sc.,
hoangpt@neu.edu.vn,Phạm Trương Hoàng,1,1975,Nam,Phó giáo sư,,,,Giảng viên cao cấp (Hạng I),Trưởng khoa,"Số 28, Hàng Vôi, Hoàn Kiếm, Hà Nội",0976596949,Khoa Du lịch và Khách sạn,,E:\NeuTech\Dữ liệu\Dữ liệu giảng viên\Trường Kinh Doanh/Khoa Du lịch và Khách sạn,Pham Truong Hoang,PGS. Phạm Trương Hoàng,Assoc. Prof. Pham Truong Hoang,Assoc. Prof. Pham Truong Hoang,
sonpt@neu.edu.vn,Phạm Trương Ngọc Sơn,1,1987,Nam,,,Cử nhân,2009,Chuyên viên,,"Số 175 Yên Lạc, Vĩnh Tuy, Hai Bà Trưng, Hà Nội",,Phòng Quản lý đào tạo,,E:\NeuTech\Dữ liệu\Dữ liệu giảng viên\Phòng ban viện/Phòng Quản lý đào tạo,Pham Truong Ngoc Son,Phạm Trương Ngọc Sơn,Pham Truong Ngoc Son,Pham Truong Ngoc Son,
ptanh@neu.edu.vn,Phạm Tuấn Anh,1,1984,Nam,,,Thạc sĩ,2014,Giảng viên (Hạng III),,"P903 Tòa Nam nhà E1, KĐT Yên Hòa, Yên Hoà, Cầu Giấy, Hà Nội",0344350998,Khoa Khoa học dữ liệu và Trí tuệ nhân tạo,,E:\NeuTech\Dữ liệu\Dữ liệu giảng viên\Trường Công nghệ/Khoa KHDL và TTNT,Pham Tuan Anh,ThS. Phạm Tuấn Anh,Pham Tuan Anh M.Sc.,Pham Tuan Anh M.Sc.,
lampt@neu.edu.vn,Phạm Tùng Lâm,1,1974,Nam,,,Thạc sĩ,2013,Chánh văn phòng,Phó giám đốc,"p1808+1809 tòa 24T3, số 6 Lê Văn Thiêm, Thanh Xuân Trung, Thanh Xuân, Hà Nội",0972606268,Trung tâm Dịch vụ Hỗ trợ đào tạo,,E:\NeuTech\Dữ liệu\Dữ liệu giảng viên\Phòng ban viện/Trung tâm Dịch vụ hỗ trợ đào tạo,Pham Tung Lam,ThS. Phạm Tùng Lâm,Pham Tung Lam M.Sc.,Pham Tung Lam M.Sc.,
baupv@neu.edu.vn,Phạm Văn Báu,1,1969,Nam,,,Cử nhân,2003,Chuyên viên,,"TT Đại học Kinh Tế Quốc Dân, , , Hà Nội",0912893915,"Trung tâm Thông tin, tư liệu, thư viện",,E:\NeuTech\Dữ liệu\Dữ liệu giảng viên\Phòng ban viện/Trung tâm thông tin thư viện,Pham Van Bau,Phạm Văn Báu,Pham Van Bau,Pham Van Bau,
daipv@neu.edu.vn,Phạm Văn Đại,1,1960,Nam,,,,2005,Chuyên viên,Tổ phó,Điện thọai: CQ: ; Mobile:,,Phòng Quản trị thiết bị,,E:\NeuTech\Dữ liệu\Dữ liệu giảng viên\Phòng ban viện/Phòng quản trị thiết bị,Pham Van Dai,Phạm Văn Đại,Pham Van Dai,Pham Van Dai,
hungpv@neu.edu.vn,Phạm Văn Hùng,1,1973,Nam,Phó giáo sư,2010,Tiến sĩ,2004,Giảng viên cao cấp (Hạng I),Trưởng khoa,"TT ĐH Thương mại, Mai Dịch, Cầu Giấy, Hà Nội",0904100662,Khoa Đầu tư,,E:\NeuTech\Dữ liệu\Dữ liệu giảng viên\Trường Kinh tế và Quản lý công/Khoa Đầu tư,Pham Van Hung,PGS. TS. Phạm Văn Hùng,Assoc. Prof. Pham Van Hung,Assoc. Prof. Pham Van Hung,
,Phạm Văn Khôi,1,1955,Nam,Phó giáo sư,,Tiến sĩ,,Giảng viên cao cấp (Hạng I),,"Phòng 309 nhà A14 tập thể KTQD , Đồng Tâm, Hai Bà Trưng, Hà Nội",,Khoa Bất động sản và Kinh tế Tài nguyên,,E:\NeuTech\Dữ liệu\Dữ liệu giảng viên\Trường Kinh Doanh/Khoa BĐS & KTTN,Pham Van Khoi,PGS. TS. Phạm Văn Khôi,Assoc. Prof. Pham Van Khoi,Assoc. Prof. Pham Van Khoi,
pvminh@neu.edu.vn,Phạm Văn Minh,2,1978,Nam,,,Thạc sĩ,,Giảng viên chính (Hạng II),Phó trưởng bộ môn,"Tổ 13, Định Công, Hoàng Mai, Hà Nội",0965509888,Khoa Hệ thống thông tin quản lý,,E:\NeuTech\Dữ liệu\Dữ liệu giảng viên\Trường Công nghệ/Khoa Hệ thống Thông tin Quản lý,Pham Van Minh,ThS. Phạm Văn Minh,Pham Van Minh M.Sc.,Pham Van Minh M.Sc. (Faculty of Information Systems),(Faculty of Information Systems)
minhpv@neu.edu.vn,Phạm Văn Minh,2,1957,Nam,Phó giáo sư,2006,Tiến sĩ,2003,Giảng viên cao cấp (Hạng I),,"52/42 ngõ Thông Phong; phố Tôn Đức thắng, Quốc Tử Giám, Đống Đa, Hà Nội",0904240700,Khoa Kinh tế học,,E:\NeuTech\Dữ liệu\Dữ liệu giảng viên\Trường Kinh tế và Quản lý công/Khoa Kinh tế học,Pham Van Minh,PGS. TS. Phạm Văn Minh,Assoc. Prof. Pham Van Minh,Assoc. Prof. Pham Van Minh (Faculty of Economics),(Faculty of Economics)
nghiapv@neu.edu.vn,Phạm Văn Nghĩa,1,1979,Nam,,,Thạc sĩ,2006,Giảng viên chính (Hạng II),,"Số 3 ngõ 32 phố Khương Trung, Khương Trung, Thanh Xuân, Hà Nội",0912039311,Khoa Khoa học cơ sở,,E:\NeuTech\Dữ liệu\Dữ liệu giảng viên\Trường Công nghệ/Khoa Khoa học Cơ sở,Pham Van Nghia,ThS. Phạm Văn Nghĩa,Pham Van Nghia M.Sc.,Pham Van Nghia M.Sc.,
sinhpv@neu.edu.vn,Phạm Văn Sinh,1,1959,Nam,,,Tiến sĩ,1995,Giảng viên chính (Hạng II),,"11 ngách 96/42 ngõ Tự do, phố Đại La, Đồng Tâm, Hai Bà Trưng, Hà Nội",0912139918,Khoa Lý luận Chính trị,,E:\NeuTech\Dữ liệu\Dữ liệu giảng viên\Trường Kinh tế và Quản lý công/Khoa LLCT,Pham Van Sinh,TS. Phạm Văn Sinh,Dr. Pham Van Sinh,Dr. Pham Van Sinh,
phamvantuan@neu.edu.vn,Phạm Văn Tuấn,1,1978,Nam,Phó giáo sư,2020,Tiến sĩ,2014,Giảng viên cao cấp (Hạng I),Phó Hiệu trưởng (trường thành viên),"Tổ 38, Thượng Đình, Thanh Xuân, Hà Nội",0989725888,Trường Kinh doanh,- Hành vi khách hàng (B2C; B2C)- Quản trị kênh phân phối- Digital marketing,E:\NeuTech\Dữ liệu\Dữ liệu giảng viên\Trường Kinh Doanh/Khoa Marketing,Pham Van Tuan,PGS. TS. Phạm Văn Tuấn,Assoc. Prof. Pham Van Tuan,Assoc. Prof. Pham Van Tuan,
nhapvt@neu.edu.vn,Phạm Văn Tuệ Nhã,1,1990,Nam,,,Tiến sĩ,2022,Giảng viên chính (Hạng II),,"Số 11, ngách 96/42, ngõ Tự Do, phố Đại La, Đồng Tâm, Hai Bà Trưng, Hà Nội",,Viện Ngân hàng - Tài chính,,E:\NeuTech\Dữ liệu\Dữ liệu giảng viên\Phòng ban viện/Viện Ngân hàng - Tài chính,Pham Van Tue Nha,TS. Phạm Văn Tuệ Nhã,Dr. Pham Van Tue Nha,Dr. Pham Van Tue Nha,
phamviethung@neu.edu.vn,Phạm Việt Hùng,1,1984,Nam,,,Tiến sĩ,,Giảng viên (Hạng III),,"Số 35 Xóm mới, tập thể Đại học Kinh tế Quốc dân, Đồng Tâm, Hai Bà Trưng, Hà Nội",,Viện Ngân hàng - Tài chính,,E:\NeuTech\Dữ liệu\Dữ liệu giảng viên\Phòng ban viện/Viện Ngân hàng - Tài chính,Pham Viet Hung,TS. Phạm Việt Hùng,Dr. Pham Viet Hung,Dr. Pham Viet Hung,
anhpv@neu.edu.vn,Phạm Vũ Anh,1,1985,Nam,,,Thạc sĩ,2016,Chuyên viên,,"54 ngõ 204 Trần Duy Hưng, , Cầu Giấy, Hà Nội",0983558936,"Viện Đào tạo tiên tiến, chất lượng cao và POHE",,"E:\NeuTech\Dữ liệu\Dữ liệu giảng viên\Phòng ban viện/Viện Đào tạo, tiên tiến, CLC và POHE",Pham Vu Anh,ThS. Phạm Vũ Anh,Pham Vu Anh M.Sc.,Pham Vu Anh M.Sc.,
hangpvd@neu.edu.vn,Phạm Vũ Diễm Hằng,1,1988,Nữ,,,Cử nhân,2010,Giảng viên (Hạng III),,"Phòng 810 Nơ 20 Pháp Vân, Tứ Hiệp, Thanh Trì, Hà Nội",,Viện Ngân hàng - Tài chính,,E:\NeuTech\Dữ liệu\Dữ liệu giảng viên\Phòng ban viện/Viện Ngân hàng - Tài chính,Pham Vu Diem Hang,Phạm Vũ Diễm Hằng,Pham Vu Diem Hang,Pham Vu Diem Hang,
hoapx@neu.edu.vn,Phạm Xuân Hòa,1,1979,Nam,,,Tiến sĩ,2014,Giảng viên chính (Hạng II),Phó trưởng bộ môn,"Số 84 ngách 96 ngõ Tự Do, phố Đại La, Đồng Tâm, Hai Bà Trưng, Hà Nội",0904350676,Viện Ngân hàng - Tài chính,,E:\NeuTech\Dữ liệu\Dữ liệu giảng viên\Phòng ban viện/Viện Ngân hàng - Tài chính,Pham Xuan Hoa,TS. Phạm Xuân Hòa,Dr. Pham Xuan Hoa,Dr. Pham Xuan Hoa,
kienpx@neu.edu.vn,Phạm Xuân Kiên,1,1978,Nam,,,Tiến sĩ,2012,Giảng viên chính (Hạng II),Phó trưởng bộ môn,"Số 4 ngõ 364 Hoàng Hoa Thám, Tây Hồ, Hà Nội",0983326327,Viện Kế toán - Kiểm toán,Kế toán Phân tích kinh doanh Phân tích tài chính,E:\NeuTech\Dữ liệu\Dữ liệu giảng viên\Phòng ban viện/Viện Kế toán Kiểm toán,Pham Xuan Kien,TS. Phạm Xuân Kiên,Dr. Pham Xuan Kien,Dr. Pham Xuan Kien,
lampx@neu.edu.vn,Phạm Xuân Lâm,1,1983,Nam,,,Tiến sĩ,2007,Giảng viên chính (Hạng II),Trưởng khoa,"Tòa VP4, Bán đảo Linh Đàm, Hoàng Liệt, Hoàng Mai, Hà Nội",0937638683,Khoa Công nghệ thông tin,,E:\NeuTech\Dữ liệu\Dữ liệu giảng viên\Trường Công nghệ/Khoa Công nghệ Thông tin,Pham Xuan Lam,TS. Phạm Xuân Lâm,Dr. Pham Xuan Lam,Dr. Pham Xuan Lam,
nampx@neu.edu.vn,Phạm Xuân Nam,1,1989,Nam,,,Tiến sĩ,2024,Giảng viên chính (Hạng II),,"Số 8 ngách 3/15 Cù Chính Lan, Khương Mai, Thanh Xuân, Hà Nội",0972172467,Khoa Kinh tế học,,E:\NeuTech\Dữ liệu\Dữ liệu giảng viên\Trường Kinh tế và Quản lý công/Khoa Kinh tế học,Pham Xuan Nam,TS. Phạm Xuân Nam,Dr. Pham Xuan Nam,Dr. Pham Xuan Nam,
phananhtu@neu.edu.vn,Phan Anh Tú,1,1991,Nam,,,Thạc sĩ,2021,Chuyên viên,,"197 Trần Đại Nghĩa, Đồng Tâm, Hai Bà Trưng, Hà Nội",,Văn phòng Đảng - Đoàn thể,,E:\NeuTech\Dữ liệu\Dữ liệu giảng viên\Phòng ban viện/Văn phòng Đảng - Đoàn thể,Phan Anh Tu,ThS. Phan Anh Tú,Phan Anh Tu M.Sc.,Phan Anh Tu M.Sc.,
phananhtuan@neu.edu.vn,Phan Anh Tuấn,1,1987,Nam,,,Tiến sĩ,2021,Giảng viên chính (Hạng II),Phó trưởng khoa,"43 ngõ 222, Khâm Thiên, Đống Đa, Hà Nội",0983619287,Khoa Bảo hiểm,,E:\NeuTech\Dữ liệu\Dữ liệu giảng viên\Trường Kinh Doanh/Khoa Bảo hiểm,Phan Anh Tuan,TS. Phan Anh Tuấn,Dr. Phan Anh Tuan,Dr. Phan Anh Tuan,
phancongnghia@neu.edu.vn,Phan Công Nghĩa,1,1954,Nam,Giáo sư,2009,Tiến sĩ,1988,Giảng viên cao cấp (Hạng I),,"14 Trần Bình Trọng, Trần Hưng Đạo, Hoàn Kiếm, Hà Nội",,Khoa Thống kê,,E:\NeuTech\Dữ liệu\Dữ liệu giảng viên\Trường Công nghệ/Khoa Thống Kê,Phan Cong Nghia,GS. TS. Phan Công Nghĩa,Prof. Phan Cong Nghia,Prof. Phan Cong Nghia,
hongmai@neu.edu.vn,Phan Hồng Mai,1,1982,Nữ,,,Tiến sĩ,2012,Giảng viên chính (Hạng II),,"Số 61, phố Vĩnh Hưng, Vĩnh Hưng, Hoàng Mai, Hà Nội",0912807783,Viện Ngân hàng - Tài chính,,E:\NeuTech\Dữ liệu\Dữ liệu giảng viên\Phòng ban viện/Viện Ngân hàng - Tài chính,Phan Hong Mai,TS. Phan Hồng Mai,Dr. Phan Hong Mai,Dr. Phan Hong Mai,
nghiph@neu.edu.vn,Phan Hữu Nghị,1,1976,Nam,Phó giáo sư,2022,Tiến sĩ,2008,Giảng viên chính (Hạng II),Trưởng bộ môn,"259/15 Phố Vọng , Đồng Tâm, Hai Bà Trưng, Hà Nội",0906039898,Viện Ngân hàng - Tài chính,,E:\NeuTech\Dữ liệu\Dữ liệu giảng viên\Phòng ban viện/Viện Ngân hàng - Tài chính,Phan Huu Nghi,PGS. TS. Phan Hữu Nghị,Assoc. Prof. Phan Huu Nghi,Assoc. Prof. Phan Huu Nghi,
phankimnga@neu.edu.vn,Phan Thị Kim Nga,1,1984,Nữ,,,Cử nhân,2006,Chuyên viên,,"P106 A14 tập thể Đại học Kinh tế quốc dân, Đồng Tâm, Hai Bà Trưng, Hà Nội",,Trung tâm Đào tạo từ xa,,E:\NeuTech\Dữ liệu\Dữ liệu giảng viên\Phòng ban viện/Trung tâm đào tạo từ xa,Phan Thi Kim Nga,Phan Thị Kim Nga,Phan Thi Kim Nga,Phan Thi Kim Nga,
vipm@neu.edu.vn,Phan Thị Minh Vi,1,1967,Nữ,,,Cử nhân,2004,Văn thư,Văn thư,"Số nhà 44, ngõ Tân Lạc, phố đại la, Đồng Tâm, Hai Bà Trưng, Hà Nội",0902093491,Khoa Thống kê,,E:\NeuTech\Dữ liệu\Dữ liệu giảng viên\Trường Công nghệ/Khoa Thống Kê,Phan Thi Minh Vi,Phan Thị Minh Vi,Phan Thi Minh Vi,Phan Thi Minh Vi,
hoaptt@neu.edu.vn,Phan Thị Thanh Hoa,1,1987,Nữ,,,Tiến sĩ,2019,Giảng viên chính (Hạng II),,"Phòng 506, Park 2, Park Hill, Time City, Mai Động, Hoàng Mai, Hà Nội",0963966789,Khoa Quản trị kinh doanh,,E:\NeuTech\Dữ liệu\Dữ liệu giảng viên\Trường Kinh Doanh/Khoa QTKD,Phan Thi Thanh Hoa,TS. Phan Thị Thanh Hoa,Dr. Phan Thi Thanh Hoa,Dr. Phan Thi Thanh Hoa,
huongptt@neu.edu.vn,Phan Thị Thanh Hương,1,1975,Nữ,,,Cử nhân,1996,Giảng viên (Hạng III),,"30 ngách 49 ngõ 470 Nguyễn Trãi, Thanh Xuân Trung, Thanh Xuân, Hà Nội",,Viện Ngân hàng - Tài chính,,E:\NeuTech\Dữ liệu\Dữ liệu giảng viên\Phòng ban viện/Viện Ngân hàng - Tài chính,Phan Thi Thanh Huong,Phan Thị Thanh Hương,Phan Thi Thanh Huong,Phan Thi Thanh Huong,
loanptt@neu.edu.vn,Phan Thị Thanh Loan,1,1988,Nữ,,,Tiến sĩ,2021,Giảng viên chính (Hạng II),,"chung cư Nam Đô, Thịnh Liệt, Hoàng Mai, Hà Nội",0982240291,Viện Kế toán - Kiểm toán,,E:\NeuTech\Dữ liệu\Dữ liệu giảng viên\Phòng ban viện/Viện Kế toán Kiểm toán,Phan Thi Thanh Loan,TS. Phan Thị Thanh Loan,Dr. Phan Thi Thanh Loan,Dr. Phan Thi Thanh Loan,
,Phan Thị Thu Hà,1,1959,Nữ,Phó giáo sư,,Tiến sĩ,1976,Giảng viên cao cấp (Hạng I),,"Phòng 303 khu tập thể Công ty tổng hợp 148, Thanh Lương, Hai Bà Trưng, Hà Nội",,Bộ môn Ngân hàng thương mại,,E:\NeuTech\Dữ liệu\Dữ liệu giảng viên\Phòng ban viện/Viện Ngân hàng - Tài chính,Phan Thi Thu Ha,PGS. TS. Phan Thị Thu Hà,Assoc. Prof. Phan Thi Thu Ha,Assoc. Prof. Phan Thi Thu Ha,
hienpt@neu.edu.vn,Phan Thị Thu Hiền,1,1974,Nữ,,,Tiến sĩ,2015,Giảng viên cao cấp (Hạng I),,"Số 81 ngách 175/5 phố Định Công, Định Công, Hoàng Mai, Hà Nội",0949434568,Khoa Đầu tư,1. Đầu tư công.2. Thị trường vốn.3. Đầu tư quốc tế,E:\NeuTech\Dữ liệu\Dữ liệu giảng viên\Trường Kinh tế và Quản lý công/Khoa Đầu tư,Phan Thi Thu Hien,TS. Phan Thị Thu Hiền,Dr. Phan Thi Thu Hien,Dr. Phan Thi Thu Hien,
phanthucanh@neu.edu.vn,Phan Thị Thục Anh,1,1970,Nữ,Phó giáo sư,,Tiến sĩ,2007,Giảng viên cao cấp (Hạng I),Phó viện trưởng,Điện thọai: CQ: ; Mobile:,,Viện Đào tạo quốc tế,,E:\NeuTech\Dữ liệu\Dữ liệu giảng viên\Phòng ban viện/Viện Đào tạo Quốc tế,Phan Thi Thuc Anh,PGS. TS. Phan Thị Thục Anh,Assoc. Prof. Phan Thi Thuc Anh,Assoc. Prof. Phan Thi Thuc Anh,
trangpt@neu.edu.vn,Phan Thu Trang,1,1988,Nữ,,,Thạc sĩ,2012,Giảng viên (Hạng III),,"A8 tổ 122 Hoàng Cầu, Ô Chợ Dừa, Đống Đa, Hà Nội",0985091288,Viện Ngân hàng - Tài chính,,E:\NeuTech\Dữ liệu\Dữ liệu giảng viên\Phòng ban viện/Viện Ngân hàng - Tài chính,Phan Thu Trang,ThS. Phan Thu Trang,Phan Thu Trang M.Sc.,Phan Thu Trang M.Sc.,
uyenpt@neu.edu.vn,Phan Tố Uyên,1,1963,Nữ,Phó giáo sư,2007,,2007,Giảng viên cao cấp (Hạng I),,"Số 5 Lô 4 E Trung Yên 10 B, , Cầu Giấy, Hà Nội",0968183669,Viện Thương mại và Kinh tế quốc tế,,E:\NeuTech\Dữ liệu\Dữ liệu giảng viên\Trường Kinh Doanh/Viện Thương mại và Kinh tế Quốc tế,Phan To Uyen,PGS. Phan Tố Uyên,Assoc. Prof. Phan To Uyen,Assoc. Prof. Phan To Uyen,
thanhpt@neu.edu.vn,Phan Triệu Thanh,1,1963,Nam,,,,2004,Chức vụ:,,"Phòng 1 B9 tập thể KTQD, Đồng Tâm, Hai Bà Trưng, Hà Nội",0913586507,Phòng Quản trị thiết bị,,E:\NeuTech\Dữ liệu\Dữ liệu giảng viên\Phòng ban viện/Phòng quản trị thiết bị,Phan Trieu Thanh,Phan Triệu Thanh,Phan Trieu Thanh,Phan Trieu Thanh,
trungkien@neu.edu.vn,Phan Trung Kiên,2,1987,Nam,,,Thạc sĩ,2017,Giảng viên chính (Hạng II),,"Xóm 2, Vĩnh Quỳnh, Thanh Trì, Hà Nội",0989719018,Bộ môn Giáo dục thể chất,,E:\NeuTech\Dữ liệu\Dữ liệu giảng viên\Phòng ban viện/Bộ môn GDTC,Phan Trung Kien,ThS. Phan Trung Kiên,Phan Trung Kien M.Sc.,Phan Trung Kien M.Sc.,
kienpt@neu.edu.vn,Phan Trung Kiên,2,1976,Nam,Phó giáo sư,2015,Tiến sĩ,2007,Giảng viên cao cấp (Hạng I),Trưởng bộ môn,"Số 41, ngõ 435, Đội Cấn, Vĩnh Phúc, Ba Đình, Hà Nội",,Viện Kế toán - Kiểm toán,,E:\NeuTech\Dữ liệu\Dữ liệu giảng viên\Phòng ban viện/Viện Kế toán Kiểm toán,Phan Trung Kien,PGS. TS. Phan Trung Kiên,Assoc. Prof. Phan Trung Kien,Assoc. Prof. Phan Trung Kien (School of Accounting and Auditing),(School of Accounting and Auditing)
linhph@neu.edu.vn,Phí Thị Hồng Linh,1,1980,Nữ,,,Tiến sĩ,2018,Giảng viên chính (Hạng II),Phó trưởng bộ môn,"Tập thể Công ty CTGT 116, 521 Nguyễn Trãi, Thanh Xuân Nam, Thanh Xuân, Hà Nội",0936031103,Khoa Kế hoạch và Phát triển,,E:\NeuTech\Dữ liệu\Dữ liệu giảng viên\Trường Kinh tế và Quản lý công/Khoa Kế hoạch và phát triển,Phi Thi Hong Linh,TS. Phí Thị Hồng Linh,Dr. Phi Thi Hong Linh,Dr. Phi Thi Hong Linh,
trongpvketoan@neu.edu.vn,Phí Văn Trọng,1,1980,Nam,,,Tiến sĩ,2018,Giảng viên chính (Hạng II),,"Số 3B, ngõ 521/167/7, đường Trương Định, , , Hà Nội",0904219789,Viện Kế toán - Kiểm toán,,E:\NeuTech\Dữ liệu\Dữ liệu giảng viên\Phòng ban viện/Viện Kế toán Kiểm toán,Phi Van Trong,TS. Phí Văn Trọng,Dr. Phi Van Trong,Dr. Phi Van Trong,
,Phí Văn Trương,1,1962,Nam,,,,,Chức vụ:,,Điện thọai: CQ: ; Mobile:,,Trung tâm Dịch vụ Hỗ trợ đào tạo,,E:\NeuTech\Dữ liệu\Dữ liệu giảng viên\Phòng ban viện/Trung tâm Dịch vụ hỗ trợ đào tạo,Phi Van Truong,Phí Văn Trương,Phi Van Truong,Phi Van Truong,
cuongpc@neu.edu.vn,Phùng Chí Cường,1,1978,Nam,,,Tiến sĩ,2021,Giảng viên chính (Hạng II),,"15.08 tòa M2, chung cư Mipec city view, khu đô thị Kiến Hưng, Kiến Hưng, Hà Đông, Hà Nội",0912068370,Viện Đào tạo Sau đại học,,E:\NeuTech\Dữ liệu\Dữ liệu giảng viên\Phòng ban viện/Viện Đào tạo sau Đại học,Phung Chi Cuong,TS. Phùng Chí Cường,Dr. Phung Chi Cuong,Dr. Phung Chi Cuong,
phungduc@neu.edu.vn,Phùng Minh Đức,1,1979,Nam,,,Tiến sĩ,2019,Giảng viên chính (Hạng II),,"P209A - Nhà B11 - Khu TT Nghĩa Tân, Cầu Giấy, Hà Nội",0912505951,Khoa Khoa học cơ sở,"50201 Nông nghiệp, các vấn đề về năng suất và phân tich hiệu quả50201 Giảm nghèo bất bình đẳng50201 Phân tích định lượng trong KT-XH",E:\NeuTech\Dữ liệu\Dữ liệu giảng viên\Trường Công nghệ/Khoa Khoa học Cơ sở,Phung Minh Duc,TS. Phùng Minh Đức,Dr. Phung Minh Duc,Dr. Phung Minh Duc,
thuyphung@neu.edu.vn,Phùng Minh Thu Thủy,1,1985,Nữ,,,Tiến sĩ,2020,Giảng viên chính (Hạng II),,"1205C, CC Mandarin Garden II, 99 Tân Mai, An Khánh, Hoài Đức, Hà Nội",0942226585,Khoa Khoa học Quản lý,,E:\NeuTech\Dữ liệu\Dữ liệu giảng viên\Trường Kinh tế và Quản lý công/Khoa Khoa học quản lý,Phung Minh Thu Thuy,TS. Phùng Minh Thu Thủy,Dr. Phung Minh Thu Thuy,Dr. Phung Minh Thu Thuy,
tungpn@neu.edu.vn,Phùng Ngọc Tùng,1,1985,Nam,,,Tiến sĩ,2024,Giảng viên (Hạng III),,"05 Nguyễn Huy Tự, Bạch Đằng, Hai Bà Trưng, Hà Nội",0382873828,Khoa Luật,,E:\NeuTech\Dữ liệu\Dữ liệu giảng viên\Trường Kinh tế và Quản lý công/Khoa Luật,Phung Ngoc Tung,TS. Phùng Ngọc Tùng,Dr. Phung Ngoc Tung,Dr. Phung Ngoc Tung,
pt_quang@neu.edu.vn,Phùng Thanh Quang,1,1984,Nam,Phó giáo sư,2024,Tiến sĩ,2016,Giảng viên cao cấp (Hạng I),,"151A Nguyễn Đức Cảnh, Tương Mai, Hoàng Mai, Hà Nội",0904657189,Viện Ngân hàng - Tài chính,,E:\NeuTech\Dữ liệu\Dữ liệu giảng viên\Phòng ban viện/Viện Ngân hàng - Tài chính,Phung Thanh Quang,PGS. TS. Phùng Thanh Quang,Assoc. Prof. Phung Thanh Quang,Assoc. Prof. Phung Thanh Quang,
hangpt@neu.edu.vn,Phùng Thị Hằng,1,1983,Nữ,,,Tiến sĩ,2019,Giảng viên chính (Hạng II),Giám đốc TT thuộc Khoa,"18T1, Nhân Chính, Thanh Xuân, Hà Nội",0945959268,Khoa Du lịch và Khách sạn,,E:\NeuTech\Dữ liệu\Dữ liệu giảng viên\Trường Kinh Doanh/Khoa Du lịch và Khách sạn,Phung Thi Hang,TS. Phùng Thị Hằng,Dr. Phung Thi Hang,Dr. Phung Thi Hang,
phungtienhai@neu.edu.vn,Phùng Tiến Hải,1,1974,Nam,,,Thạc sĩ,2004,Giảng viên (Hạng III),,"101 - C20 Tập thể Tân Mai, Tân Mai, Hoàng Mai, Hà Nội",0903216863,Khoa Hệ thống thông tin quản lý,,E:\NeuTech\Dữ liệu\Dữ liệu giảng viên\Trường Công nghệ/Khoa Hệ thống Thông tin Quản lý,Phung Tien Hai,ThS. Phùng Tiến Hải,Phung Tien Hai M.Sc.,Phung Tien Hai M.Sc.,
thuypv@neu.edu.vn,Phùng Vân Thủy,1,1979,Nữ,,,Thạc sĩ,,Giảng viên (Hạng III),,"P703 - Nhà A - TDP Xuân Lộc 4, Xuân Đỉnh, Bắc Từ Liêm, Hà Nội",0982531431,Khoa Ngoại ngữ kinh tế,,E:\NeuTech\Dữ liệu\Dữ liệu giảng viên\Trường Kinh tế và Quản lý công/Khoa Ngoại ngữ Kinh tế,Phung Van Thuy,ThS. Phùng Vân Thủy,Phung Van Thuy M.Sc.,Phung Van Thuy M.Sc.,
cuongqm@neu.edu.vn,Quách Mạnh Cường,1,1981,Nam,,,,2009,Chuyên viên,,"Số 02 Ngách 35/196, P. Đại Mỗ, Nam Từ Liêm, Hà Nội",0979891661,Trung tâm Ứng dụng Công nghệ thông tin,,E:\NeuTech\Dữ liệu\Dữ liệu giảng viên\Phòng ban viện/Trung tâm ứng dụng CNTT,Quach Manh Cuong,Quách Mạnh Cường,Quach Manh Cuong,Quach Manh Cuong,
RobertGribb@neu.edu.vn,Robert Gibb,1,,,,,,,Giảng viên thỉnh giảng,,,,,,,Robert Gibb,Robert Gibb,Robert Gibb,Robert Gibb,
lysh@neu.edu.vn,Sái Thị Hương Ly,1,1994,Nữ,,,Cử nhân,,Chức vụ:,,Điện thọai: CQ: ; Mobile:,,"Viện Đào tạo tiên tiến, chất lượng cao và POHE",,"E:\NeuTech\Dữ liệu\Dữ liệu giảng viên\Phòng ban viện/Viện Đào tạo, tiên tiến, CLC và POHE",Sai Thi Huong Ly,Sái Thị Hương Ly,Sai Thi Huong Ly,Sai Thi Huong Ly,
soren.rep@usa.com,Soren.R Kirchner,1,,,,,,,Giảng viên thỉnh giảng,,,,,,,Soren.R Kirchner,Soren.R Kirchner,Soren.R Kirchner,Soren.R Kirchner,
quydt@neu.edu.vn,Tạ Đình Quý,1,2000,Nam,,,Thạc sĩ,2024,Giảng viên (Hạng III),,"P1005 Tòa F CC Xuân Phương Báo Đảng, Phường Xuân Phương, Nam Từ Liêm, Hà Nội",0344025484,Khoa Khoa học dữ liệu và Trí tuệ nhân tạo,,E:\NeuTech\Dữ liệu\Dữ liệu giảng viên\Trường Công nghệ/Khoa KHDL và TTNT,Ta Dinh Quy,ThS. Tạ Đình Quý,Ta Dinh Quy M.Sc.,Ta Dinh Quy M.Sc.,
ta.thang@neu.edu.vn,Tạ Mạnh Thắng,1,1973,Nam,,,Tiến sĩ,2005,Chuyên viên chính hạng II,Phó trưởng phòng,"Số 5 ngách 293/63 Tam Trinh, Hoàng Văn Thụ, Hoàng Mai, Hà Nội",,Phòng Khảo thí và Đảm bảo chất lượng Giáo dục,,E:\NeuTech\Dữ liệu\Dữ liệu giảng viên\Phòng ban viện/Phòng khảo thí & DBCLGD,Ta Manh Thang,TS. Tạ Mạnh Thắng,Dr. Ta Manh Thang,Dr. Ta Manh Thang,
quangtm@neu.edu.vn,Tạ Minh Quang,1,1981,Nam,,,Tiến sĩ,2024,Giảng viên (Hạng III),,"Số 11 Hai Bà Trưng, Tràng Tiền, Hoàn Kiếm, Hà Nội",0936468866,Khoa Quản trị kinh doanh,,E:\NeuTech\Dữ liệu\Dữ liệu giảng viên\Trường Kinh Doanh/Khoa QTKD,Ta Minh Quang,TS. Tạ Minh Quang,Dr. Ta Minh Quang,Dr. Ta Minh Quang,
linhtn@neu.edu.vn,Tạ Nhật Linh,1,1988,Nữ,,,Tiến sĩ,2022,Giảng viên (Hạng III),,"Số 3, ngõ 208, Giải Phóng, Hai Bà Trưng, Hà Nội",,Viện Ngân hàng - Tài chính,,E:\NeuTech\Dữ liệu\Dữ liệu giảng viên\Phòng ban viện/Viện Ngân hàng - Tài chính,Ta Nhat Linh,TS. Tạ Nhật Linh,Dr. Ta Nhat Linh,Dr. Ta Nhat Linh,
tathuphuong@neu.edu.vn,Tạ Thu Phương,1,1979,Nữ,,,Tiến sĩ,2021,Giảng viên (Hạng III),,"Park 11, KĐT Parkhill Premium, 13, Lĩnh Nam , Mai Động, Hoàng Mai, Hà Nội",0979835272,Khoa Quản trị kinh doanh,"Quản trị doanh nghiệp, Chiến lược , Lãnh đạo trong tổ chức",E:\NeuTech\Dữ liệu\Dữ liệu giảng viên\Trường Kinh Doanh/Khoa QTKD,Ta Thu Phuong,TS. Tạ Thu Phương,Dr. Ta Thu Phuong,Dr. Ta Thu Phuong,
trangtt@neu.edu.vn,Tạ Thu Trang,1,1980,Nữ,Phó giáo sư,2023,Tiến sĩ,2017,Giảng viên cao cấp (Hạng I),,"Số 64 ngách 96 ngõ Tự Do, tập thể đại học KTQD, Đồng Tâm, Hai Bà Trưng, Hà Nội",,Viện Kế toán - Kiểm toán,Kiểm toán Kế toán Kiểm toán gian lận,E:\NeuTech\Dữ liệu\Dữ liệu giảng viên\Phòng ban viện/Viện Kế toán Kiểm toán,Ta Thu Trang,PGS. TS. Tạ Thu Trang,Assoc. Prof. Ta Thu Trang,Assoc. Prof. Ta Thu Trang,
loitv@neu.edu.vn,Tạ Văn Lợi,1,1971,Nam,Phó giáo sư,2013,Tiến sĩ,2004,Giảng viên cao cấp (Hạng I),Hiệu trưởng (trường thành viên),"Số 23 ngõ 82 Nguyễn Phúc Lai, Ô Chợ Dừa, Đống Đa, Hà Nội",0983696032,Trường Kinh doanh,"Quản trị kinh doanh quốc tếKinh tế và quản lýChuyển đổi số, logistics",E:\NeuTech\Dữ liệu\Dữ liệu giảng viên\Trường Kinh Doanh/Viện Thương mại và Kinh tế Quốc tế,Ta Van Loi,PGS. TS. Tạ Văn Lợi,Assoc. Prof. Ta Van Loi,Assoc. Prof. Ta Van Loi,
thaddeushostetler@gmail.com,Thaddeus Allen Hostetler,1,,,,,,,Giảng viên thỉnh giảng,,,,,,,,,,,
tratt@neu.edu.vn,Thái Thị Trà,1,1991,Nữ,,,,2014,Chuyên viên,,"Số nhà 14, ngách 60/75, Đường Giải Phóng, Hai Bà Trưng, Hà Nội",0962586029,"Trung tâm Thông tin, tư liệu, thư viện",,E:\NeuTech\Dữ liệu\Dữ liệu giảng viên\Phòng ban viện/Trung tâm thông tin thư viện,Thai Thi Tra,Thái Thị Trà,Thai Thi Tra,Thai Thi Tra,
,Tô Đức Hạnh,1,1954,Nam,Phó giáo sư,2006,Tiến sĩ,1999,Giảng viên cao cấp (Hạng I),,"Số 13/1 Evelyne Garden - ParkCity,đg Lê Trọng Tấn, Quang Trung, Hà Đông, Hà Nội",0918038866,Khoa Lý luận Chính trị,,E:\NeuTech\Dữ liệu\Dữ liệu giảng viên\Trường Kinh tế và Quản lý công/Khoa LLCT,To Duc Hanh,PGS. TS. Tô Đức Hạnh,Assoc. Prof. To Duc Hanh,Assoc. Prof. To Duc Hanh,
huongtt@neu.edu.vn,Tô Thị Thiên Hương,1,1968,Nữ,,,Thạc sĩ,2004,Giảng viên chính (Hạng II),,"126D Linh Lang, Văn Chương, Đống Đa, Hà Nội",0904167272,Khoa Bảo hiểm,,E:\NeuTech\Dữ liệu\Dữ liệu giảng viên\Trường Kinh Doanh/Khoa Bảo hiểm,To Thi Thien Huong,ThS. Tô Thị Thiên Hương,To Thi Thien Huong M.Sc.,To Thi Thien Huong M.Sc.,
huongttt@neu.edu.vn,Tô Thị Thu Hường,1,1989,Nữ,,,Thạc sĩ,2014,Chức vụ:,,"Số 8, hẻm 41/27/21 phố Vọng, Đồng Tâm, Hai Bà Trưng, Hà Nội",0886868788,Trung tâm Đào tạo từ xa,,E:\NeuTech\Dữ liệu\Dữ liệu giảng viên\Phòng ban viện/Trung tâm đào tạo từ xa,To Thi Thu Huong,ThS. Tô Thị Thu Hường,To Thi Thu Huong M.Sc.,To Thi Thu Huong M.Sc.,
thanhtt@neu.edu.vn,Tô Trung Thành,1,1977,Nam,Giáo sư,2022,Tiến sĩ,2008,Giảng viên cao cấp (Hạng I),Trưởng phòng,"Phòng B1106, Chung cư Mulberrry Lane, Khu đô thị Mỗ Lao, , Hà Đông, Hà Nội",0942399337,Phòng Quản lý khoa học,Kinh tế và quản trị Kinh doanh,E:\NeuTech\Dữ liệu\Dữ liệu giảng viên\Phòng ban viện/Phòng Quản lý Khoa học,To Trung Thanh,GS. TS. Tô Trung Thành,Prof. To Trung Thanh,Prof. To Trung Thanh,
nhattv@neu.edu.vn,Tô Văn Nhật,1,1974,Nam,,,Tiến sĩ,2008,Giảng viên (Hạng III),,"Đông Anh, Hà Nội",,Viện Kế toán - Kiểm toán,,E:\NeuTech\Dữ liệu\Dữ liệu giảng viên\Phòng ban viện/Viện Kế toán Kiểm toán,To Van Nhat,TS. Tô Văn Nhật,Dr. To Van Nhat,Dr. To Van Nhat,
cuongxt@neu.edu.vn,Tô Xuân Cường,1,1972,Nam,,,Cử nhân,,Giảng viên (Hạng III),,"R2 - 2230 - Royal City - 72A Nguyễn Trãi, Thượng Đình, Thanh Xuân, Hà Nội",0903258849,Viện Thương mại và Kinh tế quốc tế,,E:\NeuTech\Dữ liệu\Dữ liệu giảng viên\Trường Kinh Doanh/Viện Thương mại và Kinh tế Quốc tế,To Xuan Cuong,Tô Xuân Cường,To Xuan Cuong,To Xuan Cuong,
huyenttt@neu.edu.vn,Tôn Thị Thanh Huyền,1,1973,Nữ,,,Thạc sĩ,2003,Giảng viên chính (Hạng II),,Điện thọai: CQ: ; Mobile:,,Khoa Bảo hiểm,,E:\NeuTech\Dữ liệu\Dữ liệu giảng viên\Trường Kinh Doanh/Khoa Bảo hiểm,Ton Thi Thanh Huyen,ThS. Tôn Thị Thanh Huyền,Ton Thi Thanh Huyen M.Sc.,Ton Thi Thanh Huyen M.Sc.,
trungtt@neu.edu.vn,Tống Thành Trung,1,1975,Nam,,,Tiến sĩ,2011,Giảng viên chính (Hạng II),,"Phòng 404, Nhà K11, Khu đô thị mới Việt Hưng, , Long Biên, Hà Nội",0904147146,Khoa Khoa học cơ sở,,E:\NeuTech\Dữ liệu\Dữ liệu giảng viên\Trường Công nghệ/Khoa Khoa học Cơ sở,Tong Thanh Trung,TS. Tống Thành Trung,Dr. Tong Thanh Trung,Dr. Tong Thanh Trung,
tamtth@neu.edu.vn,Tống Thị Hảo Tâm,1,1979,Nữ,,,Tiến sĩ,2016,Giảng viên chính (Hạng II),,"Số 26 Nhà vườn 1, Tổng cục V, Bộ công an, Tân Triều, Thanh Trì, Hà Nội",0913520505,Khoa Công nghệ thông tin,,E:\NeuTech\Dữ liệu\Dữ liệu giảng viên\Trường Công nghệ/Khoa Công nghệ Thông tin,Tong Thi Hao Tam,TS. Tống Thị Hảo Tâm,Dr. Tong Thi Hao Tam,Dr. Tong Thi Hao Tam,
ngoctm@neu.edu.vn,Tống Thị Minh Ngọc,1,1978,Nữ,,,Thạc sĩ,2006,Giảng viên chính (Hạng II),,"24T2-Hapulico, 85 Vũ Trọng Phụng, Thanh Xuân Trung, Thanh Xuân, Hà Nội",0913002241,Khoa Công nghệ thông tin,,E:\NeuTech\Dữ liệu\Dữ liệu giảng viên\Trường Công nghệ/Khoa Công nghệ Thông tin,Tong Thi Minh Ngoc,ThS. Tống Thị Minh Ngọc,Tong Thi Minh Ngoc M.Sc.,Tong Thi Minh Ngoc M.Sc.,
ngoctx@neu.edu.vn,Tống Xuân Ngọc,1,1966,Nam,,,Cử nhân,1991,Giảng viên chính (Hạng II),,"60 hàng Tiện, Phường Quang Trung, , , Nam Định",,Bộ môn Giáo dục thể chất,,E:\NeuTech\Dữ liệu\Dữ liệu giảng viên\Phòng ban viện/Bộ môn GDTC,Tong Xuan Ngoc,Tống Xuân Ngọc,Tong Xuan Ngoc,Tong Xuan Ngoc,
ngantk@neu.edu.vn,Trạc Kim Ngân,1,1989,Nữ,,,Thạc sĩ,2017,Trợ lý,Trợ lý,"143, C3 KĐT mới Đại Kim, Đại Kim, Hoàng Mai, Hà Nội",0968681355,Khoa Đầu tư,,E:\NeuTech\Dữ liệu\Dữ liệu giảng viên\Trường Kinh tế và Quản lý công/Khoa Đầu tư,Trac Kim Ngan,ThS. Trạc Kim Ngân,Trac Kim Ngan M.Sc.,Trac Kim Ngan M.Sc.,
ngocta@neu.edu.vn,Trần Anh Ngọc,1,1992,Nam,,,Thạc sĩ,,Giảng viên (Hạng III),,"Số 54, ngõ 259, phố Vọng, Hai Bà Trưng, Hà Nội",,Viện Ngân hàng - Tài chính,,E:\NeuTech\Dữ liệu\Dữ liệu giảng viên\Phòng ban viện/Viện Ngân hàng - Tài chính,Tran Anh Ngoc,ThS. Trần Anh Ngọc,Tran Anh Ngoc M.Sc.,Tran Anh Ngoc M.Sc.,
ngoctb@neu.edu.vn,Trần Bích Ngọc,1,1993,Nữ,,,Thạc sĩ,2019,Chuyên viên,,"Tự Thoát, Ngũ Hiệp, Thanh Trì, Hà Nội",0984396980,Phòng Truyền thông,,E:\NeuTech\Dữ liệu\Dữ liệu giảng viên\Phòng ban viện/Phòng truyền thông,Tran Bich Ngoc,ThS. Trần Bích Ngọc,Tran Bich Ngoc M.Sc.,Tran Bich Ngoc M.Sc.,
thuytb@neu.edu.vn,Trần Bích Thủy,1,1965,Nữ,,,Cử nhân,1996,Giảng viên chính,Trợ lý,"1/42 ngo chua hung ky - minh khai, Minh Khai, Hai Bà Trưng, Hà Nội",0915181471,Khoa Marketing,,E:\NeuTech\Dữ liệu\Dữ liệu giảng viên\Trường Kinh Doanh/Khoa Marketing,Tran Bich Thuy,Trần Bích Thủy,Tran Bich Thuy,Tran Bich Thuy,
tutc@neu.edu.vn,Trần Cẩm Tú,1,1991,Nữ,,,Tiến sĩ,2021,Giảng viên (Hạng III),,"Time City, Hà Nội",0915877174,Viện Quản trị kinh doanh,Employer BrandHuman resources managementOrganizational behaviorCross-cultural management,E:\NeuTech\Dữ liệu\Dữ liệu giảng viên\Trường Kinh Doanh/Viện QTKD,Tran Cam Tu,TS. Trần Cẩm Tú,Dr. Tran Cam Tu,Dr. Tran Cam Tu,
thuytc@neu.edu.vn,Trần Chung Thủy,1,1974,Nữ,,,Thạc sĩ,2000,Giảng viên chính (Hạng II),Phó trưởng bộ môn,"311, A14, Khu TT Ngõ 100, Trần Đại Nghĩa, Đồng Tâm, Hai Bà Trưng, Hà Nội",0986969975,Khoa Toán kinh tế,,E:\NeuTech\Dữ liệu\Dữ liệu giảng viên\Trường Công nghệ/Khoa Toán Kinh tế,Tran Chung Thuy,ThS. Trần Chung Thủy,Tran Chung Thuy M.Sc.,Tran Chung Thuy M.Sc.,
khamtd@neu.edu.vn,Trần Đăng Khâm,1,1965,Nam,Phó giáo sư,,Tiến sĩ,2003,Giảng viên cao cấp (Hạng I),,"Z7 P9, Bách Khoa, Hai Bà Trưng, Hà Nội",0989195955,Viện Ngân hàng - Tài chính,Thị trường chứng khoánQuản trị tài chính doanh nghiệp,E:\NeuTech\Dữ liệu\Dữ liệu giảng viên\Phòng ban viện/Viện Ngân hàng - Tài chính,Tran Dang Kham,PGS. TS. Trần Đăng Khâm,Assoc. Prof. Tran Dang Kham,Assoc. Prof. Tran Dang Kham,
ninhtd@neu.edu.vn,Trần Đăng Ninh,1,1974,Nam,,,Cử nhân,1995,Chức vụ:,,"Số 4 C3 tập thể trường Đại học Kinh tế quốc dân, Đồng Nhân, Hai Bà Trưng, Hà Nội",0912307294,Phòng Tổng hợp,,E:\NeuTech\Dữ liệu\Dữ liệu giảng viên\Phòng ban viện/Phòng tổng hợp,Tran Dang Ninh,Trần Đăng Ninh,Tran Dang Ninh,Tran Dang Ninh,
viettd.qttb@neu.edu.vn,Trần Đình Việt,1,1987,Nam,,,,,Giảng viên chính,,"Thôn 3/2B, Thành Lập, Lương Sơn, Hòa Bình",,Phòng Quản trị thiết bị,,E:\NeuTech\Dữ liệu\Dữ liệu giảng viên\Phòng ban viện/Phòng quản trị thiết bị,Tran Dinh Viet,Trần Đình Việt,Tran Dinh Viet,Tran Dinh Viet,
dungtd@neu.edu.vn,Trần Đức Dũng,1,1970,Nam,,,Tiến sĩ,2022,Giảng viên chính (Hạng II),,"Dương Xá, Dương Quang, Mỹ Hào, Hưng Yên",0912313229,Khoa Quản trị kinh doanh,,E:\NeuTech\Dữ liệu\Dữ liệu giảng viên\Trường Kinh Doanh/Khoa QTKD,Tran Duc Dung,TS. Trần Đức Dũng,Dr. Tran Duc Dung,Dr. Tran Duc Dung,
tdhanh@neu.edu.vn,Trần Đức Hạnh,1,1985,Nam,,,Thạc sĩ,2011,Giảng viên (Hạng III),,"Phòng 415 A14 tập thể Đại học Kinh tế Quốc dân, Đồng Tâm, Hai Bà Trưng, Hà Nội",0944256166,Viện Thương mại và Kinh tế quốc tế,,E:\NeuTech\Dữ liệu\Dữ liệu giảng viên\Trường Kinh Doanh/Viện Thương mại và Kinh tế Quốc tế,Tran Duc Hanh,ThS. Trần Đức Hạnh,Tran Duc Hanh M.Sc.,Tran Duc Hanh M.Sc.,
tranducthang@neu.edu.vn,Trần Đức Thắng,1,1981,Nam,,,Tiến sĩ,2016,Giảng viên chính (Hạng II),Phó trưởng bộ môn,"Số 18 Ngõ 100 Trần Đại Nghĩa, Đồng Tâm, Hai Bà Trưng, Hà Nội",0915151361,Viện Ngân hàng - Tài chính,"Tài chính doanh nghiệp, Thẩm định tài chính dự án, Phân tích tài chính",E:\NeuTech\Dữ liệu\Dữ liệu giảng viên\Phòng ban viện/Viện Ngân hàng - Tài chính,Tran Duc Thang,TS. Trần Đức Thắng,Dr. Tran Duc Thang,Dr. Tran Duc Thang,
kan@neu.edu.vn,Trần Dũng Khánh,1,1984,Nam,,,Thạc sĩ,,Giảng viên (Hạng III),,"407 X2 Trương Định, Trương Định, Hoàng Mai, Hà Nội",,Khoa Hệ thống thông tin quản lý,,E:\NeuTech\Dữ liệu\Dữ liệu giảng viên\Trường Công nghệ/Khoa Hệ thống Thông tin Quản lý,Tran Dung Khanh,ThS. Trần Dũng Khánh,Tran Dung Khanh M.Sc.,Tran Dung Khanh M.Sc.,
namth@neu.edu.vn,Trần Hoài Nam,1,1984,Nam,,,Thạc sĩ,,Giảng viên chính (Hạng II),,"P2812, CT6A, Xa La, Kiến Hưng, Hà Đông, Hà Nội",0913533241,Khoa Thống kê,,E:\NeuTech\Dữ liệu\Dữ liệu giảng viên\Trường Công nghệ/Khoa Thống Kê,Tran Hoai Nam,ThS. Trần Hoài Nam,Tran Hoai Nam M.Sc.,Tran Hoai Nam M.Sc.,
nhungmkt@neu.edu.vn,Trần Hồng Nhung,1,1990,Nữ,,,Thạc sĩ,,Giảng viên (Hạng III),,"Phòng 807, CC 9 tầng, Mỹ Đình, Từ Liêm, Hà Nội",,Khoa Marketing,,E:\NeuTech\Dữ liệu\Dữ liệu giảng viên\Trường Kinh Doanh/Khoa Marketing,Tran Hong Nhung,ThS. Trần Hồng Nhung,Tran Hong Nhung M.Sc.,Tran Hong Nhung M.Sc.,
hung.tran@neu.edu.vn,Trần Hùng,1,1980,Nam,,,Tiến sĩ,2013,Giảng viên (Hạng III),,"Đội 3, Đại Lan, Duyên Hà, Thanh Trì, Hà Nội",0866464048,Khoa Khoa học dữ liệu và Trí tuệ nhân tạo,,E:\NeuTech\Dữ liệu\Dữ liệu giảng viên\Trường Công nghệ/Khoa KHDL và TTNT,Tran Hung,TS. Trần Hùng,Dr. Tran Hung,Dr. Tran Hung,
duc_th@neu.edu.vn,Trần Huy Đức,1,1978,Nam,,,Tiến sĩ,2017,Giảng viên (Hạng III),Trưởng bộ môn,"119 phố Vĩnh Phúc, Vĩnh Phúc, Ba Đình, Hà Nội",0904019292,Khoa Du lịch và Khách sạn,50202 - Kinh doanh và quản lý50299 - Kinh tê học và kinh doanh khác,E:\NeuTech\Dữ liệu\Dữ liệu giảng viên\Trường Kinh Doanh/Khoa Du lịch và Khách sạn,Tran Huy Duc,TS. Trần Huy Đức,Dr. Tran Huy Duc,Dr. Tran Huy Duc,
phuongth@neu.edu.vn,Trần Huy Phương,1,1981,Nam,,,Tiến sĩ,2013,Giảng viên (Hạng III),,"Số 8, ngách, 72, ngõ 1150 đường Láng, Láng Thượng, Đống Đa, Hà Nội",0943968181,Khoa Kinh tế và Quản lý Nguồn nhân lực,- Quản trị nhân lực- Hành vi tổ chức- Kinh tế lao động,E:\NeuTech\Dữ liệu\Dữ liệu giảng viên\Trường Kinh Doanh/Khoa Kinh tế và Quản lý nguồn nhân lực,Tran Huy Phuong,TS. Trần Huy Phương,Dr. Tran Huy Phuong,Dr. Tran Huy Phuong,
hungtk@neu.edu.vn,Trần Khánh Hưng,1,1974,Nam,,,Tiến sĩ,,Giảng viên chính (Hạng II),Trưởng bộ môn,"Số 7, ngách 101 ngõ Gốc Đề, Tổ 8, Hoàng Văn Thụ, Hoàng Mai, Hà Nội",,Khoa Kinh tế học,,E:\NeuTech\Dữ liệu\Dữ liệu giảng viên\Trường Kinh tế và Quản lý công/Khoa Kinh tế học,Tran Khanh Hung,TS. Trần Khánh Hưng,Dr. Tran Khanh Hung,Dr. Tran Khanh Hung,
lytk@neu.edu.vn,Trần Khánh Ly,1,1981,Nữ,,,Cử nhân,2002,Chuyên viên,,"Số nhà 16 H2, ngách 53, ngõ Giếng Mứt, Bạch Mai, Hai Bà Trưng, Hà Nội",,"Trung tâm Thông tin, tư liệu, thư viện",,E:\NeuTech\Dữ liệu\Dữ liệu giảng viên\Phòng ban viện/Trung tâm thông tin thư viện,Tran Khanh Ly,Trần Khánh Ly,Tran Khanh Ly,Tran Khanh Ly,
huongkth@neu.edu.vn,Trần Lan Hương,1,1987,Nữ,,,Tiến sĩ,2019,Giảng viên chính (Hạng II),,"Số 25 Ngõ 108, , Bắc Từ Liêm, Hà Nội",0912141702,Khoa Kinh tế học,Khoa học công nghệThương mại và đầu tưQuản trị doanh nghiệp,E:\NeuTech\Dữ liệu\Dữ liệu giảng viên\Trường Kinh tế và Quản lý công/Khoa Kinh tế học,Tran Lan Huong,TS. Trần Lan Hương,Dr. Tran Lan Huong,Dr. Tran Lan Huong,
huongtm@neu.edu.vn,Trần Mai Hương,1,1978,Nữ,,,Tiến sĩ,2024,Giảng viên chính (Hạng II),,"Ngõ 2F Quang Trung, Trần Hưng Đạo, Hoàn Kiếm, Hà Nội",0932328499,Khoa Bất động sản và Kinh tế Tài nguyên,Kinh tế nông nghiệp,E:\NeuTech\Dữ liệu\Dữ liệu giảng viên\Trường Kinh Doanh/Khoa BĐS & KTTN,Tran Mai Huong,TS. Trần Mai Hương,Dr. Tran Mai Huong,Dr. Tran Mai Huong,
dungtm@neu.edu.vn,Trần Mạnh Dũng,1,1971,Nam,Phó giáo sư,,Tiến sĩ,2012,Giảng viên cao cấp (Hạng I),Phó tổng biên tập,"Phòng 202, A14, Tập thể Đại học Kinh tế quốc dân, Đồng Tâm, Hai Bà Trưng, Hà Nội",0947120510,Tạp chí Kinh tế và Phát triển,,E:\NeuTech\Dữ liệu\Dữ liệu giảng viên\Phòng ban viện/Tạp chí Kinh tế phát triển,Tran Manh Dung,PGS. TS. Trần Mạnh Dũng,Assoc. Prof. Tran Manh Dung,Assoc. Prof. Tran Manh Dung,
hatm@neu.edu.vn,Trần Mạnh Hà,1,1978,Nam,,,Thạc sĩ,2008,Giảng viên chính (Hạng II),,"14 ngõ 165 đường Giáp Bát, Giáp Bát, Hoàng Mai, Hà Nội",0983168866,Bộ môn Giáo dục thể chất,,E:\NeuTech\Dữ liệu\Dữ liệu giảng viên\Phòng ban viện/Bộ môn GDTC,Tran Manh Ha,ThS. Trần Mạnh Hà,Tran Manh Ha M.Sc.,Tran Manh Ha M.Sc.,
manhlinh@neu.edu.vn,Trần Mạnh Linh,1,1988,Nam,,,Tiến sĩ,2020,Giảng viên chính (Hạng II),,"Nhà 12, ngách 96, ngõ Tự Do, Đại La, Đồng Tâm, Hai Bà Trưng, Hà Nội",0914110157,Khoa Quản trị kinh doanh,,E:\NeuTech\Dữ liệu\Dữ liệu giảng viên\Trường Kinh Doanh/Khoa QTKD,Tran Manh Linh,TS. Trần Mạnh Linh,Dr. Tran Manh Linh,Dr. Tran Manh Linh,
chautm@neu.edu.vn,Trần Minh Châu,1,1981,Nữ,,,Thạc sĩ,2006,Giảng viên chính (Hạng II),,"Số 10 ngách 55/51 Hoàng Hoa Thám, Ba Đình, Hà Nội",0985136855,Khoa Ngoại ngữ kinh tế,,E:\NeuTech\Dữ liệu\Dữ liệu giảng viên\Trường Kinh tế và Quản lý công/Khoa Ngoại ngữ Kinh tế,Tran Minh Chau,ThS. Trần Minh Châu,Tran Minh Chau M.Sc.,Tran Minh Chau M.Sc.,
daotm@neu.edu.vn,Trần Minh Đạo,1,1951,Nam,Giáo sư,2004,Tiến sĩ,1989,Giảng viên cao cấp (Hạng I),,"Tập thể ĐH Kinh tế quốc dân, Đồng Tâm, Hai Bà Trưng, Hà Nội",,Khoa Marketing,,E:\NeuTech\Dữ liệu\Dữ liệu giảng viên\Trường Kinh Doanh/Khoa Marketing,Tran Minh Dao,GS. TS. Trần Minh Đạo,Prof. Tran Minh Dao,Prof. Tran Minh Dao,
tuantm@neu.edu.vn,Trần Minh Tuấn,2,1978,Nam,,,Thạc sĩ,2015,Chức vụ:,,"Số 77, ngõ 454, Phố Minh Khai, , , Hà Nội",0902978686,Phòng Công tác chính trị và Quản lý sinh viên,,E:\NeuTech\Dữ liệu\Dữ liệu giảng viên\Phòng ban viện/Phòng CTCT & QLSV,Tran Minh Tuan,ThS. Trần Minh Tuấn,Tran Minh Tuan M.Sc.,Tran Minh Tuan M.Sc.,
tranminhtuan@neu.edu.vn,Trần Minh Tuấn,2,1982,Nam,,,Thạc sĩ,2017,Giảng viên chính (Hạng II),,"206, Đội Cấn, Ba Đình, Hà Nội",,Viện Ngân hàng - Tài chính,,E:\NeuTech\Dữ liệu\Dữ liệu giảng viên\Phòng ban viện/Viện Ngân hàng - Tài chính,Tran Minh Tuan,ThS. Trần Minh Tuấn,Tran Minh Tuan M.Sc.,Tran Minh Tuan M.Sc. (School of Banking and Finance),(School of Banking and Finance)
thintn@neu.edu.vn,Trần Ngọc Thìn,1,1976,Nam,,,Tiến sĩ,2011,Giảng viên (Hạng III),Giám đốc,"14 TT Thủy Sản, Nhân Chính, Thanh Xuân, Hà Nội",0989652415,Trung tâm Dịch vụ Hỗ trợ đào tạo,Kinh tế,E:\NeuTech\Dữ liệu\Dữ liệu giảng viên\Phòng ban viện/Trung tâm đào tạo liên tục,Tran Ngoc Thin,TS. Trần Ngọc Thìn,Dr. Tran Ngoc Thin,Dr. Tran Ngoc Thin,
ngocthuytnt@neu.edu.vn,Trần Ngọc Thúy,1,1984,Nữ,,,Thạc sĩ,2018,Chuyên viên,,"Số 9D Hẻm 460/7/15 Đường Thụy Khuê, Phường Bưởi, Tây Hồ, Hà Nội",,"Khoa Môi trường, Biến đổi khí hậu và Đô thị",,"E:\NeuTech\Dữ liệu\Dữ liệu giảng viên\Trường Kinh tế và Quản lý công/Khoa Môi trường, Biến đổi khí hậu và Đô thị",Tran Ngoc Thuy,ThS. Trần Ngọc Thúy,Tran Ngoc Thuy M.Sc.,Tran Ngoc Thuy M.Sc.,
khanhtn@neu.edu.vn,Trần Nguyên Khánh,1,1997,Nam,,,Thạc sĩ,2021,Giảng viên (Hạng III),,"P509, G3, khu tập thể Vĩnh Phúc, Vĩnh Phúc, Ba Đình, Hà Nội",0346811210,Khoa Luật,,E:\NeuTech\Dữ liệu\Dữ liệu giảng viên\Trường Kinh tế và Quản lý công/Khoa Luật,Tran Nguyen Khanh,ThS. Trần Nguyên Khánh,Tran Nguyen Khanh M.Sc.,Tran Nguyen Khanh M.Sc.,
minhtn@neu.edu.vn,Trần Nhật Minh,1,1993,Nam,,,Thạc sĩ,2016,Giảng viên (Hạng III),,"Số 4, ngõ 103 Văn Cao, Ba Đình, Hà Nội",0363322853,Khoa Quản trị kinh doanh,,E:\NeuTech\Dữ liệu\Dữ liệu giảng viên\Trường Kinh Doanh/Khoa QTKD,Tran Nhat Minh,ThS. Trần Nhật Minh,Tran Nhat Minh M.Sc.,Tran Nhat Minh M.Sc.,
longtp@neu.edu.vn,Trần Phi Long,1,1988,Nam,,,Tiến sĩ,2020,Giảng viên chính (Hạng II),,"119, Khâm Thiên, Đống Đa, Hà Nội",,Viện Ngân hàng - Tài chính,,E:\NeuTech\Dữ liệu\Dữ liệu giảng viên\Phòng ban viện/Viện Ngân hàng - Tài chính,Tran Phi Long,TS. Trần Phi Long,Dr. Tran Phi Long,Dr. Tran Phi Long,
huytp@neu.edu.vn,Trần Phước Huy,1,1983,Nam,,,Tiến sĩ,2019,Giảng viên chính (Hạng II),Chánh văn phòng,"Số 20, Ngõ 178/9, Tây Sơn, , , Hà Nội",0905335007,Viện Ngân hàng - Tài chính,,E:\NeuTech\Dữ liệu\Dữ liệu giảng viên\Phòng ban viện/Viện Ngân hàng - Tài chính,Tran Phuoc Huy,TS. Trần Phước Huy,Dr. Tran Phuoc Huy,Dr. Tran Phuoc Huy,
,Trần Quang,1,1972,Nam,,,Thạc sĩ,2008,Giảng viên chính (Hạng II),,"Tập thể ĐH Kinh tế Quốc dân, Hà Nội",,Khoa Thống kê,,E:\NeuTech\Dữ liệu\Dữ liệu giảng viên\Trường Công nghệ/Khoa Thống Kê,Tran Quang,ThS. Trần Quang,Tran Quang M.Sc.,Tran Quang M.Sc.,
chungtq0209@neu.edu.vn,Trần Quang Chung,1,1985,Nam,,,Tiến sĩ,2023,Giảng viên chính (Hạng II),Phó trưởng bộ môn,"DN1, OCT2, Đại Kim, Hoàng Mai, Hà Nội",0912633616,Viện Kế toán - Kiểm toán,,E:\NeuTech\Dữ liệu\Dữ liệu giảng viên\Phòng ban viện/Viện Kế toán Kiểm toán,Tran Quang Chung,TS. Trần Quang Chung,Dr. Tran Quang Chung,Dr. Tran Quang Chung,
toantq@neu.edu.vn,Trần Quang Toàn,2,1987,Nam,,,,,Chuyên viên,,", , ,",0966663200,Phòng Khảo thí và Đảm bảo chất lượng Giáo dục,,E:\NeuTech\Dữ liệu\Dữ liệu giảng viên\Phòng ban viện/Phòng khảo thí & DBCLGD,Tran Quang Toan,Trần Quang Toàn,Tran Quang Toan,Tran Quang Toan,
tqtoan@neu.edu.vn,Trần Quang Toàn,2,1996,Nam,,,Thạc sĩ,2024,Giảng viên (Hạng III),,"Số 6A Ngõ 187 đường Mai Dịch, Mai Dịch, Cầu Giấy, Hà Nội",0976478696,Khoa Khoa học dữ liệu và Trí tuệ nhân tạo,,E:\NeuTech\Dữ liệu\Dữ liệu giảng viên\Trường Công nghệ/Khoa KHDL và TTNT,Tran Quang Toan,ThS. Trần Quang Toàn,Tran Quang Toan M.Sc.,Tran Quang Toan M.Sc. (Faculty of DS and AI),(Faculty of DS and AI)
,Trần Quang Tuyên,1,1963,Nam,,,Cử nhân,2006,Chức vụ:,,"Số nhà 8A, Tổ 6, Trung Hoà, Cầu Giấy, Hà Nội",,Trung tâm Dịch vụ Hỗ trợ đào tạo,,E:\NeuTech\Dữ liệu\Dữ liệu giảng viên\Phòng ban viện/Trung tâm Dịch vụ hỗ trợ đào tạo,Tran Quang Tuyen,Trần Quang Tuyên,Tran Quang Tuyen,Tran Quang Tuyen,
yentq@neu.edu.vn,Trần Quang Yên,1,1969,Nam,,,Tiến sĩ,2014,Giảng viên chính (Hạng II),Phó trưởng khoa,"506, CT2-A1, Khu Tây nam Linh Đàm, Hoàng Liệt, Hoàng Mai, Hà Nội",0982425588,Khoa Hệ thống thông tin quản lý,Hệ thống thông tin quản lýQuản trị kinh doanhQuản lý doanh nghiệp,E:\NeuTech\Dữ liệu\Dữ liệu giảng viên\Trường Công nghệ/Khoa Hệ thống Thông tin Quản lý,Tran Quang Yen,TS. Trần Quang Yên,Dr. Tran Quang Yen,Dr. Tran Quang Yen,
khanhtq@neu.edu.vn,Trần Quốc Khánh,1,1954,Nam,Phó giáo sư,2003,Tiến sĩ,1995,Giảng viên cao cấp (Hạng I),,Điện thọai: CQ: ; Mobile: 0989139964,0989139964,Khoa Bất động sản và Kinh tế Tài nguyên,,E:\NeuTech\Dữ liệu\Dữ liệu giảng viên\Trường Kinh Doanh/Khoa BĐS & KTTN,Tran Quoc Khanh,PGS. TS. Trần Quốc Khánh,Assoc. Prof. Tran Quoc Khanh,Assoc. Prof. Tran Quoc Khanh,
namtq@neu.edu.vn,Trần Quốc Nam,1,1976,Nam,,,Cử nhân,2023,Chức vụ:,,"Số nhà 16/8/71 Phương Mai, Phương Mai, Đống Đa, Hà Nội",0912251299,Phòng Tổng hợp,,E:\NeuTech\Dữ liệu\Dữ liệu giảng viên\Phòng ban viện/Phòng tổng hợp,Tran Quoc Nam,Trần Quốc Nam,Tran Quoc Nam,Tran Quoc Nam,
lientq@neu.edu.vn,Trần Quý Liên,1,1953,Nam,Phó giáo sư,2011,Tiến sĩ,,Giảng viên cao cấp (Hạng I),,Điện thọai: CQ: ; Mobile:,,Bộ môn Kế toán tài chính,,E:\NeuTech\Dữ liệu\Dữ liệu giảng viên\Phòng ban viện/Viện Kế toán Kiểm toán,Tran Quy Lien,PGS. TS. Trần Quý Liên,Assoc. Prof. Tran Quy Lien,Assoc. Prof. Tran Quy Lien,
longtq@neu.edu.vn,Trần Quý Long,1,1983,Nam,,,Thạc sĩ,2011,Giảng viên (Hạng III),Phó trưởng phòng,"Đồng Tâm, Hai Bà Trưng, Hà Nội",,Phòng Truyền thông,,E:\NeuTech\Dữ liệu\Dữ liệu giảng viên\Phòng ban viện/Viện Kế toán Kiểm toán,Tran Quy Long,ThS. Trần Quý Long,Tran Quy Long M.Sc.,Tran Quy Long M.Sc.,
trantatthanh@neu.edu.vn,Trần Tất Thành,1,1980,Nam,,,Tiến sĩ,2014,Giảng viên chính (Hạng II),,"Số 9 ngách 6/14 phố Đội Nhân, Cống Vị, Ba Đình, Hà Nội",,Viện Ngân hàng - Tài chính,,E:\NeuTech\Dữ liệu\Dữ liệu giảng viên\Phòng ban viện/Viện Ngân hàng - Tài chính,Tran Tat Thanh,TS. Trần Tất Thành,Dr. Tran Tat Thanh,Dr. Tran Tat Thanh,
binhtt@neu.edu.vn,Trần Thanh Bình,1,1992,Nam,,,Cử nhân,2014,Chuyên viên,,"P412, B1, Kim Liên, Đống Đa, Hà Nội",,Viện Đào tạo quốc tế,,E:\NeuTech\Dữ liệu\Dữ liệu giảng viên\Phòng ban viện/Viện Đào tạo Quốc tế,Tran Thanh Binh,Trần Thanh Bình,Tran Thanh Binh,Tran Thanh Binh,
tranthanhdat@neu.edu.vn,Trần Thành Đạt,1,1990,Nam,,,Thạc sĩ,,Giảng viên (Hạng III),,"T11-2612B Times City, 458, Minh Khai, Hai Bà Trưng, Hà Nội",,Khoa Du lịch và Khách sạn,,E:\NeuTech\Dữ liệu\Dữ liệu giảng viên\Trường Kinh Doanh/Khoa Du lịch và Khách sạn,Tran Thanh Dat,ThS. Trần Thành Đạt,Tran Thanh Dat M.Sc.,Tran Thanh Dat M.Sc.,
haitt@neu.edu.vn,Trần Thanh Hải,1,1973,Nam,,,Thạc sĩ,2001,Giảng viên (Hạng III),,"P604 - 17T7 - Trung Hòa Nhân Chính, Nhân Chính, Thanh Xuân, Hà Nội",0903466090,Khoa Hệ thống thông tin quản lý,,E:\NeuTech\Dữ liệu\Dữ liệu giảng viên\Trường Công nghệ/Khoa Hệ thống Thông tin Quản lý,Tran Thanh Hai,ThS. Trần Thanh Hải,Tran Thanh Hai M.Sc.,Tran Thanh Hai M.Sc.,
bichtt@neu.edu.vn,Trần Thị Bích,1,1972,Nữ,Phó giáo sư,,Tiến sĩ,2007,Giảng viên cao cấp (Hạng I),Trưởng khoa,"Phòng 404 - nhà A7- Tập thể Phương Ma, Hà Nội",0972875264,Khoa Thống kê,,E:\NeuTech\Dữ liệu\Dữ liệu giảng viên\Trường Công nghệ/Khoa Thống Kê,Tran Thi Bich,PGS. TS. Trần Thị Bích,Assoc. Prof. Tran Thi Bich,Assoc. Prof. Tran Thi Bich,
hanhtb@neu.edu.vn,Trần Thị Bích Hạnh,1,1976,Nữ,,,Thạc sĩ,2005,Giảng viên chính (Hạng II),,"23E nghách 157/23 Pháo Đài Láng, Láng Thượng, Đống Đa, Hà Nội",0912055301,Khoa Hệ thống thông tin quản lý,,E:\NeuTech\Dữ liệu\Dữ liệu giảng viên\Trường Công nghệ/Khoa Hệ thống Thông tin Quản lý,Tran Thi Bich Hanh,ThS. Trần Thị Bích Hạnh,Tran Thi Bich Hanh M.Sc.,Tran Thi Bich Hanh M.Sc.,
ngocttb@neu.edu.vn,Trần Thị Bích Ngọc,1,1984,Nữ,,,Thạc sĩ,2008,Chuyên viên,,"10 ngõ 62 Nguyễn Viết Xuân, Khương Mai, Thanh Xuân, Hà Nội",0983287268,Viện Đào tạo quốc tế,,E:\NeuTech\Dữ liệu\Dữ liệu giảng viên\Phòng ban viện/Viện Đào tạo Quốc tế,Tran Thi Bich Ngoc,ThS. Trần Thị Bích Ngọc,Tran Thi Bich Ngoc M.Sc.,Tran Thi Bich Ngoc M.Sc.,
huyentd@neu.edu.vn,Trần Thị Dân Huyền,1,1984,Nữ,,,Thạc sĩ,2010,Giảng viên (Hạng III),,"Phòng 607, N5D Trung Hòa, Nhân Chính, Thanh Xuân, Hà Nội",0936661979,Khoa Ngoại ngữ kinh tế,,E:\NeuTech\Dữ liệu\Dữ liệu giảng viên\Trường Kinh tế và Quản lý công/Khoa Ngoại ngữ Kinh tế,Tran Thi Dan Huyen,ThS. Trần Thị Dân Huyền,Tran Thi Dan Huyen M.Sc.,Tran Thi Dan Huyen M.Sc.,
ngantd@neu.edu.vn,Trần Thị Dương Ngân,1,1973,Nữ,,,Thạc sĩ,,Giảng viên chính (Hạng II),,"71, ngõ Tự Do, Đồng Tâm, Hai Bà Trưng, Hà Nội",0989388307,Viện Đào tạo Sau đại học,,E:\NeuTech\Dữ liệu\Dữ liệu giảng viên\Phòng ban viện/Viện Đào tạo sau Đại học,Tran Thi Duong Ngan,ThS. Trần Thị Dương Ngân,Tran Thi Duong Ngan M.Sc.,Tran Thi Duong Ngan M.Sc.,
tranha@neu.edu.vn,Trần Thị Hà,1,1986,Nữ,,,Tiến sĩ,2020,Giảng viên (Hạng III),,"Nhà 1103-B2, CC Roman Plaza, Trung Văn, Nam Từ Liêm, Hà Nội",0985501770,Khoa Toán kinh tế,,E:\NeuTech\Dữ liệu\Dữ liệu giảng viên\Trường Công nghệ/Khoa Toán Kinh tế,Tran Thi Ha,TS. Trần Thị Hà,Dr. Tran Thi Ha,Dr. Tran Thi Ha,
nhungth@neu.edu.vn,Trần Thị Hồng Nhung,1,1980,Nữ,,,Tiến sĩ,2019,Giảng viên chính (Hạng II),,"P241,T2,TT Tăng Tiết Giáp, Ngõ 110 Hoàng Quốc Việt, Nghĩa Tân, Cầu Giấy, Hà Nội",0983217890,Khoa Luật,,E:\NeuTech\Dữ liệu\Dữ liệu giảng viên\Trường Kinh tế và Quản lý công/Khoa Luật,Tran Thi Hong Nhung,TS. Trần Thị Hồng Nhung,Dr. Tran Thi Hong Nhung,Dr. Tran Thi Hong Nhung,
vietth@neu.edu.vn,Trần Thị Hồng Việt,1,1967,Nữ,,,,,Giảng viên cao cấp (Hạng I),Trưởng ban,"Nhà 17 Khu M, Ngách 98, TT Đại học kinh tế Quốc dân , , ,",0943852083,Viện Quản trị kinh doanh,,E:\NeuTech\Dữ liệu\Dữ liệu giảng viên\Trường Kinh Doanh/Viện QTKD,Tran Thi Hong Viet,Trần Thị Hồng Việt,Tran Thi Hong Viet,Tran Thi Hong Viet,
tranhuyentrang@neu.edu.vn,Trần Thị Huyền Trang,1,1985,Nữ,,,Tiến sĩ,,Giảng viên chính (Hạng II),,"Số 15 ngõ 299/21 đường Hoàng Mai, Hoàng Văn Thụ, Hoàng Mai, Hà Nội",0914330630,Khoa Du lịch và Khách sạn,,E:\NeuTech\Dữ liệu\Dữ liệu giảng viên\Trường Kinh Doanh/Khoa Du lịch và Khách sạn,Tran Thi Huyen Trang,TS. Trần Thị Huyền Trang,Dr. Tran Thi Huyen Trang,Dr. Tran Thi Huyen Trang,
nhungttk@neu.edu.vn,Trần Thị Kim Nhung,1,1982,Nữ,,,Tiến sĩ,2020,Giảng viên chính (Hạng II),,", Đại Kim, Hoàng Mai, Hà Nội",0915191582,Khoa Khoa học Quản lý,,E:\NeuTech\Dữ liệu\Dữ liệu giảng viên\Trường Kinh tế và Quản lý công/Khoa Khoa học quản lý,Tran Thi Kim Nhung,TS. Trần Thị Kim Nhung,Dr. Tran Thi Kim Nhung,Dr. Tran Thi Kim Nhung,
,Trần Thị Kim Thu,1,1959,Nữ,Phó giáo sư,2006,Tiến sĩ,,Giảng viên cao cấp (Hạng I),,"A1002, chung cư HINODE CITY, 201 Minh Khai, Q.HBT, HN, , ,",0983321859,Khoa Thống kê,,E:\NeuTech\Dữ liệu\Dữ liệu giảng viên\Trường Công nghệ/Khoa Thống Kê,Tran Thi Kim Thu,PGS. TS. Trần Thị Kim Thu,Assoc. Prof. Tran Thi Kim Thu,Assoc. Prof. Tran Thi Kim Thu,
anhvienncpt@neu.edu.vn,Trần Thị Lan Anh,1,1975,Nữ,,,Cử nhân,2000,Trợ lý,Trợ lý,"102-A3 ngõ 132, Khương Trung, Thanh Xuân, Hà Nội",,Khoa Kế hoạch và Phát triển,,E:\NeuTech\Dữ liệu\Dữ liệu giảng viên\Trường Kinh tế và Quản lý công/Khoa Kế hoạch và phát triển,Tran Thi Lan Anh,Trần Thị Lan Anh,Tran Thi Lan Anh,Tran Thi Lan Anh,
huongttl@neu.edu.vn,Trần Thị Lan Hương,2,1989,Nữ,,,Thạc sĩ,2013,Chức vụ:,,"Ký túc xá Đại học Kinh tế Quốc dân, Hà Nội",,Viện Ngân hàng - Tài chính,,E:\NeuTech\Dữ liệu\Dữ liệu giảng viên\Phòng ban viện/Viện Ngân hàng - Tài chính,Tran Thi Lan Huong,ThS. Trần Thị Lan Hương,Tran Thi Lan Huong M.Sc.,Tran Thi Lan Huong M.Sc. (School of Banking and Finance),(School of Banking and Finance)
lanhuong@neu.edu.vn,Trần Thị Lan Hương,2,1987,Nữ,,,Tiến sĩ,2020,Giảng viên chính (Hạng II),,"Nguyệt Quế 4-12, Vinhomes Riverside Harmony, Việt Hưng, Long Biên, Hà Nội",,Khoa Kinh tế học,,E:\NeuTech\Dữ liệu\Dữ liệu giảng viên\Trường Kinh tế và Quản lý công/Khoa Kinh tế học,Tran Thi Lan Huong,TS. Trần Thị Lan Hương,Dr. Tran Thi Lan Huong,Dr. Tran Thi Lan Huong (Faculty of Economics),(Faculty of Economics)
phuongttl@neu.edu.vn,Trần Thị Lan Phương,1,1987,Nữ,,,Tiến sĩ,2020,Giảng viên chính (Hạng II),,"Số nhà 12, ngách 3, số 255 Phố Vọng, Đồng Tâm, Hai Bà Trưng, Hà Nội",0946488588,Viện Ngân hàng - Tài chính,,E:\NeuTech\Dữ liệu\Dữ liệu giảng viên\Phòng ban viện/Viện Ngân hàng - Tài chính,Tran Thi Lan Phuong,TS. Trần Thị Lan Phương,Dr. Tran Thi Lan Phuong,Dr. Tran Thi Lan Phuong,
loanttthuvien@neu.edu.vn,Trần Thị Loan,2,1980,Nữ,,,Cử nhân,2002,Chuyên viên,,"C501 CC VTD, Ngọc Hồi, Hoàng Liệt, Hoàng Mai, Hà Nội",0904375873,"Trung tâm Thông tin, tư liệu, thư viện",,E:\NeuTech\Dữ liệu\Dữ liệu giảng viên\Phòng ban viện/Trung tâm thông tin thư viện,Tran Thi Loan,Trần Thị Loan,Tran Thi Loan,Tran Thi Loan (NEU Library),(NEU Library)
loantt@neu.edu.vn,Trần Thị Loan,2,1984,Nữ,,,Thạc sĩ,2021,Chuyên viên,Văn thư,"6BQ15B ngõ 126 tổ 3 đường Nguyễn An Ninh, Hoàng Mai, Hà Nội",,Khoa Khoa học Quản lý,,E:\NeuTech\Dữ liệu\Dữ liệu giảng viên\Trường Kinh tế và Quản lý công/Khoa Khoa học quản lý,Tran Thi Loan,ThS. Trần Thị Loan,Tran Thi Loan M.Sc.,Tran Thi Loan M.Sc. (Faculty of Management Sciences),(Faculty of Management Sciences)
anhtm@neu.edu.vn,Trần Thị Mai Anh,1,1988,Nữ,,,Thạc sĩ,2013,Chuyên viên,,"Nhà vườn 11.47 khu đô thị mới Tuệ Tĩnh, TP Hải Dương, Hải Dương",,"Viện Đào tạo tiên tiến, chất lượng cao và POHE",,"E:\NeuTech\Dữ liệu\Dữ liệu giảng viên\Phòng ban viện/Viện Đào tạo, tiên tiến, CLC và POHE",Tran Thi Mai Anh,ThS. Trần Thị Mai Anh,Tran Thi Mai Anh M.Sc.,Tran Thi Mai Anh M.Sc.,
maihoa@neu.edu.vn,Trần Thị Mai Hoa,2,1975,Nữ,,,Thạc sĩ,2023,Chuyên viên,,"Tập thể A23 Bộ công an - Đầm Hồng, Khương Trung, Thanh Xuân, Hà Nội",,Phòng Truyền thông,,E:\NeuTech\Dữ liệu\Dữ liệu giảng viên\Phòng ban viện/Phòng truyền thông,Tran Thi Mai Hoa,ThS. Trần Thị Mai Hoa,Tran Thi Mai Hoa M.Sc.,Tran Thi Mai Hoa M.Sc. (Department of Communication),(Department of Communication)
hoatm@neu.edu.vn,Trần Thị Mai Hoa,2,1975,Nữ,,,Tiến sĩ,2018,Giảng viên cao cấp (Hạng I),,"Nhà số 5, ngõ 6, ngách 6/1 Đường Kim Đồng, Giáp Bát, Hoàng Mai, Hà Nội",0912462412,Khoa Đầu tư,,E:\NeuTech\Dữ liệu\Dữ liệu giảng viên\Trường Kinh tế và Quản lý công/Khoa Đầu tư,Tran Thi Mai Hoa,TS. Trần Thị Mai Hoa,Dr. Tran Thi Mai Hoa,Dr. Tran Thi Mai Hoa (Faculty of Investment),(Faculty of Investment)
maihuong@neu.edu.vn,Trần Thị Mai Hương,1,1974,Nữ,,,Tiến sĩ,2008,Giảng viên chính (Hạng II),Phó giám đốc,"Chung cư A5, Đại Kim, Định Công , Định Công, Hoàng Mai, Hà Nội",0912827997,"Trung tâm Nghiên cứu, tư vấn Kinh tế và Kinh doanh",,E:\NeuTech\Dữ liệu\Dữ liệu giảng viên\Phòng ban viện/Trung tâm nghiên cứu và tư vấn kinh tế,Tran Thi Mai Huong,TS. Trần Thị Mai Hương,Dr. Tran Thi Mai Huong,Dr. Tran Thi Mai Huong,
huongvienqtkd@neu.edu.vn,Trần Thị Minh Hương,1,1970,Nữ,,,Tiến sĩ,200,Giảng viên chính (Hạng II),,"25T2, Trung Hoà, Cầu Giấy, Hà Nội",0915571011,Viện Quản trị kinh doanh,,E:\NeuTech\Dữ liệu\Dữ liệu giảng viên\Trường Kinh Doanh/Viện QTKD,Tran Thi Minh Huong,TS. Trần Thị Minh Hương,Dr. Tran Thi Minh Huong,Dr. Tran Thi Minh Huong,
thutm@neu.edu.vn,Trần Thị Minh Thư,1,1984,Nữ,,,Tiến sĩ,2022,Giảng viên chính (Hạng II),,"221 phố Trần Đại Nghĩa, Đồng Tâm, Hai Bà Trưng, Hà Nội",0822295989,Khoa Bất động sản và Kinh tế Tài nguyên,,E:\NeuTech\Dữ liệu\Dữ liệu giảng viên\Trường Kinh Doanh/Khoa BĐS & KTTN,Tran Thi Minh Thu,TS. Trần Thị Minh Thư,Dr. Tran Thi Minh Thu,Dr. Tran Thi Minh Thu,
diepttm@neu.edu.vn,Trần Thị Mỹ Diệp,1,1983,Nữ,,,Thạc sĩ,,Giảng viên chính (Hạng II),,"Số 26 dãy 16A3 Làng Việt Kiều Châu Âu, Văn Quán, Hà Đông, Hà Nội",0904335056,Khoa Công nghệ thông tin,,E:\NeuTech\Dữ liệu\Dữ liệu giảng viên\Trường Công nghệ/Khoa Công nghệ Thông tin,Tran Thi My Diep,ThS. Trần Thị Mỹ Diệp,Tran Thi My Diep M.Sc.,Tran Thi My Diep M.Sc.,
thanhtn@neu.edu.vn,Trần Thị Nam Thanh,1,1970,Nữ,,,Tiến sĩ,2004,Giảng viên chính (Hạng II),,"Số 10, ngách 14/1 Phố Trịnh Đình Cửu, Khương Mai, Thanh Xuân, Hà Nội",0913057768,Viện Kế toán - Kiểm toán,,E:\NeuTech\Dữ liệu\Dữ liệu giảng viên\Phòng ban viện/Viện Kế toán Kiểm toán,Tran Thi Nam Thanh,TS. Trần Thị Nam Thanh,Dr. Tran Thi Nam Thanh,Dr. Tran Thi Nam Thanh,
ttnga@neu.edu.vn,Trần Thị Nga,1,1977,Nữ,,,Tiến sĩ,2019,Giảng viên chính (Hạng II),Phó trưởng bộ môn,"Cụm 11,Vĩnh Ninh, Vĩnh Quỳnh, Thanh Trì, Hà Nội",0961923839,Khoa Thống kê,,E:\NeuTech\Dữ liệu\Dữ liệu giảng viên\Trường Công nghệ/Khoa Thống Kê,Tran Thi Nga,TS. Trần Thị Nga,Dr. Tran Thi Nga,Dr. Tran Thi Nga,
phuongtn@neu.edu.vn,Trần Thị Ngọc Phương,1,1991,Nữ,,,Thạc sĩ,,Chức vụ:,,"P518 HH3A Linh Đàm, Hoàng Liệt, Hoàng Mai, Hà Nội",0948273526,Phòng Tổng hợp,,E:\NeuTech\Dữ liệu\Dữ liệu giảng viên\Phòng ban viện/Phòng tổng hợp,Tran Thi Ngoc Phuong,ThS. Trần Thị Ngọc Phương,Tran Thi Ngoc Phuong M.Sc.,Tran Thi Ngoc Phuong M.Sc.,
nguyettt@neu.edu.vn,Trần Thị Nguyệt,1,1972,Nữ,,,Tiến sĩ,2023,Giảng viên chính (Hạng II),,"23/80 ngõ Cột Cờ, Đồng Tâm, Hai Bà Trưng, Hà Nội",0912750957,Khoa Luật,,E:\NeuTech\Dữ liệu\Dữ liệu giảng viên\Trường Kinh tế và Quản lý công/Khoa Luật,Tran Thi Nguyet,TS. Trần Thị Nguyệt,Dr. Tran Thi Nguyet,Dr. Tran Thi Nguyet,
nhung84@neu.edu.vn,Trần Thị Nhung,1,1984,Nữ,,,,2006,Chuyên viên,,"P2B9, Tập thể Đại học Kinh Tế Quôc Dân, Đồng Tâm, Hai Bà Trưng, Hà Nội",0986290003,Khoa Đại học tại chức,,E:\NeuTech\Dữ liệu\Dữ liệu giảng viên\Phòng ban viện/Khoa Đại học tại chức,Tran Thi Nhung,Trần Thị Nhung,Tran Thi Nhung,Tran Thi Nhung,
oanhtt@neu.edu.vn,Trần Thị Oanh,1,1972,Nữ,,,Cử nhân,2002,Văn thư,Văn thư,"Phòng 111, C9, Tập thể Kim Liên, Kim Liên, Đống Đa, Hà Nội",0983734776,Khoa Kinh tế và Quản lý Nguồn nhân lực,,E:\NeuTech\Dữ liệu\Dữ liệu giảng viên\Trường Kinh Doanh/Khoa Kinh tế và Quản lý nguồn nhân lực,Tran Thi Oanh,Trần Thị Oanh,Tran Thi Oanh,Tran Thi Oanh,
hientp@neu.edu.vn,Trần Thị Phương Hiền,1,1977,Nữ,,,Tiến sĩ,2014,Giảng viên chính (Hạng II),,"Số 23B, ngõ 109, Trường Chinh, Hà Nội",,Khoa Quản trị kinh doanh,,E:\NeuTech\Dữ liệu\Dữ liệu giảng viên\Trường Kinh Doanh/Khoa QTKD,Tran Thi Phuong Hien,TS. Trần Thị Phương Hiền,Dr. Tran Thi Phuong Hien,Dr. Tran Thi Phuong Hien,
maittp@neu.edu.vn,Trần Thị Phương Mai,1,1988,Nữ,,,Tiến sĩ,2017,Giảng viên chính (Hạng II),,"Nhà 18 ngách 33 ngõ 84 Trần Quang Diệu, Quang Trung, Đống Đa, Hà Nội",0979683599,Viện Thương mại và Kinh tế quốc tế,,E:\NeuTech\Dữ liệu\Dữ liệu giảng viên\Trường Kinh Doanh/Viện Thương mại và Kinh tế Quốc tế,Tran Thi Phuong Mai,TS. Trần Thị Phương Mai,Dr. Tran Thi Phuong Mai,Dr. Tran Thi Phuong Mai,
minhts@neu.edu.vn,Trần Thị Song Minh,1,1961,Nữ,Phó giáo sư,2012,Tiến sĩ,1996,Giảng viên cao cấp (Hạng I),,"Căn 1005 Tòa N01-T3 Khu Đoàn ngoại giao, Phường Xuân Tảo, Bắc Từ Liêm, Hà Nội",0902468225,Viện Công nghệ thông tin và Kinh tế số,,E:\NeuTech\Dữ liệu\Dữ liệu giảng viên\Trường Công nghệ/Khoa Hệ thống Thông tin Quản lý,Tran Thi Song Minh,PGS. TS. Trần Thị Song Minh,Assoc. Prof. Tran Thi Song Minh,Assoc. Prof. Tran Thi Song Minh,
oanh79@neu.edu.vn,Trần Thị Thái Oanh,1,1979,Nữ,,,Thạc sĩ,2016,Chuyên viên,,"P1111 Tòa CT1 CC Skylight ngõ Hòa Bình 6 Minh Khai, Hà Nội",0903257479,Khoa Đại học tại chức,,E:\NeuTech\Dữ liệu\Dữ liệu giảng viên\Phòng ban viện/Khoa Đại học tại chức,Tran Thi Thai Oanh,ThS. Trần Thị Thái Oanh,Tran Thi Thai Oanh M.Sc.,Tran Thi Thai Oanh M.Sc.,
hat@neu.edu.vn,Trần Thị Thanh Hà,1,1983,Nữ,,,Cử nhân,2006,Chuyên viên,,"191 trần đại nghĩa, Đồng Tâm, Hai Bà Trưng, Hà Nội",0904459426,Phòng Quản lý đào tạo,,E:\NeuTech\Dữ liệu\Dữ liệu giảng viên\Phòng ban viện/Phòng Quản lý đào tạo,Tran Thi Thanh Ha,Trần Thị Thanh Hà,Tran Thi Thanh Ha,Tran Thi Thanh Ha,
thanhhuong@neu.edu.vn,Trần Thị Thanh Hương,1,1969,Nữ,,,Cử nhân,1999,Trợ lý,Trợ lý,"3532HH1C Linh Đàm, Hoàng Liệt, Hoàng Mai, Hà Nội",0983344851,Trung tâm Ứng dụng Công nghệ thông tin,,E:\NeuTech\Dữ liệu\Dữ liệu giảng viên\Phòng ban viện/Trung tâm ứng dụng CNTT,Tran Thi Thanh Huong,Trần Thị Thanh Hương,Tran Thi Thanh Huong,Tran Thi Thanh Huong,
xuanttt@neu.edu.vn,Trần Thị Thanh Xuân,1,1969,Nữ,,,Cử nhân,1992,Chuyên viên,,"Số 9 ngõ 15, Đường Hồng Hà, Ba Đình, Hà Nội",0936356189,Phòng Tài chính – Kế toán,,E:\NeuTech\Dữ liệu\Dữ liệu giảng viên\Phòng ban viện/Phòng Tài chính Kế toán,Tran Thi Thanh Xuan,Trần Thị Thanh Xuân,Tran Thi Thanh Xuan,Tran Thi Thanh Xuan,
giangtt@neu.edu.vn,Trần Thị Thu Giang,1,1967,Nữ,,,Thạc sĩ,2005,Giảng viên chính (Hạng II),,"66 Bà Triệu, Hàng Bài, Hoàn Kiếm, Hà Nội",0912205670,Khoa Ngoại ngữ kinh tế,,E:\NeuTech\Dữ liệu\Dữ liệu giảng viên\Trường Kinh tế và Quản lý công/Khoa Ngoại ngữ Kinh tế,Tran Thi Thu Giang,ThS. Trần Thị Thu Giang,Tran Thi Thu Giang M.Sc.,Tran Thi Thu Giang M.Sc.,
hienttqttb@neu.edu.vn,Trần Thị Thu Hiền,2,1973,Nữ,,,Thạc sĩ,2015,Chuyên viên chính hạng II,Tổ trưởng,"Phòng 35 nhà Y9 tập thể ĐHKTQD, Đồng Tâm, Hai Bà Trưng, Hà Nội",0912300979,Phòng Quản trị thiết bị,,E:\NeuTech\Dữ liệu\Dữ liệu giảng viên\Phòng ban viện/Phòng quản trị thiết bị,Tran Thi Thu Hien,ThS. Trần Thị Thu Hiền,Tran Thi Thu Hien M.Sc.,Tran Thi Thu Hien M.Sc.,
tranhien@neu.edu.vn,Trần Thị Thu Hiền,2,1987,Nữ,,,Tiến sĩ,2020,Giảng viên chính (Hạng II),,"D0702 - Sky D - 423 Minh Khai, Vĩnh Tuy, Hai Bà Trưng, Hà Nội",0974050830,Viện Ngân hàng - Tài chính,,E:\NeuTech\Dữ liệu\Dữ liệu giảng viên\Phòng ban viện/Viện Ngân hàng - Tài chính,Tran Thi Thu Hien,TS. Trần Thị Thu Hiền,Dr. Tran Thi Thu Hien,Dr. Tran Thi Thu Hien (School of Banking and Finance),(School of Banking and Finance)
hoaitt@neu.edu.vn,Trần Thị Thu Hoài,1,1977,Nữ,Phó giáo sư,2012,Tiến sĩ,2012,Giảng viên cao cấp (Hạng I),Phó trưởng bộ môn,"Phòng 505 nhà H, cầu thang 2 khu tập thể Vĩnh Phúc, Vĩnh Phúc, Ba Đình, Hà Nội",0903230177,Khoa Lý luận Chính trị,,E:\NeuTech\Dữ liệu\Dữ liệu giảng viên\Trường Kinh tế và Quản lý công/Khoa LLCT,Tran Thi Thu Hoai,PGS. TS. Trần Thị Thu Hoài,Assoc. Prof. Tran Thi Thu Hoai,Assoc. Prof. Tran Thi Thu Hoai,
thuhuyen@neu.edu.vn,Trần Thị Thu Huyền,1,1983,Nữ,,,Tiến sĩ,2021,Giảng viên chính (Hạng II),,"số 1 ngách 58/51 Đường Thanh Bình, phường Mỗ Lao, Hà Đông, Hà Nội",0944367898,Khoa Kế hoạch và Phát triển,,E:\NeuTech\Dữ liệu\Dữ liệu giảng viên\Trường Kinh tế và Quản lý công/Khoa Kế hoạch và phát triển,Tran Thi Thu Huyen,TS. Trần Thị Thu Huyền,Dr. Tran Thi Thu Huyen,Dr. Tran Thi Thu Huyen,
trangttt@neu.edu.vn,Trần Thị Thu Trang,1,1984,Nữ,,,Tiến sĩ,2024,Giảng viên chính (Hạng II),,"Phòng 1918 Chung cư Hud3 Linh Đàm, Hoàng Liệt, Hoàng Mai, Hà Nội",0989886107,Viện Thương mại và Kinh tế quốc tế,,E:\NeuTech\Dữ liệu\Dữ liệu giảng viên\Trường Kinh Doanh/Viện Thương mại và Kinh tế Quốc tế,Tran Thi Thu Trang,TS. Trần Thị Thu Trang,Dr. Tran Thi Thu Trang,Dr. Tran Thi Thu Trang,
dungtran@neu.edu.vn,Trần Thị Thùy Dung,1,1988,Nữ,,,Tiến sĩ,2022,Giảng viên (Hạng III),,"Số 354/99/16/6, Đường Trường Chinh, Đống Đa, Hà Nội",0829779888,Viện Ngân hàng - Tài chính,,E:\NeuTech\Dữ liệu\Dữ liệu giảng viên\Phòng ban viện/Viện Ngân hàng - Tài chính,Tran Thi Thuy Dung,TS. Trần Thị Thùy Dung,Dr. Tran Thi Thuy Dung,Dr. Tran Thi Thuy Dung,
thuyhangkth@neu.edu.vn,Trần Thị Thúy Hằng,1,1989,Nữ,,,Tiến sĩ,2022,Giảng viên (Hạng III),,"Lô NV-C10, Khu đô thị mới Trung Hòa - Nhân Chính, Trung Hoà, Cầu Giấy, Hà Nội",0394399477,Khoa Kinh tế học,,E:\NeuTech\Dữ liệu\Dữ liệu giảng viên\Trường Kinh tế và Quản lý công/Khoa Kinh tế học,Tran Thi Thuy Hang,TS. Trần Thị Thúy Hằng,Dr. Tran Thi Thuy Hang,Dr. Tran Thi Thuy Hang,
tranthuylinh@neu.edu.vn,Trần Thị Thùy Linh,1,1982,Nữ,,,Tiến sĩ,2016,Giảng viên chính (Hạng II),,"11, ngõ 12, Tả Thanh Oai, Thanh Trì, Hà Nội",0986371278,Khoa Ngoại ngữ kinh tế,,E:\NeuTech\Dữ liệu\Dữ liệu giảng viên\Trường Kinh tế và Quản lý công/Khoa Ngoại ngữ Kinh tế,Tran Thi Thuy Linh,TS. Trần Thị Thùy Linh,Dr. Tran Thi Thuy Linh,Dr. Tran Thi Thuy Linh,
hoatv@neu.edu.vn,Trần Thị Vân Hoa,1,1967,Nữ,Giáo sư,2019,Tiến sĩ,2004,Giảng viên cao cấp (Hạng I),,"Phòng 1204, chung cư A2, 229 phố Vọng, Đồng Tâm, Hai Bà Trưng, Hà Nội",0906282828,Khoa Khoa học Quản lý,"KInh tế, Công nghiệp hóa, hiện đại hóa, Quản lý, Đổi mới sáng tạo và KHCNQuản trị kinh doanh, KHởi nghiệp, dự định khởi nghiệp, lãnh đạo,",E:\NeuTech\Dữ liệu\Dữ liệu giảng viên\Trường Kinh tế và Quản lý công/Khoa Khoa học quản lý,Tran Thi Van Hoa,GS. TS. Trần Thị Vân Hoa,Prof. Tran Thi Van Hoa,Prof. Tran Thi Van Hoa,
tranthodat@neu.edu.vn,Trần Thọ Đạt,1,1959,Nam,Giáo sư,,Tiến sĩ,1998,Giảng viên cao cấp (Hạng I),,"Số nhà 9, ngõ 255/3 phố Vọng, Hà Nội",0903441047,"Khoa Môi trường, Biến đổi khí hậu và Đô thị",,"E:\NeuTech\Dữ liệu\Dữ liệu giảng viên\Trường Kinh tế và Quản lý công/Khoa Môi trường, Biến đổi khí hậu và Đô thị",Tran Tho Dat,GS. TS. Trần Thọ Đạt,Prof. Tran Tho Dat,Prof. Tran Tho Dat,
tthuongktbh@neu.edu.vn,Trần Thu Hương,1,1970,Nữ,,,Cử nhân,,Chuyên viên,,"Số nhà 9, dãy C8C trường đại học kinh tế quốc dân, Đồng Tâm, Hai Bà Trưng, Hà Nội",,Khoa Đại học tại chức,,E:\NeuTech\Dữ liệu\Dữ liệu giảng viên\Phòng ban viện/Khoa Đại học tại chức,Tran Thu Huong,Trần Thu Hương,Tran Thu Huong,Tran Thu Huong,
thuytran@neu.edu.vn,Trần Thu Thủy,1,1982,Nữ,,,Thạc sĩ,2007,Chuyên viên,,"P7-C3 tập thể trường Đại học Kinh tế quốc dân, Đồng Tâm, Hai Bà Trưng, Hà Nội",,Viện Đào tạo quốc tế,,E:\NeuTech\Dữ liệu\Dữ liệu giảng viên\Phòng ban viện/Viện Đào tạo Quốc tế,Tran Thu Thuy,ThS. Trần Thu Thủy,Tran Thu Thuy M.Sc.,Tran Thu Thuy M.Sc.,
hangtt@neu.edu.vn,Trần Thúy Hằng,1,1977,Nữ,,,Cử nhân,2006,Văn thư,Văn thư,"P904, nhà 17T3 Hapulico số 01 Nguyễn Huy Tưởng, Nhân Chính, Thanh Xuân, Hà Nội",,Khoa Kế hoạch và Phát triển,,E:\NeuTech\Dữ liệu\Dữ liệu giảng viên\Trường Kinh tế và Quản lý công/Khoa Kế hoạch và phát triển,Tran Thuy Hang,Trần Thúy Hằng,Tran Thuy Hang,Tran Thuy Hang,
ductt@neu.edu.vn,Trần Trọng Đức,1,1991,Nam,,,Thạc sĩ,2016,Giảng viên (Hạng III),,"BT22, Khu đô thị Vimeco 2, Trung Hoà, Cầu Giấy, Hà Nội",0982519999,Viện Thương mại và Kinh tế quốc tế,,E:\NeuTech\Dữ liệu\Dữ liệu giảng viên\Trường Kinh Doanh/Viện Thương mại và Kinh tế Quốc tế,Tran Trong Duc,ThS. Trần Trọng Đức,Tran Trong Duc M.Sc.,Tran Trong Duc M.Sc.,
phongtt@neu.edu.vn,Trần Trọng Phong,1,1985,Nam,,,Thạc sĩ,2013,Giảng viên (Hạng III),,"Số 11A, ngách 107, Ngõ 622, Minh Khai, Hai Bà Trưng, Hà Nội",,Viện Ngân hàng - Tài chính,,E:\NeuTech\Dữ liệu\Dữ liệu giảng viên\Phòng ban viện/Viện Ngân hàng - Tài chính,Tran Trong Phong,ThS. Trần Trọng Phong,Tran Trong Phong M.Sc.,Tran Trong Phong M.Sc.,
dungtt@neu.edu.vn,Trần Trung Dũng,1,1978,Nam,,,Thạc sĩ,2010,Chuyên viên chính hạng II,,"Số 3, ngõ 51/81 Lãng Yên, Thanh Lương, Hai Bà Trưng, Hà Nội",0912010102,Phòng Tổng hợp,,E:\NeuTech\Dữ liệu\Dữ liệu giảng viên\Phòng ban viện/Phòng tổng hợp,Tran Trung Dung,ThS. Trần Trung Dũng,Tran Trung Dung M.Sc.,Tran Trung Dung M.Sc.,
hieutt@neu.edu.vn,Trần Trung Hiếu,1,1981,Nam,,,Cử nhân,2003,Chuyên viên,,"CC129D Trương Định, Trương Định, Hai Bà Trưng, Hà Nội",0915600064,Trung tâm Ứng dụng Công nghệ thông tin,,E:\NeuTech\Dữ liệu\Dữ liệu giảng viên\Phòng ban viện/Trung tâm ứng dụng CNTT,Tran Trung Hieu,Trần Trung Hiếu,Tran Trung Hieu,Tran Trung Hieu,
tuantt@neu.edu.vn,Trần Trung Tuấn,1,1982,Nam,Phó giáo sư,2020,Tiến sĩ,2016,Giảng viên cao cấp (Hạng I),Trưởng bộ môn,"Số 15G, ngõ 281/57 Trương Định, Trương Định, Hoàng Mai, Hà Nội",0912843355,Viện Kế toán - Kiểm toán,,E:\NeuTech\Dữ liệu\Dữ liệu giảng viên\Phòng ban viện/Viện Kế toán Kiểm toán,Tran Trung Tuan,PGS. TS. Trần Trung Tuấn,Assoc. Prof. Tran Trung Tuan,Assoc. Prof. Tran Trung Tuan,
baotv@neu.edu.vn,Trần Văn Bão,1,1954,Nam,Phó giáo sư,,Tiến sĩ,2003,Giảng viên cao cấp (Hạng I),,"Số 8, phòng 45 tập thể ĐHKTQD",,Viện Thương mại và Kinh tế quốc tế,,E:\NeuTech\Dữ liệu\Dữ liệu giảng viên\Trường Kinh Doanh/Viện Thương mại và Kinh tế Quốc tế,Tran Van Bao,PGS. TS. Trần Văn Bão,Assoc. Prof. Tran Van Bao,Assoc. Prof. Tran Van Bao,
hungtv@neu.edu.vn,Trần Văn Hùng,1,1960,Nam,,,Tiến sĩ,2007,Giảng viên chính (Hạng II),Trưởng ban,"12 C3 TT Đại học kinh tế Quốc dân , Đồng Tâm, Hai Bà Trưng, Hà Nội",0353333799,Viện Quản trị kinh doanh,,E:\NeuTech\Dữ liệu\Dữ liệu giảng viên\Trường Kinh Doanh/Viện QTKD,Tran Van Hung,TS. Trần Văn Hùng,Dr. Tran Van Hung,Dr. Tran Van Hung,
namtv@neu.edu.vn,Trần Văn Nam,1,1966,Nam,Phó giáo sư,2006,Tiến sĩ,,Giảng viên cao cấp (Hạng I),,"C5 phòng 304, Trung Tự, Đống Đa, Hà Nội",0904245260,Khoa Luật,Luật Thuơng mại quốc tế; Pháp luật Sở hữu trí tuệ; Pháp luật Hợp đồng; Pháp luật giao dịch điện tử,E:\NeuTech\Dữ liệu\Dữ liệu giảng viên\Trường Kinh tế và Quản lý công/Khoa Luật,Tran Van Nam,PGS. TS. Trần Văn Nam,Assoc. Prof. Tran Van Nam,Assoc. Prof. Tran Van Nam,
,Trần Văn Nhụ,1,1963,Nam,,,,,Chức vụ:,,"Tập thể Đại học KTQD, Đồng Tâm, Hai Bà Trưng, Hà Nội",,Trung tâm Dịch vụ Hỗ trợ đào tạo,,E:\NeuTech\Dữ liệu\Dữ liệu giảng viên\Phòng ban viện/Trung tâm Dịch vụ hỗ trợ đào tạo,Tran Van Nhu,Trần Văn Nhụ,Tran Van Nhu,Tran Van Nhu,
thuantv@neu.edu.vn,Trần Văn Thuận,1,1976,Nam,Phó giáo sư,2015,Tiến sĩ,2008,Giảng viên cao cấp (Hạng I),Trưởng bộ môn,"12, Ngõ 193, Bồ Đề, Long Biên, Hà Nội",0913579837,Viện Kế toán - Kiểm toán,,E:\NeuTech\Dữ liệu\Dữ liệu giảng viên\Phòng ban viện/Viện Kế toán Kiểm toán,Tran Van Thuan,PGS. TS. Trần Văn Thuận,Assoc. Prof. Tran Van Thuan,Assoc. Prof. Tran Van Thuan,
cuongvt@neu.edu.vn,Trần Việt Cường,1,1984,Nam,,,Tiến sĩ,2023,Giảng viên (Hạng III),,"Đức Thạnh, Mộ Đức, Quảng Ngãi",0960205941,Khoa Toán kinh tế,,E:\NeuTech\Dữ liệu\Dữ liệu giảng viên\Trường Công nghệ/Khoa Toán Kinh tế,Tran Viet Cuong,TS. Trần Việt Cường,Dr. Tran Viet Cuong,Dr. Tran Viet Cuong,
,Trần Việt Lâm,1,1954,Nam,Phó giáo sư,,Tiến sĩ,,Giảng viên cao cấp (Hạng I),,"44 A4, Tân Mai, Hoàng Mai, Hà Nội",,Khoa Quản trị kinh doanh,,E:\NeuTech\Dữ liệu\Dữ liệu giảng viên\Trường Kinh Doanh/Khoa QTKD,Tran Viet Lam,PGS. TS. Trần Việt Lâm,Assoc. Prof. Tran Viet Lam,Assoc. Prof. Tran Viet Lam,
sontv@neu.edu.vn,Trần Viết Sơn,1,1987,Nam,,,Thạc sĩ,2016,Giảng viên chính (Hạng II),,"25 tổ 7, Tân Mai, Hoàng Mai, Hà Nội",,Bộ môn Giáo dục thể chất,,E:\NeuTech\Dữ liệu\Dữ liệu giảng viên\Phòng ban viện/Bộ môn GDTC,Tran Viet Son,ThS. Trần Viết Sơn,Tran Viet Son M.Sc.,Tran Viet Son M.Sc.,
tientv@neu.edu.vn,Trần Việt Tiến,1,1959,Nam,Phó giáo sư,2010,Tiến sĩ,,Giảng viên cao cấp (Hạng I),,"TT Đại học Tuyên Giáo , Thanh Xuân Bắc, Thanh Xuân, Hà Nội",9122066256,Khoa Lý luận Chính trị,,E:\NeuTech\Dữ liệu\Dữ liệu giảng viên\Trường Kinh tế và Quản lý công/Khoa LLCT,Tran Viet Tien,PGS. TS. Trần Việt Tiến,Assoc. Prof. Tran Viet Tien,Assoc. Prof. Tran Viet Tien,
tranxcau@neu.edu.vn,Trần Xuân Cầu,1,1954,Nam,Phó giáo sư,2003,,1991,Chức vụ:,,"Khu C, tập thể trường đại học kinh tế quốc dân, Đồng Tâm, Hai Bà Trưng, Hà Nội",,Bộ môn Kinh tế nguồn nhân lực,,E:\NeuTech\Dữ liệu\Dữ liệu giảng viên\Trường Kinh Doanh/Khoa Kinh tế và Quản lý nguồn nhân lực,Tran Xuan Cau,PGS. Trần Xuân Cầu,Assoc. Prof. Tran Xuan Cau,Assoc. Prof. Tran Xuan Cau,
sonth@neu.edu.vn,Trịnh Hoài Sơn,1,1978,Nam,,,Tiến sĩ,2016,Giảng viên chính (Hạng II),Giám đốc TT thuộc Khoa,"Căn A2801 CC Tecco Skyville Ngũ Hiệp, Tứ Hiệp, Thanh Trì, Hà Nội",0949127888,Khoa Hệ thống thông tin quản lý,,E:\NeuTech\Dữ liệu\Dữ liệu giảng viên\Trường Công nghệ/Khoa Hệ thống Thông tin Quản lý,Trinh Hoai Son,TS. Trịnh Hoài Sơn,Dr. Trinh Hoai Son,Dr. Trinh Hoai Son,
nhungth25@neu.edu.vn,Trịnh Hồng Nhung,1,1992,Nữ,,,,,Chuyên viên,,"57 phố Vĩnh Hồ, Ngã Tư Sở, Đống Đa, Hà Nội",,Phòng Quản lý đào tạo,,E:\NeuTech\Dữ liệu\Dữ liệu giảng viên\Phòng ban viện/Phòng Quản lý đào tạo,Trinh Hong Nhung,Trịnh Hồng Nhung,Trinh Hong Nhung,Trinh Hong Nhung,
linhtm@neu.edu.vn,Trịnh Mai Linh,1,1971,Nữ,,,Cử nhân,1994,Trợ lý,Trợ lý,"Số 28 ngõ 42 Vũ Ngọc Phan, Láng Hạ, Đống Đa, Hà Nội",0983197125,Khoa Ngoại ngữ kinh tế,,E:\NeuTech\Dữ liệu\Dữ liệu giảng viên\Trường Kinh tế và Quản lý công/Khoa Ngoại ngữ Kinh tế,Trinh Mai Linh,Trịnh Mai Linh,Trinh Mai Linh,Trinh Mai Linh,
trinhmaivan@neu.edu.vn,Trịnh Mai Vân,1,1973,Nam,,,Tiến sĩ,2011,Chuyên viên chính hạng II,Phó trưởng phòng,"68, Ngõ Tự Do, Phường Đồng Tâm, Quận Hai Bà Trưng, Hà Nội, Đồng Tâm, Hai Bà Trưng, Hà Nội",0982831831,Phòng Quản lý khoa học,,E:\NeuTech\Dữ liệu\Dữ liệu giảng viên\Phòng ban viện/Phòng Quản lý Khoa học,Trinh Mai Van,TS. Trịnh Mai Vân,Dr. Trinh Mai Van,Dr. Trinh Mai Van,
quytrongtrinh@neu.edu.vn,Trịnh Quý Trọng,1,1989,Nam,,,Cử nhân,2011,Giảng viên (Hạng III),,"44 tổ 12, Thanh Lương, Hai Bà Trưng, Hà Nội",,Viện Kế toán - Kiểm toán,,E:\NeuTech\Dữ liệu\Dữ liệu giảng viên\Phòng ban viện/Viện Kế toán Kiểm toán,Trinh Quy Trong,Trịnh Quý Trọng,Trinh Quy Trong,Trinh Quy Trong,
hanhtrinh@neu.edu.vn,Trịnh Thị Hạnh,1,1977,Nữ,,,Cử nhân,1999,Giảng viên chính (Hạng II),,"Số 6/23/165 Dương Quảng Hàm, Quan Hoa, Hà Nội",,Khoa Ngoại ngữ kinh tế,,E:\NeuTech\Dữ liệu\Dữ liệu giảng viên\Trường Kinh tế và Quản lý công/Khoa Ngoại ngữ Kinh tế,Trinh Thi Hanh,Trịnh Thị Hạnh,Trinh Thi Hanh,Trinh Thi Hanh,
trinhquyen@neu.edu.vn,Trịnh Thị Quyên,1,1983,Nữ,,,Thạc sĩ,2019,Biên tập viên hạng II,,"số nhà 35, ngõ 634, đường Kim Giang, Thanh Liệt, Thanh Trì, Hà Nội",0912087383,Nhà xuất bản Trường Đại học Kinh tế quốc dân,,E:\NeuTech\Dữ liệu\Dữ liệu giảng viên\Phòng ban viện/nhà xuất bản,Trinh Thi Quyen,ThS. Trịnh Thị Quyên,Trinh Thi Quyen M.Sc.,Trinh Thi Quyen M.Sc.,
giangttt@neu.edu.vn,Trịnh Thị Thu Giang,1,1979,Nữ,,,Tiến sĩ,2023,Giảng viên (Hạng III),Phó Viện trưởng (ĐV Chức năng),"Phòng 2306, Park 3, Park Hill, Times City, 458 Minh Khai, , Hai Bà Trưng, Hà Nội",0904117979,Viện Đào tạo quốc tế,,E:\NeuTech\Dữ liệu\Dữ liệu giảng viên\Phòng ban viện/Viện Đào tạo Quốc tế,Trinh Thi Thu Giang,TS. Trịnh Thị Thu Giang,Dr. Trinh Thi Thu Giang,Dr. Trinh Thi Thu Giang,
thuyttdv@neu.edu.vn,Trịnh Thị Thúy,2,1981,Nữ,,,Cử nhân,2012,Chức vụ:,,"Phòng 305B, A6, Thanh Xuân Bắc, Thanh Xuân, Hà Nội",,Trung tâm Dịch vụ Hỗ trợ đào tạo,,E:\NeuTech\Dữ liệu\Dữ liệu giảng viên\Phòng ban viện/Trung tâm Dịch vụ hỗ trợ đào tạo,Trinh Thi Thuy,Trịnh Thị Thúy,Trinh Thi Thuy,Trinh Thi Thuy,
trinhthithuy@neu.edu.vn,Trịnh Thị Thúy,2,1986,Nữ,,,Thạc sĩ,,Chuyên viên,,"1202, tòa nhà 622 Minh Khai, ngõ 622 Minh Khai, Vĩnh Tuy, Hai Bà Trưng, Hà Nội",0977701963,Viện Phát triển bền vững,,E:\NeuTech\Dữ liệu\Dữ liệu giảng viên\Phòng ban viện/Viện Phát triển bền vững,Trinh Thi Thuy,ThS. Trịnh Thị Thúy,Trinh Thi Thuy M.Sc.,Trinh Thi Thuy M.Sc. (Institute of Sustainable Development),(Institute of Sustainable Development)
chientd@neu.edu.vn,Trương Đình Chiến,1,1958,Nam,Phó giáo sư,2005,Tiến sĩ,,Giảng viên cao cấp (Hạng I),,"85 Ngõ Quỳnh, Bạch Mai, Hai Bà Trưng, Hà Nội",0913588377,Khoa Marketing,,E:\NeuTech\Dữ liệu\Dữ liệu giảng viên\Trường Kinh Doanh/Khoa Marketing,Truong Dinh Chien,PGS. TS. Trương Đình Chiến,Assoc. Prof. Truong Dinh Chien,Assoc. Prof. Truong Dinh Chien,
ductd@neu.edu.vn,Trương Đình Đức,1,1980,Nam,,,Tiến sĩ,2012,Giảng viên chính (Hạng II),Phó trưởng phòng,"Số 1B, H3, Ngõ 33, Nguyễn An Ninh, Tương Mai, Hoàng Mai, Hà Nội",0912420352,Phòng Công tác chính trị và Quản lý sinh viên,,E:\NeuTech\Dữ liệu\Dữ liệu giảng viên\Phòng ban viện/Phòng CTCT & QLSV,Truong Dinh Duc,TS. Trương Đình Đức,Dr. Truong Dinh Duc,Dr. Truong Dinh Duc,
thetd@neu.edu.vn,Trương Đoàn Thể,1,1959,Nam,Phó giáo sư,,Tiến sĩ,2001,Giảng viên cao cấp (Hạng I),,"Phòng 7, nhà 8 tập thể ĐHKTQD, Đồng Tâm, Hai Bà Trưng, Hà Nội",0904129009,Khoa Quản trị kinh doanh,,E:\NeuTech\Dữ liệu\Dữ liệu giảng viên\Trường Kinh Doanh/Khoa QTKD,Truong Doan The,PGS. TS. Trương Đoàn Thể,Assoc. Prof. Truong Doan The,Assoc. Prof. Truong Doan The,
hieutn@neu.edu.vn,Trương Như Hiếu,1,1989,Nam,,,Tiến sĩ,2024,Giảng viên (Hạng III),,"628 M1A- KĐT Thanh Hà, Kiến Hưng, Hà Đông, Hà Nội",0364153768,Khoa Kinh tế học,,E:\NeuTech\Dữ liệu\Dữ liệu giảng viên\Trường Kinh tế và Quản lý công/Khoa Kinh tế học,Truong Nhu Hieu,TS. Trương Như Hiếu,Dr. Truong Nhu Hieu,Dr. Truong Nhu Hieu,
linhth@neu.edu.vn,Trương Thị Hoài Linh,1,1980,Nữ,,,Tiến sĩ,2018,Giảng viên chính (Hạng II),,"P409 A14 Tập thể Đại học Kinh tế quốc dân, , Hai Bà Trưng, Hà Nội",0983005808,Viện Ngân hàng - Tài chính,,E:\NeuTech\Dữ liệu\Dữ liệu giảng viên\Phòng ban viện/Viện Ngân hàng - Tài chính,Truong Thi Hoai Linh,TS. Trương Thị Hoài Linh,Dr. Truong Thi Hoai Linh,Dr. Truong Thi Hoai Linh,
truongnamthang@neu.edu.vn,Trương Thị Nam Thắng,1,1975,Nữ,Phó giáo sư,2015,Tiến sĩ,2009,Giảng viên cao cấp (Hạng I),,"134 tổ 28b, Phương Liên, Đống Đa, Hà Nội",0912952435,Khoa Quản trị kinh doanh,Quản trị Công tySáng tạo Xã hộiDoanh nghiệp Xã hội,E:\NeuTech\Dữ liệu\Dữ liệu giảng viên\Phòng ban viện/Trung tâm Pháp Việt,Truong Thi Nam Thang,PGS. TS. Trương Thị Nam Thắng,Assoc. Prof. Truong Thi Nam Thang,Assoc. Prof. Truong Thi Nam Thang,
truonghoa@neu.edu.vn,Trương Thị Thanh Hoa,1,1975,Nữ,,,Cử nhân,2002,Chuyên viên,,", , ,",0912772740,Viện Quản trị kinh doanh,,E:\NeuTech\Dữ liệu\Dữ liệu giảng viên\Trường Kinh Doanh/Viện QTKD,Truong Thi Thanh Hoa,Trương Thị Thanh Hoa,Truong Thi Thanh Hoa,Truong Thi Thanh Hoa,
chungtt@neu.edu.vn,Trương Tiến Chung,1,1965,Nam,,,Cử nhân,,Nhân viên,,"Nhà số 6, B4b, Tân Mai, Hoàng Mai, Hà Nội",,Trung tâm Dịch vụ Hỗ trợ đào tạo,,E:\NeuTech\Dữ liệu\Dữ liệu giảng viên\Phòng ban viện/Trung tâm Dịch vụ hỗ trợ đào tạo,Truong Tien Chung,Trương Tiến Chung,Truong Tien Chung,Truong Tien Chung,
anhtt@neu.edu.vn,Trương Tuấn Anh,1,1982,Nam,,,Tiến sĩ,2018,Giảng viên chính (Hạng II),Phó trưởng khoa,"V14 tập thể KHVN, tổ 49, Nghĩa Đô, Cầu Giấy, Hà Nội",0908567777,Khoa Quản trị kinh doanh,,E:\NeuTech\Dữ liệu\Dữ liệu giảng viên\Trường Kinh Doanh/Khoa QTKD,Truong Tuan Anh,TS. Trương Tuấn Anh,Dr. Truong Tuan Anh,Dr. Truong Tuan Anh,
truongtu@neu.edu.vn,Trương Văn Tú,1,1987,Nam,,,Tiến sĩ,2023,Giảng viên chính (Hạng II),,"128C Đại La, Đại La, Hai Bà Trưng, Hà Nội",0919656655,Viện Kế toán - Kiểm toán,,E:\NeuTech\Dữ liệu\Dữ liệu giảng viên\Phòng ban viện/Viện Kế toán Kiểm toán,Truong Van Tu,TS. Trương Văn Tú,Dr. Truong Van Tu,Dr. Truong Van Tu,
,Từ Quang Phương,1,1955,Nam,Phó giáo sư,2007,Tiến sĩ,,Giảng viên cao cấp (Hạng I),,"P302 - A 14 - TT ĐH KTQD, Đồng Tâm, Hai Bà Trưng, Hà Nội",,Khoa Đầu tư,,E:\NeuTech\Dữ liệu\Dữ liệu giảng viên\Trường Kinh tế và Quản lý công/Khoa Đầu tư,Tu Quang Phuong,PGS. TS. Từ Quang Phương,Assoc. Prof. Tu Quang Phuong,Assoc. Prof. Tu Quang Phuong,
thuhuongnn@neu.edu.vn,Văn Thị Thu Hương,1,1981,Nữ,,,Thạc sĩ,2008,Giảng viên (Hạng III),,"Phòng 101 K2, Bách Khoa, Hai Bà Trưng, Hà Nội",0988094604,Khoa Ngoại ngữ kinh tế,,E:\NeuTech\Dữ liệu\Dữ liệu giảng viên\Trường Kinh tế và Quản lý công/Khoa Ngoại ngữ Kinh tế,Van Thi Thu Huong,ThS. Văn Thị Thu Hương,Van Thi Thu Huong M.Sc.,Van Thi Thu Huong M.Sc.,
havt@neu.edu.vn,Vi Thanh Hà,1,1982,Nữ,,,Cử nhân,2006,Nhân viên,,"Số 46, ngõ 266 phố Lê Thanh Nghị, Đồng Tâm, Hai Bà Trưng, Hà Nội",0985661599,Phòng Khảo thí và Đảm bảo chất lượng Giáo dục,,E:\NeuTech\Dữ liệu\Dữ liệu giảng viên\Phòng ban viện/Phòng khảo thí & DBCLGD,Vi Thanh Ha,Vi Thanh Hà,Vi Thanh Ha,Vi Thanh Ha,
vr.kannan.10@outlook.com,Vijay R. Kannan,1,,,,,,,,,,,,,,,,,,
hauvohuy@neu.edu.vn,Võ Huy Hậu,1,1971,Nam,,,,1992,Chuyên viên,,"908 chung cư 129D Trương Định, Trương Định, Hai Bà Trưng, Hà Nội",0888521068,Phòng Thanh tra – Pháp chế,,E:\NeuTech\Dữ liệu\Dữ liệu giảng viên\Phòng ban viện/Phòng thanh tra pháp chế,Vo Huy Hau,Võ Huy Hậu,Vo Huy Hau,Vo Huy Hau,
trivn@neu.edu.vn,Võ Nhất Trí,1,1954,Nam,,,Tiến sĩ,2004,Chức vụ:,,"A14, phòng 408, tập thể kinh tế quốc dân, Đồng Tâm, Hai Bà Trưng, Hà Nội",,Bộ môn Dân số và Phát triển,,E:\NeuTech\Dữ liệu\Dữ liệu giảng viên\Trường Kinh Doanh/Khoa Kinh tế và Quản lý nguồn nhân lực,Vo Nhat Tri,TS. Võ Nhất Trí,Dr. Vo Nhat Tri,Dr. Vo Nhat Tri,
vinhvt@neu.edu.vn,Võ Thế Vinh,1,1989,Nam,,,Thạc sĩ,,Chức vụ:,,"30 tổ 34 ngõ 336 Nguyễn Trãi, Thanh Xuân Trung, Thanh Xuân, Hà Nội",,Bộ môn Lý thuyết tài chính tiền tệ,,E:\NeuTech\Dữ liệu\Dữ liệu giảng viên\Phòng ban viện/Viện Ngân hàng - Tài chính,Vo The Vinh,ThS. Võ Thế Vinh,Vo The Vinh M.Sc.,Vo The Vinh M.Sc.,
loanvh@neu.edu.vn,Võ Thị Hòa Loan,1,1978,Nữ,,,Thạc sĩ,2005,Giảng viên (Hạng III),Phó trưởng bộ môn,"Tổng cục V - Yên Xá - Nhà vườn 5 số nhà 8, , Thanh Xuân, Hà Nội",0979701888,Khoa Bất động sản và Kinh tế Tài nguyên,,E:\NeuTech\Dữ liệu\Dữ liệu giảng viên\Trường Kinh Doanh/Khoa BĐS & KTTN,Vo Thi Hoa Loan,ThS. Võ Thị Hòa Loan,Vo Thi Hoa Loan M.Sc.,Vo Thi Hoa Loan M.Sc.,
hanhvth@neu.edu.vn,Võ Thị Hồng Hạnh,1,1986,Nữ,,,Tiến sĩ,2024,Giảng viên chính (Hạng II),,"20, ngõ 316/14 Lê Trọng Tấn, , Hoàng Mai, Hà Nội",0985798886,Khoa Lý luận Chính trị,,E:\NeuTech\Dữ liệu\Dữ liệu giảng viên\Trường Kinh tế và Quản lý công/Khoa LLCT,Vo Thi Hong Hanh,TS. Võ Thị Hồng Hạnh,Dr. Vo Thi Hong Hanh,Dr. Vo Thi Hong Hanh,
,Vũ Anh Sơn,1,1983,Nam,,,,,Chức vụ:,,"P 409, N14, K9, tập thể BĐBP, ngõ 49, Nguyễn Khoái, Bạch Đằng, Hai Bà Trưng, Hà Nội",,Trung tâm Dịch vụ Hỗ trợ đào tạo,,E:\NeuTech\Dữ liệu\Dữ liệu giảng viên\Phòng ban viện/Trung tâm Dịch vụ hỗ trợ đào tạo,Vu Anh Son,Vũ Anh Sơn,Vu Anh Son,Vu Anh Son,
cuongv@neu.edu.vn,Vũ Cương,1,1969,Nam,Phó giáo sư,,Tiến sĩ,,Giảng viên cao cấp (Hạng I),Trưởng bộ môn,"Số 1108, toà P2, Khu đô thị Ciputra, Xuân Đỉnh, Bắc Từ Liêm, Hà Nội",0912000565,Khoa Kế hoạch và Phát triển,,E:\NeuTech\Dữ liệu\Dữ liệu giảng viên\Trường Kinh tế và Quản lý công/Khoa Kế hoạch và phát triển,Vu Cuong,PGS. TS. Vũ Cương,Assoc. Prof. Vu Cuong,Assoc. Prof. Vu Cuong,
luychvd@neu.edu.vn,Vũ Đăng Luých,1,1962,Nam,,,Cử nhân,1987,Chuyên viên chính hạng II,,"Số 17 ngõ 162 Lê Trọng Tấn, Khương Đình, Thanh Xuân, Hà Nội",0913067679,Khoa Đại học tại chức,,E:\NeuTech\Dữ liệu\Dữ liệu giảng viên\Phòng ban viện/Khoa Đại học tại chức,Vu Dang Luych,Vũ Đăng Luých,Vu Dang Luych,Vu Dang Luych,
hienvd@neu.edu.vn,Vũ Đình Hiển,1,1969,Nam,Phó giáo sư,2018,Tiến sĩ,,Giảng viên cao cấp (Hạng I),Trưởng bộ môn,"38B Trần Phú , Điện Biên, Ba Đình, Hà Nội",,Viện Quản trị kinh doanh,,E:\NeuTech\Dữ liệu\Dữ liệu giảng viên\Trường Kinh Doanh/Viện QTKD,Vu Dinh Hien,PGS. TS. Vũ Đình Hiển,Assoc. Prof. Vu Dinh Hien,Assoc. Prof. Vu Dinh Hien,
minhvd@neu.edu.vn,Vũ Đức Minh,1,1981,Nam,,,Tiến sĩ,2014,Giảng viên (Hạng III),,"29 Nguyễn Quý Đức, Thanh Xuân Bắc, Thanh Xuân, Hà Nội",0814844142,Khoa Khoa học dữ liệu và Trí tuệ nhân tạo,,E:\NeuTech\Dữ liệu\Dữ liệu giảng viên\Trường Công nghệ/Khoa KHDL và TTNT,Vu Duc Minh,TS. Vũ Đức Minh,Dr. Vu Duc Minh,Dr. Vu Duc Minh,
haovd@neu.edu.vn,Vũ Duy Hào,1,1961,Nam,Phó giáo sư,,Tiến sĩ,1978,Giảng viên cao cấp (Hạng I),,"Số 5 nhà M8 tập thể Đại học KTQD, Hà Nội",,Viện Ngân hàng - Tài chính,,E:\NeuTech\Dữ liệu\Dữ liệu giảng viên\Phòng ban viện/Viện Ngân hàng - Tài chính,Vu Duy Hao,PGS. TS. Vũ Duy Hào,Assoc. Prof. Vu Duy Hao,Assoc. Prof. Vu Duy Hao,
giangvh@neu.edu.vn,Vũ Hải Giang,1,1989,Nam,,,Thạc sĩ,2018,Chuyên viên,,"HH4C Linh Đàm, Hoàng Liệt, Hoàng Mai, Hà Nội",0968566199,Phòng Thanh tra – Pháp chế,,E:\NeuTech\Dữ liệu\Dữ liệu giảng viên\Phòng ban viện/Phòng thanh tra pháp chế,Vu Hai Giang,ThS. Vũ Hải Giang,Vu Hai Giang M.Sc.,Vu Hai Giang M.Sc.,
linhvh@neu.edu.vn,Vũ Hoàng Linh,1,1990,Nữ,,,Tiến sĩ,2021,Giảng viên (Hạng III),,"Số 17, ngõ 40, Tạ Quang Bửu, , , Hà Nội",0787238362,Khoa Marketing,,E:\NeuTech\Dữ liệu\Dữ liệu giảng viên\Trường Kinh Doanh/Khoa Marketing,Vu Hoang Linh,TS. Vũ Hoàng Linh,Dr. Vu Hoang Linh,Dr. Vu Hoang Linh,
namvh@neu.edu.vn,Vũ Hoàng Nam,1,1978,Nam,,,Tiến sĩ,2017,Giảng viên chính (Hạng II),Phó Viện trưởng (ĐV Chức năng),"C2, Tập thể Trại giam Văn Hòa, Liên Ninh, Thanh Trì, Hà Nội",84989858559,"Viện Đào tạo tiên tiến, chất lượng cao và POHE",,E:\NeuTech\Dữ liệu\Dữ liệu giảng viên\Trường Kinh Doanh/Khoa QTKD,Vu Hoang Nam,TS. Vũ Hoàng Nam,Dr. Vu Hoang Nam,Dr. Vu Hoang Nam,
nganvh@neu.edu.vn,Vũ Hoàng Ngân,1,1969,Nữ,Phó giáo sư,2007,Tiến sĩ,1998,Giảng viên cao cấp (Hạng I),Trưởng khoa,"R1A12B12A, Royal City, 72 Nguyễn Trãi, Thanh Xuân, Hà Nội, Thượng Đình, Thanh Xuân, Hà Nội",0913316569,Khoa Kinh tế và Quản lý Nguồn nhân lực,,E:\NeuTech\Dữ liệu\Dữ liệu giảng viên\Trường Kinh Doanh/Khoa Kinh tế và Quản lý nguồn nhân lực,Vu Hoang Ngan,PGS. TS. Vũ Hoàng Ngân,Assoc. Prof. Vu Hoang Ngan,Assoc. Prof. Vu Hoang Ngan,
oanhvh@neu.edu.vn,Vũ Hoàng Oanh,1,1975,Nữ,,,Thạc sĩ,2008,Chuyên viên chính hạng II,Chánh văn phòng,"Số 113, dãy A3, Khu đô thị mới Đại Kim - Định Công, Định Công, Hoàng Mai, Hà Nội",0913030652,Viện Đào tạo quốc tế,,E:\NeuTech\Dữ liệu\Dữ liệu giảng viên\Phòng ban viện/Viện Đào tạo Quốc tế,Vu Hoang Oanh,ThS. Vũ Hoàng Oanh,Vu Hoang Oanh M.Sc.,Vu Hoang Oanh M.Sc.,
huanv@neu.edu.vn,Vũ Huấn,1,1990,Nam,,,Tiến sĩ,2014,Giảng viên (Hạng III),,"P6-C13 TT GTVT, Láng Thượng, Đống Đa, Hà Nội",,Khoa Khoa học dữ liệu và Trí tuệ nhân tạo,,E:\NeuTech\Dữ liệu\Dữ liệu giảng viên\Trường Công nghệ/Khoa KHDL và TTNT,Vu Huan,TS. Vũ Huấn,Dr. Vu Huan,Dr. Vu Huan,
haivh@neu.edu.vn,Vũ Hưng Hải,1,1965,Nam,,,Thạc sĩ,2007,Giảng viên chính (Hạng II),,"Phòng 708 - 262 - Nguyễn Huy Tưởng, Thanh Xuân Trung, Thanh Xuân, Hà Nội",0982781965,Khoa Hệ thống thông tin quản lý,,E:\NeuTech\Dữ liệu\Dữ liệu giảng viên\Trường Công nghệ/Khoa Hệ thống Thông tin Quản lý,Vu Hung Hai,ThS. Vũ Hưng Hải,Vu Hung Hai M.Sc.,Vu Hung Hai M.Sc.,
phuongvh@neu.edu.vn,Vũ Hùng Phương,1,1968,Nam,,,Tiến sĩ,2009,Giảng viên chính (Hạng II),,"Ô7, N7 TT5 Bắc Linh Đàm , Đại Kim, Hoàng Mai, Hà Nội",0904215148,Viện Thương mại và Kinh tế quốc tế,"Quản trị kinh doanh, Tài chính công",E:\NeuTech\Dữ liệu\Dữ liệu giảng viên\Trường Kinh Doanh/Viện Thương mại và Kinh tế Quốc tế,Vu Hung Phuong,TS. Vũ Hùng Phương,Dr. Vu Hung Phuong,Dr. Vu Hung Phuong,
thongvh@neu.edu.vn,Vũ Huy Thông,1,1966,Nam,Phó giáo sư,2013,Tiến sĩ,2004,Giảng viên cao cấp (Hạng I),Trưởng khoa,"Số nhà 17 ngõ 255 phố Vọng, Đồng Tâm, Hai Bà Trưng, Hà Nội",0904111578,Khoa Marketing,,E:\NeuTech\Dữ liệu\Dữ liệu giảng viên\Trường Kinh Doanh/Khoa Marketing,Vu Huy Thong,PGS. TS. Vũ Huy Thông,Assoc. Prof. Vu Huy Thong,Assoc. Prof. Vu Huy Thong,
dungvk@neu.edu.vn,Vũ Kim Dũng,1,1962,Nam,Phó giáo sư,2006,Tiến sĩ,2002,Giảng viên cao cấp (Hạng I),,"366A Bạch Mai, Hà Nội",,Khoa Kinh tế học,,E:\NeuTech\Dữ liệu\Dữ liệu giảng viên\Trường Kinh tế và Quản lý công/Khoa Kinh tế học,Vu Kim Dung,PGS. TS. Vũ Kim Dũng,Assoc. Prof. Vu Kim Dung,Assoc. Prof. Vu Kim Dung,
huongvm@neu.edu.vn,Vũ Mai Hường,1,1986,Nữ,,,Cử nhân,2008,Chuyên viên,,"Số 6 khu H tổ 75, Phương Mai, Đống Đa, Hà Nội",0904681338,Viện Đào tạo quốc tế,,E:\NeuTech\Dữ liệu\Dữ liệu giảng viên\Phòng ban viện/Viện Đào tạo Quốc tế,Vu Mai Huong,Vũ Mai Hường,Vu Mai Huong,Vu Mai Huong,
linhvm@neu.edu.vn,Vũ Mạnh Linh,1,1989,Nam,,,Thạc sĩ,2017,Giảng viên chính (Hạng II),,"C6-01-B24, Kim Liên, Đống Đa, Hà Nội",0947118463,Khoa Kinh tế học,,E:\NeuTech\Dữ liệu\Dữ liệu giảng viên\Trường Kinh tế và Quản lý công/Khoa Kinh tế học,Vu Manh Linh,ThS. Vũ Mạnh Linh,Vu Manh Linh M.Sc.,Vu Manh Linh M.Sc.,
ducvm@neu.edu.vn,Vũ Minh Đức,1,1959,Nam,Phó giáo sư,2015,Tiến sĩ,,Giảng viên cao cấp (Hạng I),,"F406, nhà A14, ngõ 100, phố Trần Đại Nghĩa, Đồng Tâm, Hai Bà Trưng, Hà Nội",0912621346,Khoa Marketing,,E:\NeuTech\Dữ liệu\Dữ liệu giảng viên\Trường Kinh Doanh/Khoa Marketing,Vu Minh Duc,PGS. TS. Vũ Minh Đức,Assoc. Prof. Vu Minh Duc,Assoc. Prof. Vu Minh Duc,
traivm@neu.edu.vn,Vũ Minh Trai,1,1956,Nam,Phó giáo sư,2002,Tiến sĩ,1994,Giảng viên cao cấp (Hạng I),,"43B (129) đường Trường Chinh, Phương Liệt, Thanh Xuân, Hà Nội",,Khoa Quản trị kinh doanh,,E:\NeuTech\Dữ liệu\Dữ liệu giảng viên\Trường Kinh Doanh/Khoa QTKD,Vu Minh Trai,PGS. TS. Vũ Minh Trai,Assoc. Prof. Vu Minh Trai,Assoc. Prof. Vu Minh Trai,
namv@neu.edu.vn,Vũ Nam,1,1977,Nam,,,Tiến sĩ,2011,Giảng viên chính (Hạng II),,"Số 28 ngách 69/15 Ái Mộ, Bồ Đề, Long Biên, Hà Nội",0942891122,Khoa Du lịch và Khách sạn,1. Chính sách và quy hoạch du lịch2. Quản lý điểm đến du lịch bền vững3. Du lịch văn hóa,E:\NeuTech\Dữ liệu\Dữ liệu giảng viên\Trường Kinh Doanh/Khoa Du lịch và Khách sạn,Vu Nam,TS. Vũ Nam,Dr. Vu Nam,Dr. Vu Nam,
havnt@neu.edu.vn,Vũ Ngọc Thanh Hà,1,1993,Nữ,,,Thạc sĩ,2019,Chuyên viên,,"Số 82, ngõ 129, đường Trương Định, Trương Định, Hai Bà Trưng, Hà Nội",0984957275,"Trung tâm Thông tin, tư liệu, thư viện",,E:\NeuTech\Dữ liệu\Dữ liệu giảng viên\Phòng ban viện/Trung tâm thông tin thư viện,Vu Ngoc Thanh Ha,ThS. Vũ Ngọc Thanh Hà,Vu Ngoc Thanh Ha M.Sc.,Vu Ngoc Thanh Ha M.Sc.,
xuanvn@neu.edu.vn,Vũ Ngọc Xuân,1,1979,Nam,Phó giáo sư,2022,Tiến sĩ,2018,Giảng viên cao cấp (Hạng I),Giám đốc TT thuộc Khoa,"183, Minh Khai, Hai Bà Trưng, Hà Nội",0916866655,Khoa Kinh tế học,Kinh tế học; Phát triển bền vững; Kinh tế môi trường;,E:\NeuTech\Dữ liệu\Dữ liệu giảng viên\Trường Kinh tế và Quản lý công/Khoa Kinh tế học,Vu Ngoc Xuan,PGS. TS. Vũ Ngọc Xuân,Assoc. Prof. Vu Ngoc Xuan,Assoc. Prof. Vu Ngoc Xuan,
linhvp@neu.edu.vn,Vũ Phương Linh,1,1992,Nữ,,,Thạc sĩ,2017,Chuyên viên,,"Khu đô thị Trung Hòa, Nhân Chính, Thanh Xuân, Hà Nội",0973256257,Phòng Truyền thông,,E:\NeuTech\Dữ liệu\Dữ liệu giảng viên\Phòng ban viện/Phòng truyền thông,Vu Phuong Linh,ThS. Vũ Phương Linh,Vu Phuong Linh M.Sc.,Vu Phuong Linh M.Sc.,
anhvq@neu.edu.vn,Vũ Quỳnh Anh,1,1975,Nữ,,,Thạc sĩ,2004,Giảng viên (Hạng III),,"Số 63, Thanh Lương, Hai Bà Trưng, Hà Nội",,Khoa Khoa học cơ sở,,E:\NeuTech\Dữ liệu\Dữ liệu giảng viên\Trường Công nghệ/Khoa Khoa học Cơ sở,Vu Quynh Anh,ThS. Vũ Quỳnh Anh,Vu Quynh Anh M.Sc.,Vu Quynh Anh M.Sc.,
tungvs@neu.edu.vn,Vũ Sơn Tùng,1,1993,Nam,,,Thạc sĩ,2018,Giảng viên (Hạng III),,"14 tổ 31 Ngọc Hà, Ba Đình, Hà Nội",1253188536,Bộ môn Giáo dục thể chất,,E:\NeuTech\Dữ liệu\Dữ liệu giảng viên\Phòng ban viện/Bộ môn GDTC,Vu Son Tung,ThS. Vũ Sơn Tùng,Vu Son Tung M.Sc.,Vu Son Tung M.Sc.,
baovt@neu.edu.vn,Vũ Thành Bao,1,1977,Nam,,,Thạc sĩ,2007,Giảng viên (Hạng III),,"Số nhà 2, hẻm 6/12/5 phố Đội Nhân, Vĩnh Phúc, Ba Đình, Hà Nội",0912047719,Khoa Bất động sản và Kinh tế Tài nguyên,,E:\NeuTech\Dữ liệu\Dữ liệu giảng viên\Trường Kinh Doanh/Khoa BĐS & KTTN,Vu Thanh Bao,ThS. Vũ Thành Bao,Vu Thanh Bao M.Sc.,Vu Thanh Bao M.Sc.,
hungvt@neu.edu.vn,Vũ Thành Hưng,1,1957,Nam,Phó giáo sư,2006,Tiến sĩ,2001,Giảng viên cao cấp (Hạng I),Phó viện trưởng,"Nhà A9A, lô 19, khu đô thị mới Định Công, Định Công, Hoàng Mai, Hà Nội",0911435066,Viện Quản trị kinh doanh,,E:\NeuTech\Dữ liệu\Dữ liệu giảng viên\Trường Kinh Doanh/Viện QTKD,Vu Thanh Hung,PGS. TS. Vũ Thành Hưng,Assoc. Prof. Vu Thanh Hung,Assoc. Prof. Vu Thanh Hung,
huongvt@neu.edu.vn,Vũ Thành Hưởng,1,1975,Nam,Phó giáo sư,,Tiến sĩ,2010,Giảng viên cao cấp (Hạng I),Phó viện trưởng,"Căn hộ 0721, chung cư 257 Giải Phóng, Phương Mai, Đống Đa, Hà Nội",0912289889,Viện Đào tạo Sau đại học,,E:\NeuTech\Dữ liệu\Dữ liệu giảng viên\Phòng ban viện/Viện Đào tạo sau Đại học,Vu Thanh Huong,PGS. TS. Vũ Thành Hưởng,Assoc. Prof. Vu Thanh Huong,Assoc. Prof. Vu Thanh Huong,
ngocvu@neu.edu.vn,Vũ Thị Bích Ngọc,1,1979,Nữ,,,Tiến sĩ,2025,Giảng viên (Hạng III),,"số 8 hẻm 236/17/18 đường Khương Đình, Hạ Đình, Thanh Xuân, Hà Nội",0912328288,Khoa Toán kinh tế,,E:\NeuTech\Dữ liệu\Dữ liệu giảng viên\Trường Công nghệ/Khoa Toán Kinh tế,Vu Thi Bich Ngoc,TS. Vũ Thị Bích Ngọc,Dr. Vu Thi Bich Ngoc,Dr. Vu Thi Bich Ngoc,
emvt@neu.edu.vn,Vũ Thị Êm,1,1973,Nữ,,,Cử nhân,1999,Kế toán,Kế toán,"Phòng 50, Nhà 8, Đại học Kinh tế Quốc dân, Đồng Tâm, Hai Bà Trưng, Hà Nội",,Trung tâm Dịch vụ Hỗ trợ đào tạo,,E:\NeuTech\Dữ liệu\Dữ liệu giảng viên\Phòng ban viện/Trung tâm Dịch vụ hỗ trợ đào tạo,Vu Thi Em,Vũ Thị Êm,Vu Thi Em,Vu Thi Em,
hoavt@neu.edu.vn,Vũ Thị Hòa,1,1977,Nữ,,,,,Nhân viên,,"Phòng 4C7 tập thể KTQD, , , Hà Nội",0945472476,Phòng Quản trị thiết bị,,E:\NeuTech\Dữ liệu\Dữ liệu giảng viên\Phòng ban viện/Phòng quản trị thiết bị,Vu Thi Hoa,Vũ Thị Hòa,Vu Thi Hoa,Vu Thi Hoa,
thuvh@neu.edu.vn,Vũ Thị Hoài Thu,1,1976,Nữ,Phó giáo sư,,Tiến sĩ,2013,Giảng viên cao cấp (Hạng I),Phó trưởng bộ môn,"Phòng 1, ngõ 36, phố Vũ Ngọc Phan, , Đống Đa, Hà Nội",0904586677,"Khoa Môi trường, Biến đổi khí hậu và Đô thị",Kinh tế và Quản lý biến đổi khí hậuSinh kế bền vững,"E:\NeuTech\Dữ liệu\Dữ liệu giảng viên\Trường Kinh tế và Quản lý công/Khoa Môi trường, Biến đổi khí hậu và Đô thị",Vu Thi Hoai Thu,PGS. TS. Vũ Thị Hoài Thu,Assoc. Prof. Vu Thi Hoai Thu,Assoc. Prof. Vu Thi Hoai Thu,
chuyenvh@neu.edu.vn,Vũ Thị Hồng Chuyên,1,1977,Nữ,,,Thạc sĩ,2003,Giảng viên (Hạng III),,Điện thọai: CQ: ; Mobile:,,Khoa Kinh tế học,,E:\NeuTech\Dữ liệu\Dữ liệu giảng viên\Trường Kinh tế và Quản lý công/Khoa Kinh tế học,Vu Thi Hong Chuyen,ThS. Vũ Thị Hồng Chuyên,Vu Thi Hong Chuyen M.Sc.,Vu Thi Hong Chuyen M.Sc.,
levh@neu.edu.vn,Vũ Thị Hồng Lê,1,1989,Nữ,,,Thạc sĩ,,Giảng viên (Hạng III),,"17/162, Lê Trọng Tấn, Thanh Xuân, Hà Nội",,Viện Ngân hàng - Tài chính,,E:\NeuTech\Dữ liệu\Dữ liệu giảng viên\Phòng ban viện/Viện Ngân hàng - Tài chính,Vu Thi Hong Le,ThS. Vũ Thị Hồng Lê,Vu Thi Hong Le M.Sc.,Vu Thi Hong Le M.Sc.,
ngavth@neu.edu.vn,Vũ Thị Hồng Nga,1,1973,Nữ,,,,,Chức vụ:,,"Số nhà 2, ngõ 276, Đại Từ, Đại Kim, Hoàng Mai, Hà Nội",,Trung tâm Dịch vụ Hỗ trợ đào tạo,,E:\NeuTech\Dữ liệu\Dữ liệu giảng viên\Phòng ban viện/Trung tâm Dịch vụ hỗ trợ đào tạo,Vu Thi Hong Nga,Vũ Thị Hồng Nga,Vu Thi Hong Nga,Vu Thi Hong Nga,
vuhue@neu.edu.vn,Vũ Thị Huê,1,1984,Nữ,,,Cử nhân,2012,Chuyên viên,,"P2006 HH1 Chung cư 90 Nguyễn Tuân Thanh Xuân, Thanh Xuân Trung, Thanh Xuân, Hà Nội",0989376468,Phòng Tổng hợp,,E:\NeuTech\Dữ liệu\Dữ liệu giảng viên\Phòng ban viện/Phòng tổng hợp,Vu Thi Hue,Vũ Thị Huê,Vu Thi Hue,Vu Thi Hue,
chauvh@neu.edu.vn,Vũ Thị Huyền Châu,1,1981,Nữ,,,Cử nhân,2008,Chức vụ:,,"Số 5 M3 Khu tập thể Mai Hương, Bạch Mai, Hai Bà Trưng, Hà Nội",,Trung tâm Dịch vụ Hỗ trợ đào tạo,,E:\NeuTech\Dữ liệu\Dữ liệu giảng viên\Phòng ban viện/Trung tâm Dịch vụ hỗ trợ đào tạo,Vu Thi Huyen Chau,Vũ Thị Huyền Châu,Vu Thi Huyen Chau,Vu Thi Huyen Chau,
maivt@neu.edu.vn,Vũ Thị Mai,1,1964,Nữ,Phó giáo sư,,Tiến sĩ,1995,Giảng viên cao cấp (Hạng I),,"R1b 1029 Royal City, Bách Khoa, Hai Bà Trưng, Hà Nội",0978858616,Khoa Kinh tế và Quản lý Nguồn nhân lực,,E:\NeuTech\Dữ liệu\Dữ liệu giảng viên\Trường Kinh Doanh/Khoa Kinh tế và Quản lý nguồn nhân lực,Vu Thi Mai,PGS. TS. Vũ Thị Mai,Assoc. Prof. Vu Thi Mai,Assoc. Prof. Vu Thi Mai,
,Vũ Thị Minh Ngọc,1,1980,Nữ,,,Tiến sĩ,,Bí thư Chi đoàn GV,Bí thư,Điện thọai: CQ: ; Mobile:,,Bộ môn Thương mại quốc tế,,E:\NeuTech\Dữ liệu\Dữ liệu giảng viên\Trường Kinh Doanh/Viện Thương mại và Kinh tế Quốc tế,Vu Thi Minh Ngoc,TS. Vũ Thị Minh Ngọc,Dr. Vu Thi Minh Ngoc,Dr. Vu Thi Minh Ngoc,
thuvtm@neu.edu.vn,Vũ Thị Minh Thu,1,1987,Nữ,,,Thạc sĩ,2012,Giảng viên (Hạng III),,"Nhà 20 ngách 376/1 Đường Bưởi, Tây Hồ, Hà Nội",,Viện Kế toán - Kiểm toán,,E:\NeuTech\Dữ liệu\Dữ liệu giảng viên\Phòng ban viện/Viện Kế toán Kiểm toán,Vu Thi Minh Thu,ThS. Vũ Thị Minh Thu,Vu Thi Minh Thu M.Sc.,Vu Thi Minh Thu M.Sc.,
vanvp@neu.edu.vn,Vũ Thị Phương Vân,1,1975,Nữ,,,Cử nhân,1999,Chuyên viên,Trợ lý,"B3-P5.TT Đại học kinh tế quốc dân, , Hai Bà Trưng, Hà Nội",0906008081,Khoa Lý luận Chính trị,,E:\NeuTech\Dữ liệu\Dữ liệu giảng viên\Trường Kinh tế và Quản lý công/Khoa LLCT,Vu Thi Phuong Van,Vũ Thị Phương Vân,Vu Thi Phuong Van,Vu Thi Phuong Van,
tanvt@neu.edu.vn,Vũ Thị Tần,1,1981,Nữ,,,Thạc sĩ,2016,Chuyên viên,,"169 Trại Cá, Trương Định, Hai Bà Trưng, Hà Nội",0983785639,Phòng Quản trị thiết bị,,E:\NeuTech\Dữ liệu\Dữ liệu giảng viên\Phòng ban viện/Phòng quản trị thiết bị,Vu Thi Tan,ThS. Vũ Thị Tần,Vu Thi Tan M.Sc.,Vu Thi Tan M.Sc.,
huyenvt@neu.edu.vn,Vũ Thị Thanh Huyền,1,1984,Nữ,,,Thạc sĩ,2009,Giảng viên chính (Hạng II),,", , ,",0979890868,Khoa Kinh tế học,,E:\NeuTech\Dữ liệu\Dữ liệu giảng viên\Trường Kinh tế và Quản lý công/Khoa Kinh tế học,Vu Thi Thanh Huyen,ThS. Vũ Thị Thanh Huyền,Vu Thi Thanh Huyen M.Sc.,Vu Thi Thanh Huyen M.Sc.,
loanvt@neu.edu.vn,Vũ Thị Thanh Loan,1,1985,Nữ,,,Cử nhân,2012,Nhân viên,,"Tổ 12, Long Biên, Long Biên, Hà Nội",0764375785,"Trung tâm Thông tin, tư liệu, thư viện",,E:\NeuTech\Dữ liệu\Dữ liệu giảng viên\Phòng ban viện/Trung tâm thông tin thư viện,Vu Thi Thanh Loan,Vũ Thị Thanh Loan,Vu Thi Thanh Loan,Vu Thi Thanh Loan,
,Vũ Thị Thìn,1,1976,Nữ,,,Tiến sĩ,2011,Chức vụ:,,Điện thọai: CQ: ; Mobile:,,Khoa Kinh tế và Quản lý Nguồn nhân lực,,E:\NeuTech\Dữ liệu\Dữ liệu giảng viên\Trường Kinh Doanh/Khoa Kinh tế và Quản lý nguồn nhân lực,Vu Thi Thin,TS. Vũ Thị Thìn,Dr. Vu Thi Thin,Dr. Vu Thi Thin,
vuthithuhoa@neu.edu.vn,Vũ Thị Thu Hòa,1,1983,Nữ,,,Tiến sĩ,2023,Giảng viên (Hạng III),,"13/83, Tổ 3, Hoàng Văn Thụ, Hoàng Mai, Hà Nội",0988630615,Phòng Khảo thí và Đảm bảo chất lượng Giáo dục,,E:\NeuTech\Dữ liệu\Dữ liệu giảng viên\Phòng ban viện/Phòng khảo thí & DBCLGD,Vu Thi Thu Hoa,TS. Vũ Thị Thu Hòa,Dr. Vu Thi Thu Hoa,Dr. Vu Thi Thu Hoa,
vuthuy0580@neu.edu.vn,Vũ Thị Thúy,1,1980,Nữ,,,,2004,Chuyên viên,,"Khu B trường đại học công nghiệp hà nội, Tây Tựu, Từ Liêm, Hà Nội",,Phòng Công tác chính trị và Quản lý sinh viên,,E:\NeuTech\Dữ liệu\Dữ liệu giảng viên\Phòng ban viện/Phòng CTCT & QLSV,Vu Thi Thuy,Vũ Thị Thúy,Vu Thi Thuy,Vu Thi Thuy,
thuyvan@neu.edu.vn,Vũ Thị Thúy Vân,1,1987,Nữ,,,Tiến sĩ,2020,Giảng viên chính (Hạng II),,"Phòng 113, A14, tập thể Trường Đại học Kinh tế Quốc dân, Đồng Tâm, Hai Bà Trưng, Hà Nội",,Viện Ngân hàng - Tài chính,,E:\NeuTech\Dữ liệu\Dữ liệu giảng viên\Phòng ban viện/Viện Ngân hàng - Tài chính,Vu Thi Thuy Van,TS. Vũ Thị Thúy Vân,Dr. Vu Thi Thuy Van,Dr. Vu Thi Thuy Van,
maivu@neu.edu.vn,Vũ Thị Tuyết Mai,1,1975,Nữ,Phó giáo sư,,Tiến sĩ,2008,Giảng viên cao cấp (Hạng I),Phó trưởng bộ môn,"48 Lê Văn Lương, Nhân Chính, Thanh Xuân, Hà Nội",0983162444,Khoa Kế hoạch và Phát triển,,E:\NeuTech\Dữ liệu\Dữ liệu giảng viên\Trường Kinh tế và Quản lý công/Khoa Kế hoạch và phát triển,Vu Thi Tuyet Mai,PGS. TS. Vũ Thị Tuyết Mai,Assoc. Prof. Vu Thi Tuyet Mai,Assoc. Prof. Vu Thi Tuyet Mai,
uyenvt@neu.edu.vn,Vũ Thị Uyên,1,1975,Nữ,,,Tiến sĩ,2008,Giảng viên cao cấp (Hạng I),Phó trưởng bộ môn,"86 tổ 26, Thanh Lương, Hai Bà Trưng, Hà Nội",0913542271,Khoa Kinh tế và Quản lý Nguồn nhân lực,,E:\NeuTech\Dữ liệu\Dữ liệu giảng viên\Trường Kinh Doanh/Khoa Kinh tế và Quản lý nguồn nhân lực,Vu Thi Uyen,TS. Vũ Thị Uyên,Dr. Vu Thi Uyen,Dr. Vu Thi Uyen,
anhvtv@neu.edu.vn,Vũ Thị Vân Anh,1,1981,Nữ,,,Tiến sĩ,2021,Giảng viên chính (Hạng II),Phó trưởng bộ môn,"Số 9 ngách 219/111, Định Công, Hoàng Mai, Hà Nội",0904985666,Khoa Kinh tế học,,E:\NeuTech\Dữ liệu\Dữ liệu giảng viên\Trường Kinh tế và Quản lý công/Khoa Kinh tế học,Vu Thi Van Anh,TS. Vũ Thị Vân Anh,Dr. Vu Thi Van Anh,Dr. Vu Thi Van Anh,
dungvt@neu.edu.vn,Vũ Trí Dũng,1,1957,Nam,Phó giáo sư,2006,Tiến sĩ,,Giảng viên cao cấp (Hạng I),,"số 48A Tăng Bạt Hổ, Phạm Đình Hổ, Hai Bà Trưng, Hà Nội",,Khoa Marketing,,E:\NeuTech\Dữ liệu\Dữ liệu giảng viên\Phòng ban viện/Trung tâm Pháp Việt,Vu Tri Dung,PGS. TS. Vũ Trí Dũng,Assoc. Prof. Vu Tri Dung,Assoc. Prof. Vu Tri Dung,
tuanvt@neu.edu.vn,Vũ Trí Tuấn,1,1992,Nam,,,Thạc sĩ,2017,Giảng viên (Hạng III),Bí thư,"293 phố Vọng, Đồng Tâm, Hai Bà Trưng, Hà Nội",0982785723,Khoa Khoa học Quản lý,,E:\NeuTech\Dữ liệu\Dữ liệu giảng viên\Trường Kinh tế và Quản lý công/Khoa Khoa học quản lý,Vu Tri Tuan,ThS. Vũ Trí Tuấn,Vu Tri Tuan M.Sc.,Vu Tri Tuan M.Sc.,
vutrongnghia@neu.edu.vn,Vũ Trọng Nghĩa,1,1976,Nam,,,Tiến sĩ,2012,Giảng viên chính (Hạng II),Trưởng phòng,"39 tổ 60, Tương Mai, Hoàng Mai, Hà Nội",0983603789,Phòng Truyền thông,,E:\NeuTech\Dữ liệu\Dữ liệu giảng viên\Phòng ban viện/Phòng truyền thông,Vu Trong Nghia,TS. Vũ Trọng Nghĩa,Dr. Vu Trong Nghia,Dr. Vu Trong Nghia,
hieutrungvu@neu.edu.vn,Vũ Trung Hiếu,1,1993,Nam,,,Cử nhân,2015,Chuyên viên,,"Phòng 606, tòa nhà pacific place, 83B Lý Thường Kiệt, Trần Hưng Đạo, Hoàn Kiếm, Hà Nội",,Phòng Quản lý khoa học,,E:\NeuTech\Dữ liệu\Dữ liệu giảng viên\Phòng ban viện/Phòng Quản lý Khoa học,Vu Trung Hieu,Vũ Trung Hiếu,Vu Trung Hieu,Vu Trung Hieu,
vutuananh@neu.edu.vn,Vũ Tuấn Anh,1,1975,Nam,,,Tiến sĩ,2012,Giảng viên chính (Hạng II),Giám đốc,"14 Thái Hà, Trung Liệt, Đống Đa, Hà Nội",0904280889,"Trung tâm Nghiên cứu, tư vấn Kinh tế và Kinh doanh",,E:\NeuTech\Dữ liệu\Dữ liệu giảng viên\Phòng ban viện/Trung tâm nghiên cứu và tư vấn kinh tế,Vu Tuan Anh,TS. Vũ Tuấn Anh,Dr. Vu Tuan Anh,Dr. Vu Tuan Anh,
ngocvv@neu.edu.vn,Vũ Văn Ngọc,1,1976,Nam,,,Tiến sĩ,2013,Giảng viên chính (Hạng II),Viện trưởng,"Số 30E, Tổ 60, Tương Mai, Hoàng Mai, Hà Nội",0913016485,"Viện Đào tạo tiên tiến, chất lượng cao và POHE","Quản trị công ty, công pháp quốc tế, luật kinh doanh","E:\NeuTech\Dữ liệu\Dữ liệu giảng viên\Phòng ban viện/Viện Đào tạo, tiên tiến, CLC và POHE",Vu Van Ngoc,TS. Vũ Văn Ngọc,Dr. Vu Van Ngoc,Dr. Vu Van Ngoc,
thangvv@neu.edu.vn,Vũ Văn Thắng,1,1964,Nam,,,,,Chức vụ:,,"Số 2/364, Hoàng Hoa Thám, Thuỵ Khuê, Tây Hồ, Hà Nội",,Trung tâm Dịch vụ Hỗ trợ đào tạo,,E:\NeuTech\Dữ liệu\Dữ liệu giảng viên\Phòng ban viện/Trung tâm Dịch vụ hỗ trợ đào tạo,Vu Van Thang,Vũ Văn Thắng,Vu Van Thang,Vu Van Thang,
vvthangqtkd@neu.edu.vn,Vũ Việt Thắng,1,1963,Nam,,,Cử nhân,1997,Chuyên viên,Phó chánh văn phòng,"Nhà 12, ngõ 95, Thanh Xuân, Hà Nội",,Viện Quản trị kinh doanh,,E:\NeuTech\Dữ liệu\Dữ liệu giảng viên\Trường Kinh Doanh/Viện QTKD,Vu Viet Thang,Vũ Việt Thắng,Vu Viet Thang,Vu Viet Thang,
tinhvx@neu.edu.vn,Vũ Xuân Tình,1,1985,Nam,,,Thạc sĩ,2016,Giảng viên chính (Hạng II),,", Đồng Tâm, Hai Bà Trưng, Hà Nội",0912081985,Bộ môn Giáo dục thể chất,,E:\NeuTech\Dữ liệu\Dữ liệu giảng viên\Phòng ban viện/Bộ môn GDTC,Vu Xuan Tinh,ThS. Vũ Xuân Tình,Vu Xuan Tinh M.Sc.,Vu Xuan Tinh M.Sc.,
yenvv@neu.edu.vn,Vương Văn Yên,1,1995,Nam,,,Tiến sĩ,2022,Giảng viên (Hạng III),,"Số 4, ngách 75/22 Phố Lụa, Vạn Phúc, Hà Đông, Hà Nội",0339565434,Khoa Toán kinh tế,,E:\NeuTech\Dữ liệu\Dữ liệu giảng viên\Trường Công nghệ/Khoa Toán Kinh tế,Vuong Van Yen,TS. Vương Văn Yên,Dr. Vuong Van Yen,Dr. Vuong Van Yen,
