Manganh,Tennganh,Tohopmonxettuyen,Nam,LoaiXetTuyen,Diemchuan,ThangDiem,GhiChuHeSo,Chitieu
7220201,Ngôn ngữ Anh,A01; D01; D09; D10,2015,Chuẩn,31.08,30,,
7220201,Ngôn ngữ Anh,A01; D01; D09; D10,2016,Chuẩn,28.76,30,,
7220201,Ngôn ngữ Anh,A01; D01; D09; D10,2017,Chuẩn,34.42,30,,
7220201,Ngôn ngữ Anh,A01; D01; D09; D10,2018,Chuẩn,30.75,30,,
7220201,Ngôn ngữ Anh,A01; D01; D09; D10,2019,Chuẩn,33.65,30,,
7220201,Ngôn ngữ Anh,A01; D01; D09; D10,2020,Chuẩn,35.6,30,,
7220201,Ngôn ngữ Anh,A01; D01; D09; D10,2021,Chuẩn,37.3,30,,
7220201,Ngôn ngữ Anh,A01; D01; D09; D10,2022,Chuẩn,35.85,30,,195.0
7220201,Ngôn ngữ Anh,A01; D01; D09; D10,2022,XTKH1,22.5,30,,195.0
7220201,Ngôn ngữ Anh,A01; D01; D09; D10,2022,XTKH2,20.9,30,,195.0
7220201,Ngôn ngữ Anh,A01; D01; D09; D10,2022,XTKH3,25.58,30,,195.0
7220201,Ngôn ngữ Anh,A01; D01; D09; D10,2022,XTKH4,30.4,30,,195.0
7220201,Ngôn ngữ Anh,A01; D01; D09; D10,2022,XTKH5,26.9,30,,195.0
7220201,Ngôn ngữ Anh,A01; D01; D09; D10,2022,XTKH6,37.45,30,,195.0
7220201,Ngôn ngữ Anh,A01; D01; D09; D10,2023,Chuẩn,36.5,40,môn tiếng Anh hệ số 2,140.0
7220201,Ngôn ngữ Anh,A01; D01; D09; D10,2023,XTKH1,23.48,30,,140.0
7220201,Ngôn ngữ Anh,A01; D01; D09; D10,2023,XTKH2,19.8,30,,140.0
7220201,Ngôn ngữ Anh,A01; D01; D09; D10,2023,XTKH3,25.86,30,,140.0
7220201,Ngôn ngữ Anh,A01; D01; D09; D10,2024,Chuẩn,35.6,40,môn tiếng Anh hệ số 2,150.0
7220201,Ngôn ngữ Anh,A01; D01; D09; D10,2024,XTKH1,26.44,30,,150.0
7220201,Ngôn ngữ Anh,A01; D01; D09; D10,2024,XTKH2,21.85,30,,150.0
7220201,Ngôn ngữ Anh,A01; D01; D09; D10,2025,Chuẩn,26.51,30,,90.0
7220201,Ngôn ngữ Anh,A01; D01; D09; D10,2026,Chuẩn,26.46,30,,90.0
7310101P1,Kinh tế học (ngành Kinh tế),A00; A01; D01; D07,2015,Chuẩn,23.5,30,,
7310101P1,Kinh tế học (ngành Kinh tế),A00; A01; D01; D07,2016,Chuẩn,23.46,30,,
7310101P1,Kinh tế học (ngành Kinh tế),A00; A01; D01; D07,2017,Chuẩn,25.5,30,,
7310101P1,Kinh tế học (ngành Kinh tế),A00; A01; D01; D07,2018,Chuẩn,22.75,30,,
7310101P1,Kinh tế học (ngành Kinh tế),A00; A01; D01; D07,2019,Chuẩn,24.75,30,,
7310101P1,Kinh tế học (ngành Kinh tế),A00; A01; D01; D07,2020,Chuẩn,26.9,30,,
7310101P1,Kinh tế học (ngành Kinh tế),A00; A01; D01; D07,2021,Chuẩn,27.55,30,,
7310101P1,Kinh tế học (ngành Kinh tế),A00; A01; D01; D07,2022,Chuẩn,27.45,30,,110.0
7310101P1,Kinh tế học (ngành Kinh tế),A00; A01; D01; D07,2022,XTKH1,24.75,30,,110.0
7310101P1,Kinh tế học (ngành Kinh tế),A00; A01; D01; D07,2022,XTKH2,21.15,30,,110.0
7310101P1,Kinh tế học (ngành Kinh tế),A00; A01; D01; D07,2022,XTKH3,25.27,30,,110.0
7310101P1,Kinh tế học (ngành Kinh tế),A00; A01; D01; D07,2022,XTKH4,30.0,30,,110.0
7310101P1,Kinh tế học (ngành Kinh tế),A00; A01; D01; D07,2022,XTKH5,27.08,30,,110.0
7310101P1,Kinh tế học (ngành Kinh tế),A00; A01; D01; D07,2022,XTKH6,27.65,30,,110.0
7310101P1,Kinh tế học (ngành Kinh tế),A00; A01; D01; D07,2023,Chuẩn,27.1,30,,55.0
7310101P1,Kinh tế học (ngành Kinh tế),A00; A01; D01; D07,2023,XTKH1,24.19,30,,55.0
7310101P1,Kinh tế học (ngành Kinh tế),A00; A01; D01; D07,2023,XTKH2,20.6,30,,55.0
7310101P1,Kinh tế học (ngành Kinh tế),A00; A01; D01; D07,2023,XTKH3,26.01,30,,55.0
7310101P1,Kinh tế học (ngành Kinh tế),A00; A01; D01; D07,2024,Chuẩn,27.2,30,,60.0
7310101P1,Kinh tế học (ngành Kinh tế),A00; A01; D01; D07,2024,XTKH1,27.0,30,,60.0
7310101P1,Kinh tế học (ngành Kinh tế),A00; A01; D01; D07,2024,XTKH2,22.0,30,,60.0
7310101P1,Kinh tế học (ngành Kinh tế),A00; A01; D01; D07,2025,Chuẩn,26.52,30,,50.0
7310101P1,Kinh tế học (ngành Kinh tế),A00; A01; D01; D07,2026,Chuẩn,26.64,30,,50.0
7310101P2,Kinh tế và quản lý đô thị (ngành Kinh tế),A00; A01; D01; D07,2015,Chuẩn,23.5,30,,
7310101P2,Kinh tế và quản lý đô thị (ngành Kinh tế),A00; A01; D01; D07,2016,Chuẩn,23.46,30,,
7310101P2,Kinh tế và quản lý đô thị (ngành Kinh tế),A00; A01; D01; D07,2017,Chuẩn,25.5,30,,
7310101P2,Kinh tế và quản lý đô thị (ngành Kinh tế),A00; A01; D01; D07,2018,Chuẩn,22.75,30,,
7310101P2,Kinh tế và quản lý đô thị (ngành Kinh tế),A00; A01; D01; D07,2019,Chuẩn,24.75,30,,
7310101P2,Kinh tế và quản lý đô thị (ngành Kinh tế),A00; A01; D01; D07,2020,Chuẩn,26.9,30,,
7310101P2,Kinh tế và quản lý đô thị (ngành Kinh tế),A00; A01; D01; D07,2021,Chuẩn,27.55,30,,
7310101P2,Kinh tế và quản lý đô thị (ngành Kinh tế),A00; A01; D01; D07,2022,Chuẩn,26.9,30,,85.0
7310101P2,Kinh tế và quản lý đô thị (ngành Kinh tế),A00; A01; D01; D07,2022,XTKH2,19.85,30,,85.0
7310101P2,Kinh tế và quản lý đô thị (ngành Kinh tế),A00; A01; D01; D07,2022,XTKH3,22.98,30,,85.0
7310101P2,Kinh tế và quản lý đô thị (ngành Kinh tế),A00; A01; D01; D07,2022,XTKH4,27.15,30,,85.0
7310101P2,Kinh tế và quản lý đô thị (ngành Kinh tế),A00; A01; D01; D07,2022,XTKH5,25.5,30,,85.0
7310101P2,Kinh tế và quản lý đô thị (ngành Kinh tế),A00; A01; D01; D07,2022,XTKH6,26.1,30,,85.0
7310101P2,Kinh tế và quản lý đô thị (ngành Kinh tế),A00; A01; D01; D07,2023,Chuẩn,27.05,30,,80.0
7310101P2,Kinh tế và quản lý đô thị (ngành Kinh tế),A00; A01; D01; D07,2023,XTKH1,26.06,30,,80.0
7310101P2,Kinh tế và quản lý đô thị (ngành Kinh tế),A00; A01; D01; D07,2023,XTKH2,18.4,30,,80.0
7310101P2,Kinh tế và quản lý đô thị (ngành Kinh tế),A00; A01; D01; D07,2023,XTKH3,25.2,30,,80.0
7310101P2,Kinh tế và quản lý đô thị (ngành Kinh tế),A00; A01; D01; D07,2024,Chuẩn,27.01,30,,120.0
7310101P2,Kinh tế và quản lý đô thị (ngành Kinh tế),A00; A01; D01; D07,2024,XTKH1,25.13,30,,120.0
7310101P2,Kinh tế và quản lý đô thị (ngành Kinh tế),A00; A01; D01; D07,2024,XTKH2,21.2,30,,120.0
7310101P2,Kinh tế và quản lý đô thị (ngành Kinh tế),A00; A01; D01; D07,2025,Chuẩn,25.8,30,,50.0
7310101P2,Kinh tế và quản lý đô thị (ngành Kinh tế),A00; A01; D01; D07,2026,Chuẩn,25.9,30,,50.0
7310101P3,Kinh tế và quản lý nguồn nhân lực (ngành Kinh tế),A00; A01; D01; D07,2015,Chuẩn,23.5,30,,
7310101P3,Kinh tế và quản lý nguồn nhân lực (ngành Kinh tế),A00; A01; D01; D07,2016,Chuẩn,23.46,30,,
7310101P3,Kinh tế và quản lý nguồn nhân lực (ngành Kinh tế),A00; A01; D01; D07,2017,Chuẩn,25.5,30,,
7310101P3,Kinh tế và quản lý nguồn nhân lực (ngành Kinh tế),A00; A01; D01; D07,2018,Chuẩn,22.75,30,,
7310101P3,Kinh tế và quản lý nguồn nhân lực (ngành Kinh tế),A00; A01; D01; D07,2019,Chuẩn,24.75,30,,
7310101P3,Kinh tế và quản lý nguồn nhân lực (ngành Kinh tế),A00; A01; D01; D07,2020,Chuẩn,26.9,30,,
7310101P3,Kinh tế và quản lý nguồn nhân lực (ngành Kinh tế),A00; A01; D01; D07,2021,Chuẩn,27.55,30,,
7310101P3,Kinh tế và quản lý nguồn nhân lực (ngành Kinh tế),A00; A01; D01; D07,2022,Chuẩn,27.65,30,,75.0
7310101P3,Kinh tế và quản lý nguồn nhân lực (ngành Kinh tế),A00; A01; D01; D07,2022,XTKH2,20.25,30,,75.0
7310101P3,Kinh tế và quản lý nguồn nhân lực (ngành Kinh tế),A00; A01; D01; D07,2022,XTKH3,24.4,30,,75.0
7310101P3,Kinh tế và quản lý nguồn nhân lực (ngành Kinh tế),A00; A01; D01; D07,2022,XTKH4,28.5,30,,75.0
7310101P3,Kinh tế và quản lý nguồn nhân lực (ngành Kinh tế),A00; A01; D01; D07,2022,XTKH5,26.47,30,,75.0
7310101P3,Kinh tế và quản lý nguồn nhân lực (ngành Kinh tế),A00; A01; D01; D07,2022,XTKH6,26.9,30,,75.0
7310101P3,Kinh tế và quản lý nguồn nhân lực (ngành Kinh tế),A00; A01; D01; D07,2023,Chuẩn,27.15,30,,70.0
7310101P3,Kinh tế và quản lý nguồn nhân lực (ngành Kinh tế),A00; A01; D01; D07,2023,XTKH1,22.88,30,,70.0
7310101P3,Kinh tế và quản lý nguồn nhân lực (ngành Kinh tế),A00; A01; D01; D07,2023,XTKH2,21.05,30,,70.0
7310101P3,Kinh tế và quản lý nguồn nhân lực (ngành Kinh tế),A00; A01; D01; D07,2023,XTKH3,26.15,30,,70.0
7310101P3,Kinh tế và quản lý nguồn nhân lực (ngành Kinh tế),A00; A01; D01; D07,2024,Chuẩn,27.34,30,,70.0
7310101P3,Kinh tế và quản lý nguồn nhân lực (ngành Kinh tế),A00; A01; D01; D07,2024,XTKH1,25.83,30,,70.0
7310101P3,Kinh tế và quản lý nguồn nhân lực (ngành Kinh tế),A00; A01; D01; D07,2024,XTKH2,22.02,30,,70.0
7310101P3,Kinh tế và quản lý nguồn nhân lực (ngành Kinh tế),A00; A01; D01; D07,2025,Chuẩn,26.79,30,,50.0
7310101P3,Kinh tế và quản lý nguồn nhân lực (ngành Kinh tế),A00; A01; D01; D07,2026,Chuẩn,27.07,30,,50.0
7310104,Kinh tế đầu tư,A00; A01; D01; B00,2016,Chuẩn,23.01,30,,
7310104,Kinh tế đầu tư,A00; A01; D01; B00,2017,Chuẩn,25.75,30,,
7310104,Kinh tế đầu tư,A00; A01; D01; B00,2018,Chuẩn,22.85,30,,
7310104,Kinh tế đầu tư,A00; A01; D01; B00,2019,Chuẩn,24.85,30,,
7310104,Kinh tế đầu tư,A00; A01; D01; B00,2020,Chuẩn,27.05,30,,
7310104,Kinh tế đầu tư,A00; A01; D01; B00,2021,Chuẩn,27.7,30,,
7310104,Kinh tế đầu tư,A00; A01; D01; B00,2022,Chuẩn,27.75,30,,200.0
7310104,Kinh tế đầu tư,A00; A01; D01; B00,2022,XTKH1,24.56,30,,200.0
7310104,Kinh tế đầu tư,A00; A01; D01; B00,2022,XTKH2,21.7,30,,200.0
7310104,Kinh tế đầu tư,A00; A01; D01; B00,2022,XTKH3,25.85,30,,200.0
7310104,Kinh tế đầu tư,A00; A01; D01; B00,2022,XTKH4,30.2,30,,200.0
7310104,Kinh tế đầu tư,A00; A01; D01; B00,2022,XTKH5,27.38,30,,200.0
7310104,Kinh tế đầu tư,A00; A01; D01; B00,2022,XTKH6,27.7,30,,200.0
7310104,Kinh tế đầu tư,A00; A01; D01; B00,2023,Chuẩn,27.5,30,,180.0
7310104,Kinh tế đầu tư,A00; A01; D01; B00,2023,XTKH1,25.11,30,,180.0
7310104,Kinh tế đầu tư,A00; A01; D01; B00,2023,XTKH2,21.0,30,,180.0
7310104,Kinh tế đầu tư,A00; A01; D01; B00,2023,XTKH3,26.01,30,,180.0
7310104,Kinh tế đầu tư,A00; A01; D01; B00,2024,Chuẩn,27.4,30,,180.0
7310104,Kinh tế đầu tư,A00; A01; D01; B00,2024,XTKH1,27.38,30,,180.0
7310104,Kinh tế đầu tư,A00; A01; D01; B00,2024,XTKH2,22.45,30,,180.0
7310104,Kinh tế đầu tư,A00; A01; D01; B00,2025,Chuẩn,27.5,30,,100.0
7310104,Kinh tế đầu tư,A00; A01; D01; B00,2026,Chuẩn,27.56,30,,100.0
7310105,Kinh tế phát triển,A00; A01; D01; D07,2018,Chuẩn,22.3,30,,
7310105,Kinh tế phát triển,A00; A01; D01; D07,2019,Chuẩn,24.45,30,,
7310105,Kinh tế phát triển,A00; A01; D01; D07,2020,Chuẩn,25.1,30,,
7310105,Kinh tế phát triển,A00; A01; D01; D07,2021,Chuẩn,27.5,30,,
7310105,Kinh tế phát triển,A00; A01; D01; D07,2022,Chuẩn,27.5,30,,250.0
7310105,Kinh tế phát triển,A00; A01; D01; D07,2022,XTKH1,23.13,30,,250.0
7310105,Kinh tế phát triển,A00; A01; D01; D07,2022,XTKH2,21.1,30,,250.0
7310105,Kinh tế phát triển,A00; A01; D01; D07,2022,XTKH3,24.73,30,,250.0
7310105,Kinh tế phát triển,A00; A01; D01; D07,2022,XTKH4,29.2,30,,250.0
7310105,Kinh tế phát triển,A00; A01; D01; D07,2022,XTKH5,26.82,30,,250.0
7310105,Kinh tế phát triển,A00; A01; D01; D07,2022,XTKH6,27.4,30,,250.0
7310105,Kinh tế phát triển,A00; A01; D01; D07,2023,Chuẩn,27.35,30,,230.0
7310105,Kinh tế phát triển,A00; A01; D01; D07,2023,XTKH1,22.88,30,,230.0
7310105,Kinh tế phát triển,A00; A01; D01; D07,2023,XTKH2,20.45,30,,230.0
7310105,Kinh tế phát triển,A00; A01; D01; D07,2023,XTKH3,25.36,30,,230.0
7310105,Kinh tế phát triển,A00; A01; D01; D07,2024,Chuẩn,27.2,30,,230.0
7310105,Kinh tế phát triển,A00; A01; D01; D07,2024,XTKH1,25.83,30,,230.0
7310105,Kinh tế phát triển,A00; A01; D01; D07,2024,XTKH2,21.67,30,,230.0
7310105,Kinh tế phát triển,A00; A01; D01; D07,2025,Chuẩn,26.77,30,,120.0
7310105,Kinh tế phát triển,A00; A01; D01; D07,2026,Chuẩn,26.79,30,,80.0
7310106,Kinh tế quốc tế,A00; A01; D01; D07,2015,Chuẩn,25.25,30,,
7310106,Kinh tế quốc tế,A00; A01; D01; D07,2016,Chuẩn,25.44,30,,
7310106,Kinh tế quốc tế,A00; A01; D01; D07,2017,Chuẩn,27.0,30,,
7310106,Kinh tế quốc tế,A00; A01; D01; D07,2018,Chuẩn,24.35,30,,
7310106,Kinh tế quốc tế,A00; A01; D01; D07,2019,Chuẩn,26.15,30,,
7310106,Kinh tế quốc tế,A00; A01; D01; D07,2020,Chuẩn,27.75,30,,
7310106,Kinh tế quốc tế,A00; A01; D01; D07,2021,Chuẩn,28.05,30,,
7310106,Kinh tế quốc tế,A00; A01; D01; D07,2022,Chuẩn,27.75,30,,135.0
7310106,Kinh tế quốc tế,A00; A01; D01; D07,2022,XTKH1,27.0,30,,135.0
7310106,Kinh tế quốc tế,A00; A01; D01; D07,2022,XTKH2,23.3,30,,135.0
7310106,Kinh tế quốc tế,A00; A01; D01; D07,2022,XTKH3,27.78,30,,135.0
7310106,Kinh tế quốc tế,A00; A01; D01; D07,2022,XTKH4,32.0,30,,135.0
7310106,Kinh tế quốc tế,A00; A01; D01; D07,2022,XTKH5,28.08,30,,135.0
7310106,Kinh tế quốc tế,A00; A01; D01; D07,2022,XTKH6,28.85,30,,135.0
7310106,Kinh tế quốc tế,A00; A01; D01; D07,2023,Chuẩn,27.35,30,,120.0
7310106,Kinh tế quốc tế,A00; A01; D01; D07,2023,XTKH1,27.47,30,,120.0
7310106,Kinh tế quốc tế,A00; A01; D01; D07,2023,XTKH2,22.8,30,,120.0
7310106,Kinh tế quốc tế,A00; A01; D01; D07,2023,XTKH3,27.51,30,,120.0
7310106,Kinh tế quốc tế,A00; A01; D01; D07,2024,Chuẩn,27.54,30,,120.0
7310106,Kinh tế quốc tế,A00; A01; D01; D07,2024,XTKH1,28.5,30,,120.0
7310106,Kinh tế quốc tế,A00; A01; D01; D07,2024,XTKH2,24.03,30,,120.0
7310106,Kinh tế quốc tế,A00; A01; D01; D07,2025,Chuẩn,28.13,30,,100.0
7310106,Kinh tế quốc tế,A00; A01; D01; D07,2026,Chuẩn,28.3,30,,50.0
7310107,Thống kê kinh tế,A00; A01; D01; D07,2015,Chuẩn,22.75,30,,
7310107,Thống kê kinh tế,A00; A01; D01; D07,2016,Chuẩn,21.45,30,,
7310107,Thống kê kinh tế,A00; A01; D01; D07,2017,Chuẩn,24.0,30,,
7310107,Thống kê kinh tế,A00; A01; D01; D07,2018,Chuẩn,21.65,30,,
7310107,Thống kê kinh tế,A00; A01; D01; D07,2019,Chuẩn,23.75,30,,
7310107,Thống kê kinh tế,A00; A01; D01; D07,2020,Chuẩn,25.1,30,,
7310107,Thống kê kinh tế,A00; A01; D01; D07,2021,Chuẩn,27.3,30,,
7310107,Thống kê kinh tế,A00; A01; D01; D07,2022,Chuẩn,27.2,30,,135.0
7310107,Thống kê kinh tế,A00; A01; D01; D07,2022,XTKH1,22.69,30,,135.0
7310107,Thống kê kinh tế,A00; A01; D01; D07,2022,XTKH2,20.3,30,,135.0
7310107,Thống kê kinh tế,A00; A01; D01; D07,2022,XTKH3,23.6,30,,135.0
7310107,Thống kê kinh tế,A00; A01; D01; D07,2022,XTKH4,28.25,30,,135.0
7310107,Thống kê kinh tế,A00; A01; D01; D07,2022,XTKH5,26.35,30,,135.0
7310107,Thống kê kinh tế,A00; A01; D01; D07,2022,XTKH6,26.4,30,,135.0
7310107,Thống kê kinh tế,A00; A01; D01; D07,2023,Chuẩn,36.2,40,môn Toán hệ số 2,140.0
7310107,Thống kê kinh tế,A00; A01; D01; D07,2023,XTKH1,23.12,30,,140.0
7310107,Thống kê kinh tế,A00; A01; D01; D07,2023,XTKH2,19.5,30,,140.0
7310107,Thống kê kinh tế,A00; A01; D01; D07,2023,XTKH3,24.86,30,,140.0
7310107,Thống kê kinh tế,A00; A01; D01; D07,2024,Chuẩn,36.23,40,môn Toán hệ số 2,180.0
7310107,Thống kê kinh tế,A00; A01; D01; D07,2024,XTKH1,25.5,30,,180.0
7310107,Thống kê kinh tế,A00; A01; D01; D07,2024,XTKH2,21.25,30,,180.0
7310107,Thống kê kinh tế,A00; A01; D01; D07,2025,Chuẩn,26.79,30,,100.0
7310107,Thống kê kinh tế,A00; A01; D01; D07,2026,Chuẩn,27.29,30,,50.0
7310108,Toán kinh tế,A00; A01; D01; D07,2015,Chuẩn,22.25,30,,
7310108,Toán kinh tế,A00; A01; D01; D07,2016,Chuẩn,20.64,30,,
7310108,Toán kinh tế,A00; A01; D01; D07,2017,Chuẩn,23.25,30,,
7310108,Toán kinh tế,A00; A01; D01; D07,2018,Chuẩn,21.45,30,,
7310108,Toán kinh tế,A00; A01; D01; D07,2019,Chuẩn,24.15,30,,
7310108,Toán kinh tế,A00; A01; D01; D07,2020,Chuẩn,26.45,30,,
7310108,Toán kinh tế,A00; A01; D01; D07,2021,Chuẩn,27.4,30,,
7310108,Toán kinh tế,A00; A01; D01; D07,2022,Chuẩn,27.15,30,,65.0
7310108,Toán kinh tế,A00; A01; D01; D07,2022,XTKH1,24.0,30,,65.0
7310108,Toán kinh tế,A00; A01; D01; D07,2022,XTKH2,21.1,30,,65.0
7310108,Toán kinh tế,A00; A01; D01; D07,2022,XTKH3,24.92,30,,65.0
7310108,Toán kinh tế,A00; A01; D01; D07,2022,XTKH4,28.9,30,,65.0
7310108,Toán kinh tế,A00; A01; D01; D07,2022,XTKH5,26.75,30,,65.0
7310108,Toán kinh tế,A00; A01; D01; D07,2022,XTKH6,27.25,30,,65.0
7310108,Toán kinh tế,A00; A01; D01; D07,2023,Chuẩn,35.95,40,môn Toán hệ số 2,50.0
7310108,Toán kinh tế,A00; A01; D01; D07,2023,XTKH1,23.06,30,,50.0
7310108,Toán kinh tế,A00; A01; D01; D07,2023,XTKH2,20.3,30,,50.0
7310108,Toán kinh tế,A00; A01; D01; D07,2023,XTKH3,25.36,30,,50.0
7310108,Toán kinh tế,A00; A01; D01; D07,2024,Chuẩn,36.2,40,môn Toán hệ số 2,60.0
7310108,Toán kinh tế,A00; A01; D01; D07,2024,XTKH1,25.69,30,,60.0
7310108,Toán kinh tế,A00; A01; D01; D07,2024,XTKH2,21.8,30,,60.0
7310108,Toán kinh tế,A00; A01; D01; D07,2025,Chuẩn,26.73,30,,50.0
7310108,Toán kinh tế,A00; A01; D01; D07,2026,Chuẩn,27.22,30,,50.0
7320108,Quan hệ công chúng,A01; D01; C03; C04,2018,Chuẩn,24.0,30,,
7320108,Quan hệ công chúng,A01; D01; C03; C04,2019,Chuẩn,25.5,30,,
7320108,Quan hệ công chúng,A01; D01; C03; C04,2020,Chuẩn,26.1,30,,
7320108,Quan hệ công chúng,A01; D01; C03; C04,2021,Chuẩn,28.1,30,,
7320108,Quan hệ công chúng,A01; D01; C03; C04,2022,Chuẩn,28.6,30,,65.0
7320108,Quan hệ công chúng,A01; D01; C03; C04,2022,XTKH1,25.81,30,,65.0
7320108,Quan hệ công chúng,A01; D01; C03; C04,2022,XTKH2,22.45,30,,65.0
7320108,Quan hệ công chúng,A01; D01; C03; C04,2022,XTKH3,26.98,30,,65.0
7320108,Quan hệ công chúng,A01; D01; C03; C04,2022,XTKH4,31.25,30,,65.0
7320108,Quan hệ công chúng,A01; D01; C03; C04,2022,XTKH5,27.9,30,,65.0
7320108,Quan hệ công chúng,A01; D01; C03; C04,2022,XTKH6,28.4,30,,65.0
7320108,Quan hệ công chúng,A01; D01; C03; C04,2023,Chuẩn,27.2,30,,60.0
7320108,Quan hệ công chúng,A01; D01; C03; C04,2023,XTKH1,25.88,30,,60.0
7320108,Quan hệ công chúng,A01; D01; C03; C04,2023,XTKH2,22.3,30,,60.0
7320108,Quan hệ công chúng,A01; D01; C03; C04,2023,XTKH3,27.4,30,,60.0
7320108,Quan hệ công chúng,A01; D01; C03; C04,2024,Chuẩn,28.18,30,,60.0
7320108,Quan hệ công chúng,A01; D01; C03; C04,2024,XTKH1,27.89,30,,60.0
7320108,Quan hệ công chúng,A01; D01; C03; C04,2024,XTKH2,23.37,30,,60.0
7320108,Quan hệ công chúng,A01; D01; C03; C04,2025,Chuẩn,28.07,30,,50.0
7320108,Quan hệ công chúng,A01; D01; C03; C04,2026,Chuẩn,27.58,30,,50.0
7340101,Quản trị kinh doanh,A00; A01; D01; D07,2015,Chuẩn,24.25,30,,
7340101,Quản trị kinh doanh,A00; A01; D01; D07,2016,Chuẩn,24.06,30,,
7340101,Quản trị kinh doanh,A00; A01; D01; D07,2017,Chuẩn,26.25,30,,
7340101,Quản trị kinh doanh,A00; A01; D01; D07,2018,Chuẩn,23.0,30,,
7340101,Quản trị kinh doanh,A00; A01; D01; D07,2019,Chuẩn,25.25,30,,
7340101,Quản trị kinh doanh,A00; A01; D01; D07,2020,Chuẩn,27.2,30,,
7340101,Quản trị kinh doanh,A00; A01; D01; D07,2021,Chuẩn,27.55,30,,
7340101,Quản trị kinh doanh,A00; A01; D01; D07,2022,Chuẩn,27.45,30,,385.0
7340101,Quản trị kinh doanh,A00; A01; D01; D07,2022,XTKH1,25.13,30,,385.0
7340101,Quản trị kinh doanh,A00; A01; D01; D07,2022,XTKH2,22.15,30,,385.0
7340101,Quản trị kinh doanh,A00; A01; D01; D07,2022,XTKH3,26.07,30,,385.0
7340101,Quản trị kinh doanh,A00; A01; D01; D07,2022,XTKH4,30.65,30,,385.0
7340101,Quản trị kinh doanh,A00; A01; D01; D07,2022,XTKH5,27.38,30,,385.0
7340101,Quản trị kinh doanh,A00; A01; D01; D07,2022,XTKH6,28.0,30,,385.0
7340101,Quản trị kinh doanh,A00; A01; D01; D07,2023,Chuẩn,27.25,30,,280.0
7340101,Quản trị kinh doanh,A00; A01; D01; D07,2023,XTKH1,25.47,30,,280.0
7340101,Quản trị kinh doanh,A00; A01; D01; D07,2023,XTKH2,21.45,30,,280.0
7340101,Quản trị kinh doanh,A00; A01; D01; D07,2023,XTKH3,26.77,30,,280.0
7340101,Quản trị kinh doanh,A00; A01; D01; D07,2024,Chuẩn,27.15,30,,280.0
7340101,Quản trị kinh doanh,A00; A01; D01; D07,2024,XTKH1,27.38,30,,280.0
7340101,Quản trị kinh doanh,A00; A01; D01; D07,2024,XTKH2,22.53,30,,280.0
7340101,Quản trị kinh doanh,A00; A01; D01; D07,2025,Chuẩn,27.1,30,,180.0
7340101,Quản trị kinh doanh,A00; A01; D01; D07,2026,Chuẩn,26.85,30,,180.0
7340115,Marketing,A00; A01; D01; D07,2015,Chuẩn,24.25,30,,
7340115,Marketing,A00; A01; D01; D07,2016,Chuẩn,24.09,30,,
7340115,Marketing,A00; A01; D01; D07,2017,Chuẩn,26.5,30,,
7340115,Marketing,A00; A01; D01; D07,2018,Chuẩn,23.6,30,,
7340115,Marketing,A00; A01; D01; D07,2019,Chuẩn,25.6,30,,
7340115,Marketing,A00; A01; D01; D07,2020,Chuẩn,27.55,30,,
7340115,Marketing,A00; A01; D01; D07,2021,Chuẩn,28.15,30,,
7340115,Marketing,A00; A01; D01; D07,2022,Chuẩn,28.0,30,,250.0
7340115,Marketing,A00; A01; D01; D07,2022,XTKH1,26.06,30,,250.0
7340115,Marketing,A00; A01; D01; D07,2022,XTKH2,23.18,30,,250.0
7340115,Marketing,A00; A01; D01; D07,2022,XTKH3,27.08,30,,250.0
7340115,Marketing,A00; A01; D01; D07,2022,XTKH4,31.55,30,,250.0
7340115,Marketing,A00; A01; D01; D07,2022,XTKH5,27.98,30,,250.0
7340115,Marketing,A00; A01; D01; D07,2022,XTKH6,28.7,30,,250.0
7340115,Marketing,A00; A01; D01; D07,2023,Chuẩn,27.55,30,,180.0
7340115,Marketing,A00; A01; D01; D07,2023,XTKH1,26.81,30,,180.0
7340115,Marketing,A00; A01; D01; D07,2023,XTKH2,22.3,30,,180.0
7340115,Marketing,A00; A01; D01; D07,2023,XTKH3,27.45,30,,180.0
7340115,Marketing,A00; A01; D01; D07,2024,Chuẩn,27.78,30,,180.0
7340115,Marketing,A00; A01; D01; D07,2024,XTKH1,28.13,30,,180.0
7340115,Marketing,A00; A01; D01; D07,2024,XTKH2,23.67,30,,180.0
7340115,Marketing,A00; A01; D01; D07,2025,Chuẩn,28.12,30,,150.0
7340115,Marketing,A00; A01; D01; D07,2026,Chuẩn,27.99,30,,100.0
7340116,Bất động sản,A00; A01; D01; D07,2015,Chuẩn,20.75,30,,
7340116,Bất động sản,A00; A01; D01; D07,2016,Chuẩn,22.05,30,,
7340116,Bất động sản,A00; A01; D01; D07,2017,Chuẩn,24.25,30,,
7340116,Bất động sản,A00; A01; D01; D07,2018,Chuẩn,21.5,30,,
7340116,Bất động sản,A00; A01; D01; D07,2019,Chuẩn,23.85,30,,
7340116,Bất động sản,A00; A01; D01; D07,2020,Chuẩn,25.1,30,,
7340116,Bất động sản,A00; A01; D01; D07,2021,Chuẩn,27.2,30,,
7340116,Bất động sản,A00; A01; D01; D07,2022,Chuẩn,26.65,30,,150.0
7340116,Bất động sản,A00; A01; D01; D07,2022,XTKH1,23.06,30,,150.0
7340116,Bất động sản,A00; A01; D01; D07,2022,XTKH2,20.75,30,,150.0
7340116,Bất động sản,A00; A01; D01; D07,2022,XTKH3,24.07,30,,150.0
7340116,Bất động sản,A00; A01; D01; D07,2022,XTKH4,28.85,30,,150.0
7340116,Bất động sản,A00; A01; D01; D07,2022,XTKH5,26.68,30,,150.0
7340116,Bất động sản,A00; A01; D01; D07,2022,XTKH6,26.75,30,,150.0
7340116,Bất động sản,A00; A01; D01; D07,2023,Chuẩn,26.4,30,,130.0
7340116,Bất động sản,A00; A01; D01; D07,2023,XTKH1,23.06,30,,130.0
7340116,Bất động sản,A00; A01; D01; D07,2023,XTKH2,19.5,30,,130.0
7340116,Bất động sản,A00; A01; D01; D07,2023,XTKH3,25.28,30,,130.0
7340116,Bất động sản,A00; A01; D01; D07,2024,Chuẩn,26.83,30,,130.0
7340116,Bất động sản,A00; A01; D01; D07,2024,XTKH1,25.13,30,,130.0
7340116,Bất động sản,A00; A01; D01; D07,2024,XTKH2,20.9,30,,130.0
7340116,Bất động sản,A00; A01; D01; D07,2025,Chuẩn,25.41,30,,70.0
7340116,Bất động sản,A00; A01; D01; D07,2026,Chuẩn,25.36,30,,70.0
7340120,Kinh doanh quốc tế,A00; A01; D01; D07,2015,Chuẩn,24.0,30,,
7340120,Kinh doanh quốc tế,A00; A01; D01; D07,2016,Chuẩn,24.81,30,,
7340120,Kinh doanh quốc tế,A00; A01; D01; D07,2017,Chuẩn,26.75,30,,
7340120,Kinh doanh quốc tế,A00; A01; D01; D07,2018,Chuẩn,24.25,30,,
7340120,Kinh doanh quốc tế,A00; A01; D01; D07,2019,Chuẩn,26.15,30,,
7340120,Kinh doanh quốc tế,A00; A01; D01; D07,2020,Chuẩn,27.8,30,,
7340120,Kinh doanh quốc tế,A00; A01; D01; D07,2021,Chuẩn,28.25,30,,
7340120,Kinh doanh quốc tế,A00; A01; D01; D07,2022,Chuẩn,28.0,30,,135.0
7340120,Kinh doanh quốc tế,A00; A01; D01; D07,2022,XTKH1,27.56,30,,135.0
7340120,Kinh doanh quốc tế,A00; A01; D01; D07,2022,XTKH2,23.45,30,,135.0
7340120,Kinh doanh quốc tế,A00; A01; D01; D07,2022,XTKH3,28.05,30,,135.0
7340120,Kinh doanh quốc tế,A00; A01; D01; D07,2022,XTKH4,32.4,30,,135.0
7340120,Kinh doanh quốc tế,A00; A01; D01; D07,2022,XTKH5,28.23,30,,135.0
7340120,Kinh doanh quốc tế,A00; A01; D01; D07,2022,XTKH6,29.1,30,,135.0
7340120,Kinh doanh quốc tế,A00; A01; D01; D07,2023,Chuẩn,27.5,30,,120.0
7340120,Kinh doanh quốc tế,A00; A01; D01; D07,2023,XTKH1,28.13,30,,120.0
7340120,Kinh doanh quốc tế,A00; A01; D01; D07,2023,XTKH2,23.43,30,,120.0
7340120,Kinh doanh quốc tế,A00; A01; D01; D07,2023,XTKH3,27.76,30,,120.0
7340120,Kinh doanh quốc tế,A00; A01; D01; D07,2024,Chuẩn,27.71,30,,120.0
7340120,Kinh doanh quốc tế,A00; A01; D01; D07,2024,XTKH1,28.88,30,,120.0
7340120,Kinh doanh quốc tế,A00; A01; D01; D07,2024,XTKH2,24.7,30,,120.0
7340120,Kinh doanh quốc tế,A00; A01; D01; D07,2025,Chuẩn,28.6,30,,100.0
7340120,Kinh doanh quốc tế,A00; A01; D01; D07,2026,Chuẩn,28.5,30,,100.0
7340121,Kinh doanh thương mại,A00; A01; D01; D07,2015,Chuẩn,23.25,30,,
7340121,Kinh doanh thương mại,A00; A01; D01; D07,2016,Chuẩn,23.76,30,,
7340121,Kinh doanh thương mại,A00; A01; D01; D07,2017,Chuẩn,26.0,30,,
7340121,Kinh doanh thương mại,A00; A01; D01; D07,2018,Chuẩn,23.15,30,,
7340121,Kinh doanh thương mại,A00; A01; D01; D07,2019,Chuẩn,25.1,30,,
7340121,Kinh doanh thương mại,A00; A01; D01; D07,2020,Chuẩn,26.1,30,,
7340121,Kinh doanh thương mại,A00; A01; D01; D07,2021,Chuẩn,27.9,30,,
7340121,Kinh doanh thương mại,A00; A01; D01; D07,2022,Chuẩn,27.7,30,,200.0
7340121,Kinh doanh thương mại,A00; A01; D01; D07,2022,XTKH1,25.0,30,,200.0
7340121,Kinh doanh thương mại,A00; A01; D01; D07,2022,XTKH2,22.65,30,,200.0
7340121,Kinh doanh thương mại,A00; A01; D01; D07,2022,XTKH3,26.4,30,,200.0
7340121,Kinh doanh thương mại,A00; A01; D01; D07,2022,XTKH4,30.95,30,,200.0
7340121,Kinh doanh thương mại,A00; A01; D01; D07,2022,XTKH5,27.65,30,,200.0
7340121,Kinh doanh thương mại,A00; A01; D01; D07,2022,XTKH6,28.25,30,,200.0
7340121,Kinh doanh thương mại,A00; A01; D01; D07,2023,Chuẩn,27.35,30,,120.0
7340121,Kinh doanh thương mại,A00; A01; D01; D07,2023,XTKH1,26.06,30,,120.0
7340121,Kinh doanh thương mại,A00; A01; D01; D07,2023,XTKH2,22.43,30,,120.0
7340121,Kinh doanh thương mại,A00; A01; D01; D07,2023,XTKH3,27.06,30,,120.0
7340121,Kinh doanh thương mại,A00; A01; D01; D07,2024,Chuẩn,27.57,30,,120.0
7340121,Kinh doanh thương mại,A00; A01; D01; D07,2024,XTKH1,27.94,30,,120.0
7340121,Kinh doanh thương mại,A00; A01; D01; D07,2024,XTKH2,23.64,30,,120.0
7340121,Kinh doanh thương mại,A00; A01; D01; D07,2025,Chuẩn,28.0,30,,100.0
7340121,Kinh doanh thương mại,A00; A01; D01; D07,2026,Chuẩn,27.94,30,,100.0
7340122,Thương mại điện tử,A00; A01; D01; D07,2018,Chuẩn,23.25,30,,
7340122,Thương mại điện tử,A00; A01; D01; D07,2019,Chuẩn,25.6,30,,
7340122,Thương mại điện tử,A00; A01; D01; D07,2020,Chuẩn,27.65,30,,
7340122,Thương mại điện tử,A00; A01; D01; D07,2021,Chuẩn,28.1,30,,
7340122,Thương mại điện tử,A00; A01; D01; D07,2022,Chuẩn,28.1,30,,65.0
7340122,Thương mại điện tử,A00; A01; D01; D07,2022,XTKH1,26.25,30,,65.0
7340122,Thương mại điện tử,A00; A01; D01; D07,2022,XTKH2,23.3,30,,65.0
7340122,Thương mại điện tử,A00; A01; D01; D07,2022,XTKH3,27.98,30,,65.0
7340122,Thương mại điện tử,A00; A01; D01; D07,2022,XTKH4,31.75,30,,65.0
7340122,Thương mại điện tử,A00; A01; D01; D07,2022,XTKH5,28.42,30,,65.0
7340122,Thương mại điện tử,A00; A01; D01; D07,2022,XTKH6,28.9,30,,65.0
7340122,Thương mại điện tử,A00; A01; D01; D07,2023,Chuẩn,27.65,30,,60.0
7340122,Thương mại điện tử,A00; A01; D01; D07,2023,XTKH1,27.0,30,,60.0
7340122,Thương mại điện tử,A00; A01; D01; D07,2023,XTKH2,23.28,30,,60.0
7340122,Thương mại điện tử,A00; A01; D01; D07,2023,XTKH3,27.9,30,,60.0
7340122,Thương mại điện tử,A00; A01; D01; D07,2024,Chuẩn,28.02,30,,60.0
7340122,Thương mại điện tử,A00; A01; D01; D07,2024,XTKH1,28.73,30,,60.0
7340122,Thương mại điện tử,A00; A01; D01; D07,2024,XTKH2,24.4,30,,60.0
7340122,Thương mại điện tử,A00; A01; D01; D07,2025,Chuẩn,28.83,30,,50.0
7340122,Thương mại điện tử,A00; A01; D01; D07,2026,Chuẩn,28.62,30,,50.0
7340201,Tài chính – Ngân hàng,A00; A01; D01; D07,2022,Chuẩn,27.25,30,,505.0
7340201,Tài chính – Ngân hàng,A00; A01; D01; D07,2022,XTKH1,25.88,30,,505.0
7340201,Tài chính – Ngân hàng,A00; A01; D01; D07,2022,XTKH2,21.65,30,,505.0
7340201,Tài chính – Ngân hàng,A00; A01; D01; D07,2022,XTKH3,26.07,30,,505.0
7340201,Tài chính – Ngân hàng,A00; A01; D01; D07,2022,XTKH4,30.3,30,,505.0
7340201,Tài chính – Ngân hàng,A00; A01; D01; D07,2022,XTKH5,27.2,30,,505.0
7340201,Tài chính – Ngân hàng,A00; A01; D01; D07,2022,XTKH6,27.85,30,,505.0
7340201,Tài chính – Ngân hàng,A00; A01; D01; D07,2023,Chuẩn,27.1,30,,320.0
7340201,Tài chính – Ngân hàng,A00; A01; D01; D07,2023,XTKH1,25.69,30,,320.0
7340201,Tài chính – Ngân hàng,A00; A01; D01; D07,2023,XTKH2,21.0,30,,320.0
7340201,Tài chính – Ngân hàng,A00; A01; D01; D07,2023,XTKH3,26.55,30,,320.0
7340201,Tài chính – Ngân hàng,A00; A01; D01; D07,2024,Chuẩn,27.3,30,,320.0
7340201,Tài chính – Ngân hàng,A00; A01; D01; D07,2024,XTKH1,27.94,30,,320.0
7340201,Tài chính – Ngân hàng,A00; A01; D01; D07,2024,XTKH2,22.73,30,,320.0
7340201,Tài chính – Ngân hàng,A00; A01; D01; D07,2025,Chuẩn,27.34,30,,280.0
7340201,Tài chính – Ngân hàng,A00; A01; D01; D07,2026,Chuẩn,27.43,30,,230.0
7340204,Bảo hiểm,A00; A01; D01; D07,2015,Chuẩn,21.5,30,,
7340204,Bảo hiểm,A00; A01; D01; D07,2016,Chuẩn,21.75,30,,
7340204,Bảo hiểm,A00; A01; D01; D07,2017,Chuẩn,24.0,30,,
7340204,Bảo hiểm,A00; A01; D01; D07,2018,Chuẩn,21.35,30,,
7340204,Bảo hiểm,A00; A01; D01; D07,2019,Chuẩn,23.35,30,,
7340204,Bảo hiểm,A00; A01; D01; D07,2020,Chuẩn,25.1,30,,
7340204,Bảo hiểm,A00; A01; D01; D07,2021,Chuẩn,27.0,30,,
7340204,Bảo hiểm,A00; A01; D01; D07,2022,Chuẩn,26.4,30,,200.0
7340204,Bảo hiểm,A00; A01; D01; D07,2022,XTKH1,24.56,30,,200.0
7340204,Bảo hiểm,A00; A01; D01; D07,2022,XTKH2,20.05,30,,200.0
7340204,Bảo hiểm,A00; A01; D01; D07,2022,XTKH3,23.13,30,,200.0
7340204,Bảo hiểm,A00; A01; D01; D07,2022,XTKH4,28.25,30,,200.0
7340204,Bảo hiểm,A00; A01; D01; D07,2022,XTKH5,25.87,30,,200.0
7340204,Bảo hiểm,A00; A01; D01; D07,2022,XTKH6,26.1,30,,200.0
7340204,Bảo hiểm,A00; A01; D01; D07,2023,Chuẩn,26.4,30,,180.0
7340204,Bảo hiểm,A00; A01; D01; D07,2023,XTKH1,22.88,30,,180.0
7340204,Bảo hiểm,A00; A01; D01; D07,2023,XTKH2,18.2,30,,180.0
7340204,Bảo hiểm,A00; A01; D01; D07,2023,XTKH3,24.86,30,,180.0
7340204,Bảo hiểm,A00; A01; D01; D07,2024,Chuẩn,26.71,30,,180.0
7340204,Bảo hiểm,A00; A01; D01; D07,2024,XTKH1,24.56,30,,180.0
7340204,Bảo hiểm,A00; A01; D01; D07,2024,XTKH2,20.25,30,,180.0
7340204,Bảo hiểm,A00; A01; D01; D07,2025,Chuẩn,24.75,30,,80.0
7340204,Bảo hiểm,A00; A01; D01; D07,2026,Chuẩn,25.35,30,,80.0
7340205,Công nghệ tài chính,A00; A01; D01; D07,2026,Chuẩn,27.52,30,,50.0
7340301,Kế toán,A00; A01; D01; D07,2015,Chuẩn,25.75,30,,
7340301,Kế toán,A00; A01; D01; D07,2016,Chuẩn,25.5,30,,
7340301,Kế toán,A00; A01; D01; D07,2017,Chuẩn,27.0,30,,
7340301,Kế toán,A00; A01; D01; D07,2018,Chuẩn,23.6,30,,
7340301,Kế toán,A00; A01; D01; D07,2019,Chuẩn,25.35,30,,
7340301,Kế toán,A00; A01; D01; D07,2020,Chuẩn,27.15,30,,
7340301,Kế toán,A00; A01; D01; D07,2021,Chuẩn,27.65,30,,
7340301,Kế toán,A00; A01; D01; D07,2022,Chuẩn,27.4,30,,345.0
7340301,Kế toán,A00; A01; D01; D07,2022,XTKH1,23.31,30,,345.0
7340301,Kế toán,A00; A01; D01; D07,2022,XTKH2,21.85,30,,345.0
7340301,Kế toán,A00; A01; D01; D07,2022,XTKH3,25.67,30,,345.0
7340301,Kế toán,A00; A01; D01; D07,2022,XTKH4,29.95,30,,345.0
7340301,Kế toán,A00; A01; D01; D07,2022,XTKH5,27.3,30,,345.0
7340301,Kế toán,A00; A01; D01; D07,2022,XTKH6,27.8,30,,345.0
7340301,Kế toán,A00; A01; D01; D07,2023,Chuẩn,27.05,30,,240.0
7340301,Kế toán,A00; A01; D01; D07,2023,XTKH1,23.7,30,,240.0
7340301,Kế toán,A00; A01; D01; D07,2023,XTKH2,21.15,30,,240.0
7340301,Kế toán,A00; A01; D01; D07,2023,XTKH3,26.27,30,,240.0
7340301,Kế toán,A00; A01; D01; D07,2024,Chuẩn,27.29,30,,240.0
7340301,Kế toán,A00; A01; D01; D07,2024,XTKH1,27.0,30,,240.0
7340301,Kế toán,A00; A01; D01; D07,2024,XTKH2,22.45,30,,240.0
7340301,Kế toán,A00; A01; D01; D07,2025,Chuẩn,27.1,30,,150.0
7340301,Kế toán,A00; A01; D01; D07,2026,Chuẩn,27.3,30,,150.0
7340302,Kiểm toán,A00; A01; D01; D07,2015,Chuẩn,25.75,30,,
7340302,Kiểm toán,A00; A01; D01; D07,2016,Chuẩn,25.5,30,,
7340302,Kiểm toán,A00; A01; D01; D07,2017,Chuẩn,27.0,30,,
7340302,Kiểm toán,A00; A01; D01; D07,2018,Chuẩn,23.9,30,,
7340302,Kiểm toán,A00; A01; D01; D07,2019,Chuẩn,26.0,30,,
7340302,Kiểm toán,A00; A01; D01; D07,2020,Chuẩn,26.1,30,,
7340302,Kiểm toán,A00; A01; D01; D07,2021,Chuẩn,28.1,30,,
7340302,Kiểm toán,A00; A01; D01; D07,2022,Chuẩn,28.15,30,,130.0
7340302,Kiểm toán,A00; A01; D01; D07,2022,XTKH1,26.06,30,,130.0
7340302,Kiểm toán,A00; A01; D01; D07,2022,XTKH2,22.95,30,,130.0
7340302,Kiểm toán,A00; A01; D01; D07,2022,XTKH3,27.4,30,,130.0
7340302,Kiểm toán,A00; A01; D01; D07,2022,XTKH4,31.2,30,,130.0
7340302,Kiểm toán,A00; A01; D01; D07,2022,XTKH5,28.13,30,,130.0
7340302,Kiểm toán,A00; A01; D01; D07,2022,XTKH6,28.9,30,,130.0
7340302,Kiểm toán,A00; A01; D01; D07,2023,Chuẩn,27.2,30,,120.0
7340302,Kiểm toán,A00; A01; D01; D07,2023,XTKH1,27.56,30,,120.0
7340302,Kiểm toán,A00; A01; D01; D07,2023,XTKH2,22.7,30,,120.0
7340302,Kiểm toán,A00; A01; D01; D07,2023,XTKH3,27.17,30,,120.0
7340302,Kiểm toán,A00; A01; D01; D07,2024,Chuẩn,27.79,30,,120.0
7340302,Kiểm toán,A00; A01; D01; D07,2024,XTKH1,28.37,30,,120.0
7340302,Kiểm toán,A00; A01; D01; D07,2024,XTKH2,23.96,30,,120.0
7340302,Kiểm toán,A00; A01; D01; D07,2025,Chuẩn,28.38,30,,100.0
7340302,Kiểm toán,A00; A01; D01; D07,2026,Chuẩn,28.84,30,,50.0
7340401,Khoa học quản lý,A00; A01; D01; D07,2018,Chuẩn,21.25,30,,
7340401,Khoa học quản lý,A00; A01; D01; D07,2019,Chuẩn,23.6,30,,
7340401,Khoa học quản lý,A00; A01; D01; D07,2020,Chuẩn,26.25,30,,
7340401,Khoa học quản lý,A00; A01; D01; D07,2021,Chuẩn,27.2,30,,
7340401,Khoa học quản lý,A00; A01; D01; D07,2022,Chuẩn,26.85,30,,155.0
7340401,Khoa học quản lý,A00; A01; D01; D07,2022,XTKH1,23.25,30,,155.0
7340401,Khoa học quản lý,A00; A01; D01; D07,2022,XTKH2,20.3,30,,155.0
7340401,Khoa học quản lý,A00; A01; D01; D07,2022,XTKH3,23.47,30,,155.0
7340401,Khoa học quản lý,A00; A01; D01; D07,2022,XTKH4,28.0,30,,155.0
7340401,Khoa học quản lý,A00; A01; D01; D07,2022,XTKH5,26.05,30,,155.0
7340401,Khoa học quản lý,A00; A01; D01; D07,2022,XTKH6,26.15,30,,155.0
7340401,Khoa học quản lý,A00; A01; D01; D07,2023,Chuẩn,27.05,30,,130.0
7340401,Khoa học quản lý,A00; A01; D01; D07,2023,XTKH1,23.44,30,,130.0
7340401,Khoa học quản lý,A00; A01; D01; D07,2023,XTKH2,18.2,30,,130.0
7340401,Khoa học quản lý,A00; A01; D01; D07,2023,XTKH3,25.11,30,,130.0
7340401,Khoa học quản lý,A00; A01; D01; D07,2024,Chuẩn,27.1,30,,130.0
7340401,Khoa học quản lý,A00; A01; D01; D07,2024,XTKH1,24.93,30,,130.0
7340401,Khoa học quản lý,A00; A01; D01; D07,2024,XTKH2,20.75,30,,130.0
7340401,Khoa học quản lý,A00; A01; D01; D07,2025,Chuẩn,26.06,30,,90.0
7340401,Khoa học quản lý,A00; A01; D01; D07,2026,Chuẩn,26.3,30,,90.0
7340403,Quản lý công,A00; A01; D01; D07,2018,Chuẩn,20.75,30,,
7340403,Quản lý công,A00; A01; D01; D07,2019,Chuẩn,23.35,30,,
7340403,Quản lý công,A00; A01; D01; D07,2020,Chuẩn,25.1,30,,
7340403,Quản lý công,A00; A01; D01; D07,2021,Chuẩn,27.2,30,,
7340403,Quản lý công,A00; A01; D01; D07,2022,Chuẩn,26.6,30,,95.0
7340403,Quản lý công,A00; A01; D01; D07,2022,XTKH1,23.38,30,,95.0
7340403,Quản lý công,A00; A01; D01; D07,2022,XTKH2,20.1,30,,95.0
7340403,Quản lý công,A00; A01; D01; D07,2022,XTKH3,22.97,30,,95.0
7340403,Quản lý công,A00; A01; D01; D07,2022,XTKH4,27.9,30,,95.0
7340403,Quản lý công,A00; A01; D01; D07,2022,XTKH5,26.17,30,,95.0
7340403,Quản lý công,A00; A01; D01; D07,2022,XTKH6,26.25,30,,95.0
7340403,Quản lý công,A00; A01; D01; D07,2023,Chuẩn,26.75,30,,70.0
7340403,Quản lý công,A00; A01; D01; D07,2023,XTKH1,23.25,30,,70.0
7340403,Quản lý công,A00; A01; D01; D07,2023,XTKH2,18.0,30,,70.0
7340403,Quản lý công,A00; A01; D01; D07,2023,XTKH3,24.75,30,,70.0
7340403,Quản lý công,A00; A01; D01; D07,2024,Chuẩn,26.96,30,,70.0
7340403,Quản lý công,A00; A01; D01; D07,2024,XTKH1,24.56,30,,70.0
7340403,Quản lý công,A00; A01; D01; D07,2024,XTKH2,20.25,30,,70.0
7340403,Quản lý công,A00; A01; D01; D07,2025,Chuẩn,25.42,30,,50.0
7340403,Quản lý công,A00; A01; D01; D07,2026,Chuẩn,25.37,30,,50.0
7340404,Quản trị nhân lực,A00; A01; D01; D07,2015,Chuẩn,23.5,30,,
7340404,Quản trị nhân lực,A00; A01; D01; D07,2016,Chuẩn,23.31,30,,
7340404,Quản trị nhân lực,A00; A01; D01; D07,2017,Chuẩn,25.75,30,,
7340404,Quản trị nhân lực,A00; A01; D01; D07,2018,Chuẩn,22.85,30,,
7340404,Quản trị nhân lực,A00; A01; D01; D07,2019,Chuẩn,24.9,30,,
7340404,Quản trị nhân lực,A00; A01; D01; D07,2020,Chuẩn,26.1,30,,
7340404,Quản trị nhân lực,A00; A01; D01; D07,2021,Chuẩn,27.7,30,,
7340404,Quản trị nhân lực,A00; A01; D01; D07,2022,Chuẩn,27.45,30,,135.0
7340404,Quản trị nhân lực,A00; A01; D01; D07,2022,XTKH1,24.75,30,,135.0
7340404,Quản trị nhân lực,A00; A01; D01; D07,2022,XTKH2,21.9,30,,135.0
7340404,Quản trị nhân lực,A00; A01; D01; D07,2022,XTKH3,26.13,30,,135.0
7340404,Quản trị nhân lực,A00; A01; D01; D07,2022,XTKH4,30.8,30,,135.0
7340404,Quản trị nhân lực,A00; A01; D01; D07,2022,XTKH5,27.25,30,,135.0
7340404,Quản trị nhân lực,A00; A01; D01; D07,2022,XTKH6,27.85,30,,135.0
7340404,Quản trị nhân lực,A00; A01; D01; D07,2023,Chuẩn,27.1,30,,120.0
7340404,Quản trị nhân lực,A00; A01; D01; D07,2023,XTKH1,24.2,30,,120.0
7340404,Quản trị nhân lực,A00; A01; D01; D07,2023,XTKH2,21.25,30,,120.0
7340404,Quản trị nhân lực,A00; A01; D01; D07,2023,XTKH3,26.72,30,,120.0
7340404,Quản trị nhân lực,A00; A01; D01; D07,2024,Chuẩn,27.25,30,,120.0
7340404,Quản trị nhân lực,A00; A01; D01; D07,2024,XTKH1,27.0,30,,120.0
7340404,Quản trị nhân lực,A00; A01; D01; D07,2024,XTKH2,22.48,30,,120.0
7340404,Quản trị nhân lực,A00; A01; D01; D07,2025,Chuẩn,27.1,30,,90.0
7340404,Quản trị nhân lực,A00; A01; D01; D07,2026,Chuẩn,27.25,30,,70.0
7340405,Hệ thống thông tin quản lý,A00; A01; D01; D07,2015,Chuẩn,21.5,30,,
7340405,Hệ thống thông tin quản lý,A00; A01; D01; D07,2016,Chuẩn,22.35,30,,
7340405,Hệ thống thông tin quản lý,A00; A01; D01; D07,2017,Chuẩn,24.25,30,,
7340405,Hệ thống thông tin quản lý,A00; A01; D01; D07,2018,Chuẩn,22.0,30,,
7340405,Hệ thống thông tin quản lý,A00; A01; D01; D07,2019,Chuẩn,24.3,30,,
7340405,Hệ thống thông tin quản lý,A00; A01; D01; D07,2020,Chuẩn,25.1,30,,
7340405,Hệ thống thông tin quản lý,A00; A01; D01; D07,2021,Chuẩn,27.5,30,,
7340405,Hệ thống thông tin quản lý,A00; A01; D01; D07,2022,Chuẩn,27.5,30,,135.0
7340405,Hệ thống thông tin quản lý,A00; A01; D01; D07,2022,XTKH1,23.63,30,,135.0
7340405,Hệ thống thông tin quản lý,A00; A01; D01; D07,2022,XTKH2,21.6,30,,135.0
7340405,Hệ thống thông tin quản lý,A00; A01; D01; D07,2022,XTKH3,25.38,30,,135.0
7340405,Hệ thống thông tin quản lý,A00; A01; D01; D07,2022,XTKH4,29.15,30,,135.0
7340405,Hệ thống thông tin quản lý,A00; A01; D01; D07,2022,XTKH5,26.85,30,,135.0
7340405,Hệ thống thông tin quản lý,A00; A01; D01; D07,2022,XTKH6,27.7,30,,135.0
7340405,Hệ thống thông tin quản lý,A00; A01; D01; D07,2023,Chuẩn,36.15,40,môn Toán hệ số 2,120.0
7340405,Hệ thống thông tin quản lý,A00; A01; D01; D07,2023,XTKH1,23.84,30,,120.0
7340405,Hệ thống thông tin quản lý,A00; A01; D01; D07,2023,XTKH2,21.25,30,,120.0
7340405,Hệ thống thông tin quản lý,A00; A01; D01; D07,2023,XTKH3,25.5,30,,120.0
7340405,Hệ thống thông tin quản lý,A00; A01; D01; D07,2024,Chuẩn,36.36,40,môn Toán hệ số 2,120.0
7340405,Hệ thống thông tin quản lý,A00; A01; D01; D07,2024,XTKH1,26.38,30,,120.0
7340405,Hệ thống thông tin quản lý,A00; A01; D01; D07,2024,XTKH2,22.13,30,,120.0
7340405,Hệ thống thông tin quản lý,A00; A01; D01; D07,2025,Chuẩn,27.5,30,,100.0
7340405,Hệ thống thông tin quản lý,A00; A01; D01; D07,2026,Chuẩn,28.01,30,,100.0
7340408,Quan hệ lao động,A00; A01; D01; D07,2025,Chuẩn,25.0,30,,50.0
7340408,Quan hệ lao động,A00; A01; D01; D07,2026,Chuẩn,25.52,30,,40.0
7340409,Quản lý dự án,A00; A01; D01; B00,2018,Chuẩn,22.0,30,,
7340409,Quản lý dự án,A00; A01; D01; B00,2019,Chuẩn,24.4,30,,
7340409,Quản lý dự án,A00; A01; D01; B00,2020,Chuẩn,25.1,30,,
7340409,Quản lý dự án,A00; A01; D01; B00,2021,Chuẩn,27.5,30,,
7340409,Quản lý dự án,A00; A01; D01; B00,2022,Chuẩn,27.3,30,,65.0
7340409,Quản lý dự án,A00; A01; D01; B00,2022,XTKH1,23.13,30,,65.0
7340409,Quản lý dự án,A00; A01; D01; B00,2022,XTKH2,20.65,30,,65.0
7340409,Quản lý dự án,A00; A01; D01; B00,2022,XTKH3,24.6,30,,65.0
7340409,Quản lý dự án,A00; A01; D01; B00,2022,XTKH4,29.0,30,,65.0
7340409,Quản lý dự án,A00; A01; D01; B00,2022,XTKH5,26.7,30,,65.0
7340409,Quản lý dự án,A00; A01; D01; B00,2022,XTKH6,27.25,30,,65.0
7340409,Quản lý dự án,A00; A01; D01; B00,2023,Chuẩn,27.15,30,,60.0
7340409,Quản lý dự án,A00; A01; D01; B00,2023,XTKH1,24.0,30,,60.0
7340409,Quản lý dự án,A00; A01; D01; B00,2023,XTKH2,19.4,30,,60.0
7340409,Quản lý dự án,A00; A01; D01; B00,2023,XTKH3,25.5,30,,60.0
7340409,Quản lý dự án,A00; A01; D01; B00,2024,Chuẩn,27.15,30,,60.0
7340409,Quản lý dự án,A00; A01; D01; B00,2024,XTKH1,26.44,30,,60.0
7340409,Quản lý dự án,A00; A01; D01; B00,2024,XTKH2,21.48,30,,60.0
7340409,Quản lý dự án,A00; A01; D01; B00,2025,Chuẩn,26.63,30,,50.0
7340409,Quản lý dự án,A00; A01; D01; B00,2026,Chuẩn,26.67,30,,50.0
7380101,Luật,A00; A01; D01; D07,2019,Chuẩn,23.1,30,,
7380101,Luật,A00; A01; D01; D07,2020,Chuẩn,25.1,30,,
7380101,Luật,A00; A01; D01; D07,2021,Chuẩn,27.1,30,,
7380101,Luật,A00; A01; D01; D07,2022,Chuẩn,26.3,30,,75.0
7380101,Luật,A00; A01; D01; D07,2022,XTKH1,26.81,30,,75.0
7380101,Luật,A00; A01; D01; D07,2022,XTKH2,20.65,30,,75.0
7380101,Luật,A00; A01; D01; D07,2022,XTKH3,24.92,30,,75.0
7380101,Luật,A00; A01; D01; D07,2022,XTKH4,29.75,30,,75.0
7380101,Luật,A00; A01; D01; D07,2022,XTKH5,26.85,30,,75.0
7380101,Luật,A00; A01; D01; D07,2022,XTKH6,26.8,30,,75.0
7380101,Luật,A00; A01; D01; D07,2023,Chuẩn,26.6,30,,60.0
7380101,Luật,A00; A01; D01; D07,2023,XTKH1,23.44,30,,60.0
7380101,Luật,A00; A01; D01; D07,2023,XTKH2,20.0,30,,60.0
7380101,Luật,A00; A01; D01; D07,2023,XTKH3,25.76,30,,60.0
7380101,Luật,A00; A01; D01; D07,2024,Chuẩn,26.91,30,,60.0
7380101,Luật,A00; A01; D01; D07,2024,XTKH1,26.06,30,,60.0
7380101,Luật,A00; A01; D01; D07,2024,XTKH2,21.53,30,,60.0
7380101,Luật,A00; A01; D01; D07,2025,Chuẩn,25.96,30,,50.0
7380101,Luật,A00; A01; D01; D07,2026,Chuẩn,25.52,30,,50.0
7380107,Luật kinh tế,A00; A01; D01; D07,2015,Chuẩn,23.25,30,,
7380107,Luật kinh tế,A00; A01; D01; D07,2016,Chuẩn,22.92,30,,
7380107,Luật kinh tế,A00; A01; D01; D07,2017,Chuẩn,25.0,30,,
7380107,Luật kinh tế,A00; A01; D01; D07,2018,Chuẩn,22.35,30,,
7380107,Luật kinh tế,A00; A01; D01; D07,2019,Chuẩn,24.5,30,,
7380107,Luật kinh tế,A00; A01; D01; D07,2020,Chuẩn,25.1,30,,
7380107,Luật kinh tế,A00; A01; D01; D07,2021,Chuẩn,27.35,30,,
7380107,Luật kinh tế,A00; A01; D01; D07,2022,Chuẩn,27.0,30,,180.0
7380107,Luật kinh tế,A00; A01; D01; D07,2022,XTKH1,23.25,30,,180.0
7380107,Luật kinh tế,A00; A01; D01; D07,2022,XTKH2,21.38,30,,180.0
7380107,Luật kinh tế,A00; A01; D01; D07,2022,XTKH3,25.52,30,,180.0
7380107,Luật kinh tế,A00; A01; D01; D07,2022,XTKH4,30.2,30,,180.0
7380107,Luật kinh tế,A00; A01; D01; D07,2022,XTKH5,27.03,30,,180.0
7380107,Luật kinh tế,A00; A01; D01; D07,2022,XTKH6,27.55,30,,180.0
7380107,Luật kinh tế,A00; A01; D01; D07,2023,Chuẩn,26.85,30,,120.0
7380107,Luật kinh tế,A00; A01; D01; D07,2023,XTKH1,24.75,30,,120.0
7380107,Luật kinh tế,A00; A01; D01; D07,2023,XTKH2,20.6,30,,120.0
7380107,Luật kinh tế,A00; A01; D01; D07,2023,XTKH3,26.1,30,,120.0
7380107,Luật kinh tế,A00; A01; D01; D07,2024,Chuẩn,27.02,30,,120.0
7380107,Luật kinh tế,A00; A01; D01; D07,2024,XTKH1,27.1,30,,120.0
7380107,Luật kinh tế,A00; A01; D01; D07,2024,XTKH2,22.27,30,,120.0
7380107,Luật kinh tế,A00; A01; D01; D07,2025,Chuẩn,26.75,30,,80.0
7380107,Luật kinh tế,A00; A01; D01; D07,2026,Chuẩn,26.62,30,,80.0
7380109,Luật thương mại quốc tế,A00; A01; D01; D07,2025,Chuẩn,26.44,30,,50.0
7380109,Luật thương mại quốc tế,A00; A01; D01; D07,2026,Chuẩn,26.38,30,,50.0
7480101,Khoa học máy tính,A00; A01; D01; D07,2015,Chuẩn,22.5,30,,
7480101,Khoa học máy tính,A00; A01; D01; D07,2016,Chuẩn,22.95,30,,
7480101,Khoa học máy tính,A00; A01; D01; D07,2017,Chuẩn,24.5,30,,
7480101,Khoa học máy tính,A00; A01; D01; D07,2018,Chuẩn,21.5,30,,
7480101,Khoa học máy tính,A00; A01; D01; D07,2019,Chuẩn,23.7,30,,
7480101,Khoa học máy tính,A00; A01; D01; D07,2020,Chuẩn,25.1,30,,
7480101,Khoa học máy tính,A00; A01; D01; D07,2021,Chuẩn,27.0,30,,
7480101,Khoa học máy tính,A00; A01; D01; D07,2022,Chuẩn,26.7,30,,75.0
7480101,Khoa học máy tính,A00; A01; D01; D07,2022,XTKH1,27.56,30,,75.0
7480101,Khoa học máy tính,A00; A01; D01; D07,2022,XTKH2,22.3,30,,75.0
7480101,Khoa học máy tính,A00; A01; D01; D07,2022,XTKH3,26.13,30,,75.0
7480101,Khoa học máy tính,A00; A01; D01; D07,2022,XTKH4,29.55,30,,75.0
7480101,Khoa học máy tính,A00; A01; D01; D07,2022,XTKH5,27.0,30,,75.0
7480101,Khoa học máy tính,A00; A01; D01; D07,2022,XTKH6,27.45,30,,75.0
7480101,Khoa học máy tính,A00; A01; D01; D07,2023,Chuẩn,35.35,40,môn Toán hệ số 2,60.0
7480101,Khoa học máy tính,A00; A01; D01; D07,2023,XTKH1,25.31,30,,60.0
7480101,Khoa học máy tính,A00; A01; D01; D07,2023,XTKH2,21.0,30,,60.0
7480101,Khoa học máy tính,A00; A01; D01; D07,2023,XTKH3,25.8,30,,60.0
7480101,Khoa học máy tính,A00; A01; D01; D07,2024,Chuẩn,35.55,40,môn Toán hệ số 2,60.0
7480101,Khoa học máy tính,A00; A01; D01; D07,2024,XTKH1,27.75,30,,60.0
7480101,Khoa học máy tính,A00; A01; D01; D07,2024,XTKH2,22.22,30,,60.0
7480101,Khoa học máy tính,A00; A01; D01; D07,2025,Chuẩn,26.27,30,,50.0
7480101,Khoa học máy tính,A00; A01; D01; D07,2026,Chuẩn,26.19,30,,50.0
7480104,Hệ thống thông tin*,A00; A01; D01; D07,2024,Chuẩn,35.94,40,môn Toán hệ số 2,60.0
7480104,Hệ thống thông tin*,A00; A01; D01; D07,2024,XTKH1,25.69,30,,60.0
7480104,Hệ thống thông tin*,A00; A01; D01; D07,2024,XTKH2,21.05,30,,60.0
7480104,Hệ thống thông tin*,A00; A01; D01; D07,2025,Chuẩn,26.38,30,,50.0
7480104,Hệ thống thông tin,A00; A01; D01; D07,2026,Chuẩn,27.09,30,,50.0
7480201,Công nghệ thông tin,A00; A01; D01; D07,2018,Chuẩn,21.75,30,,
7480201,Công nghệ thông tin,A00; A01; D01; D07,2019,Chuẩn,24.1,30,,
7480201,Công nghệ thông tin,A00; A01; D01; D07,2020,Chuẩn,25.1,30,,
7480201,Công nghệ thông tin,A00; A01; D01; D07,2021,Chuẩn,27.3,30,,
7480201,Công nghệ thông tin,A00; A01; D01; D07,2022,Chuẩn,27.0,30,,140.0
7480201,Công nghệ thông tin,A00; A01; D01; D07,2022,XTKH1,25.5,30,,140.0
7480201,Công nghệ thông tin,A00; A01; D01; D07,2022,XTKH2,22.45,30,,140.0
7480201,Công nghệ thông tin,A00; A01; D01; D07,2022,XTKH3,25.98,30,,140.0
7480201,Công nghệ thông tin,A00; A01; D01; D07,2022,XTKH4,29.65,30,,140.0
7480201,Công nghệ thông tin,A00; A01; D01; D07,2022,XTKH5,27.07,30,,140.0
7480201,Công nghệ thông tin,A00; A01; D01; D07,2022,XTKH6,27.55,30,,140.0
7480201,Công nghệ thông tin,A00; A01; D01; D07,2023,Chuẩn,35.3,40,môn Toán hệ số 2,180.0
7480201,Công nghệ thông tin,A00; A01; D01; D07,2023,XTKH1,21.67,30,,180.0
7480201,Công nghệ thông tin,A00; A01; D01; D07,2023,XTKH2,21.05,30,,180.0
7480201,Công nghệ thông tin,A00; A01; D01; D07,2023,XTKH3,25.46,30,,180.0
7480201,Công nghệ thông tin,A00; A01; D01; D07,2024,Chuẩn,35.17,40,môn Toán hệ số 2,180.0
7480201,Công nghệ thông tin,A00; A01; D01; D07,2024,XTKH1,25.13,30,,180.0
7480201,Công nghệ thông tin,A00; A01; D01; D07,2024,XTKH2,22.0,30,,180.0
7480201,Công nghệ thông tin,A00; A01; D01; D07,2025,Chuẩn,25.89,30,,100.0
7480201,Công nghệ thông tin,A00; A01; D01; D07,2026,Chuẩn,25.68,30,,100.0
7480202,An toàn thông tin*,A00; A01; D01; D07,2024,Chuẩn,35.0,40,môn Toán hệ số 2,60.0
7480202,An toàn thông tin*,A00; A01; D01; D07,2024,XTKH1,27.0,30,,60.0
7480202,An toàn thông tin*,A00; A01; D01; D07,2024,XTKH2,21.48,30,,60.0
7480202,An toàn thông tin*,A00; A01; D01; D07,2025,Chuẩn,25.59,30,,50.0
7480202,An toàn thông tin,A00; A01; D01; D07,2026,Chuẩn,26.0,30,,50.0
7510605,Logistics và Quản lý chuỗi cung ứng,A00; A01; D01; D07,2018,Chuẩn,23.85,30,,
7510605,Logistics và Quản lý chuỗi cung ứng,A00; A01; D01; D07,2019,Chuẩn,26.0,30,,
7510605,Logistics và Quản lý chuỗi cung ứng,A00; A01; D01; D07,2020,Chuẩn,28.0,30,,
7510605,Logistics và Quản lý chuỗi cung ứng,A00; A01; D01; D07,2021,Chuẩn,28.3,30,,
7510605,Logistics và Quản lý chuỗi cung ứng,A00; A01; D01; D07,2022,Chuẩn,28.2,30,,125.0
7510605,Logistics và Quản lý chuỗi cung ứng,A00; A01; D01; D07,2022,XTKH1,25.88,30,,125.0
7510605,Logistics và Quản lý chuỗi cung ứng,A00; A01; D01; D07,2022,XTKH2,23.85,30,,125.0
7510605,Logistics và Quản lý chuỗi cung ứng,A00; A01; D01; D07,2022,XTKH3,28.18,30,,125.0
7510605,Logistics và Quản lý chuỗi cung ứng,A00; A01; D01; D07,2022,XTKH4,32.0,30,,125.0
7510605,Logistics và Quản lý chuỗi cung ứng,A00; A01; D01; D07,2022,XTKH5,28.43,30,,125.0
7510605,Logistics và Quản lý chuỗi cung ứng,A00; A01; D01; D07,2022,XTKH6,29.3,30,,125.0
7510605,Logistics và Quản lý chuỗi cung ứng,A00; A01; D01; D07,2023,Chuẩn,27.4,30,,120.0
7510605,Logistics và Quản lý chuỗi cung ứng,A00; A01; D01; D07,2023,XTKH1,27.28,30,,120.0
7510605,Logistics và Quản lý chuỗi cung ứng,A00; A01; D01; D07,2023,XTKH2,24.0,30,,120.0
7510605,Logistics và Quản lý chuỗi cung ứng,A00; A01; D01; D07,2023,XTKH3,27.35,30,,120.0
7510605,Logistics và Quản lý chuỗi cung ứng,A00; A01; D01; D07,2024,Chuẩn,27.89,30,,120.0
7510605,Logistics và Quản lý chuỗi cung ứng,A00; A01; D01; D07,2024,XTKH1,28.31,30,,120.0
7510605,Logistics và Quản lý chuỗi cung ứng,A00; A01; D01; D07,2024,XTKH2,24.55,30,,120.0
7510605,Logistics và Quản lý chuỗi cung ứng,A00; A01; D01; D07,2025,Chuẩn,28.61,30,,100.0
7510605,Logistics và Quản lý chuỗi cung ứng,A00; A01; D01; D07,2026,Chuẩn,28.53,30,,100.0
7620114,Kinh doanh nông nghiệp,A00; A01; D01; B00,2021,Chuẩn,26.9,30,,
7620114,Kinh doanh nông nghiệp,A00; A01; D01; B00,2022,Chuẩn,26.1,30,,80.0
7620114,Kinh doanh nông nghiệp,A00; A01; D01; B00,2022,XTKH2,19.5,30,,80.0
7620114,Kinh doanh nông nghiệp,A00; A01; D01; B00,2022,XTKH3,22.47,30,,80.0
7620114,Kinh doanh nông nghiệp,A00; A01; D01; B00,2022,XTKH4,28.15,30,,80.0
7620114,Kinh doanh nông nghiệp,A00; A01; D01; B00,2022,XTKH5,25.55,30,,80.0
7620114,Kinh doanh nông nghiệp,A00; A01; D01; B00,2022,XTKH6,26.1,30,,80.0
7620114,Kinh doanh nông nghiệp,A00; A01; D01; B00,2023,Chuẩn,26.6,30,,80.0
7620114,Kinh doanh nông nghiệp,A00; A01; D01; B00,2023,XTKH2,18.05,30,,80.0
7620114,Kinh doanh nông nghiệp,A00; A01; D01; B00,2023,XTKH3,24.4,30,,80.0
7620114,Kinh doanh nông nghiệp,A00; A01; D01; B00,2024,Chuẩn,26.81,30,,80.0
7620114,Kinh doanh nông nghiệp,A00; A01; D01; B00,2024,XTKH1,26.15,30,,80.0
7620114,Kinh doanh nông nghiệp,A00; A01; D01; B00,2024,XTKH2,19.33,30,,80.0
7620114,Kinh doanh nông nghiệp,A00; A01; D01; B00,2025,Chuẩn,23.75,30,,50.0
7620114,Kinh doanh nông nghiệp,A00; A01; D01; B00,2026,Chuẩn,24.75,30,,50.0
7620115,Kinh tế nông nghiệp,A00; A01; D01; B00,2015,Chuẩn,21.0,30,,
7620115,Kinh tế nông nghiệp,A00; A01; D01; B00,2016,Chuẩn,21.51,30,,
7620115,Kinh tế nông nghiệp,A00; A01; D01; B00,2017,Chuẩn,23.75,30,,
7620115,Kinh tế nông nghiệp,A00; A01; D01; B00,2018,Chuẩn,20.75,30,,
7620115,Kinh tế nông nghiệp,A00; A01; D01; B00,2019,Chuẩn,22.6,30,,
7620115,Kinh tế nông nghiệp,A00; A01; D01; B00,2020,Chuẩn,25.65,30,,
7620115,Kinh tế nông nghiệp,A00; A01; D01; B00,2021,Chuẩn,26.95,30,,
7620115,Kinh tế nông nghiệp,A00; A01; D01; B00,2022,Chuẩn,26.1,30,,100.0
7620115,Kinh tế nông nghiệp,A00; A01; D01; B00,2022,XTKH2,19.65,30,,100.0
7620115,Kinh tế nông nghiệp,A00; A01; D01; B00,2022,XTKH3,22.98,30,,100.0
7620115,Kinh tế nông nghiệp,A00; A01; D01; B00,2022,XTKH4,27.85,30,,100.0
7620115,Kinh tế nông nghiệp,A00; A01; D01; B00,2022,XTKH5,25.58,30,,100.0
7620115,Kinh tế nông nghiệp,A00; A01; D01; B00,2022,XTKH6,26.1,30,,100.0
7620115,Kinh tế nông nghiệp,A00; A01; D01; B00,2023,Chuẩn,26.2,30,,80.0
7620115,Kinh tế nông nghiệp,A00; A01; D01; B00,2023,XTKH1,26.25,30,,80.0
7620115,Kinh tế nông nghiệp,A00; A01; D01; B00,2023,XTKH2,18.0,30,,80.0
7620115,Kinh tế nông nghiệp,A00; A01; D01; B00,2023,XTKH3,24.4,30,,80.0
7620115,Kinh tế nông nghiệp,A00; A01; D01; B00,2024,Chuẩn,26.85,30,,80.0
7620115,Kinh tế nông nghiệp,A00; A01; D01; B00,2024,XTKH1,24.38,30,,80.0
7620115,Kinh tế nông nghiệp,A00; A01; D01; B00,2024,XTKH2,19.33,30,,80.0
7620115,Kinh tế nông nghiệp,A00; A01; D01; B00,2025,Chuẩn,24.35,30,,50.0
7620115,Kinh tế nông nghiệp,A00; A01; D01; B00,2026,Chuẩn,24.59,30,,50.0
7810103,Quản trị dịch vụ du lịch và lữ hành,A00; A01; D01; D07,2015,Chuẩn,23.0,30,,
7810103,Quản trị dịch vụ du lịch và lữ hành,A00; A01; D01; D07,2016,Chuẩn,23.1,30,,
7810103,Quản trị dịch vụ du lịch và lữ hành,A00; A01; D01; D07,2017,Chuẩn,25.25,30,,
7810103,Quản trị dịch vụ du lịch và lữ hành,A00; A01; D01; D07,2018,Chuẩn,22.75,30,,
7810103,Quản trị dịch vụ du lịch và lữ hành,A00; A01; D01; D07,2019,Chuẩn,24.85,30,,
7810103,Quản trị dịch vụ du lịch và lữ hành,A00; A01; D01; D07,2020,Chuẩn,26.7,30,,
7810103,Quản trị dịch vụ du lịch và lữ hành,A00; A01; D01; D07,2021,Chuẩn,27.2,30,,
7810103,Quản trị dịch vụ du lịch và lữ hành,A00; A01; D01; D07,2022,Chuẩn,26.85,30,,135.0
7810103,Quản trị dịch vụ du lịch và lữ hành,A00; A01; D01; D07,2022,XTKH2,20.65,30,,135.0
7810103,Quản trị dịch vụ du lịch và lữ hành,A00; A01; D01; D07,2022,XTKH3,23.73,30,,135.0
7810103,Quản trị dịch vụ du lịch và lữ hành,A00; A01; D01; D07,2022,XTKH4,28.95,30,,135.0
7810103,Quản trị dịch vụ du lịch và lữ hành,A00; A01; D01; D07,2022,XTKH5,26.53,30,,135.0
7810103,Quản trị dịch vụ du lịch và lữ hành,A00; A01; D01; D07,2022,XTKH6,26.95,30,,135.0
7810103,Quản trị dịch vụ du lịch và lữ hành,A00; A01; D01; D07,2023,Chuẩn,26.75,30,,120.0
7810103,Quản trị dịch vụ du lịch và lữ hành,A00; A01; D01; D07,2023,XTKH1,25.31,30,,120.0
7810103,Quản trị dịch vụ du lịch và lữ hành,A00; A01; D01; D07,2023,XTKH2,19.45,30,,120.0
7810103,Quản trị dịch vụ du lịch và lữ hành,A00; A01; D01; D07,2023,XTKH3,25.2,30,,120.0
7810103,Quản trị dịch vụ du lịch và lữ hành,A00; A01; D01; D07,2024,Chuẩn,26.71,30,,120.0
7810103,Quản trị dịch vụ du lịch và lữ hành,A00; A01; D01; D07,2024,XTKH1,26.06,30,,120.0
7810103,Quản trị dịch vụ du lịch và lữ hành,A00; A01; D01; D07,2024,XTKH2,21.2,30,,120.0
7810103,Quản trị dịch vụ du lịch và lữ hành,A00; A01; D01; D07,2025,Chuẩn,26.06,30,,60.0
7810103,Quản trị dịch vụ du lịch và lữ hành,A00; A01; D01; D07,2026,Chuẩn,25.79,30,,60.0
7810201,Quản trị khách sạn,A00; A01; D01; D07,2015,Chuẩn,23.25,30,,
7810201,Quản trị khách sạn,A00; A01; D01; D07,2016,Chuẩn,23.34,30,,
7810201,Quản trị khách sạn,A00; A01; D01; D07,2017,Chuẩn,26.0,30,,
7810201,Quản trị khách sạn,A00; A01; D01; D07,2018,Chuẩn,23.15,30,,
7810201,Quản trị khách sạn,A00; A01; D01; D07,2019,Chuẩn,25.4,30,,
7810201,Quản trị khách sạn,A00; A01; D01; D07,2020,Chuẩn,27.25,30,,
7810201,Quản trị khách sạn,A00; A01; D01; D07,2021,Chuẩn,27.35,30,,
7810201,Quản trị khách sạn,A00; A01; D01; D07,2022,Chuẩn,26.85,30,,75.0
7810201,Quản trị khách sạn,A00; A01; D01; D07,2022,XTKH1,23.81,30,,75.0
7810201,Quản trị khách sạn,A00; A01; D01; D07,2022,XTKH2,21.3,30,,75.0
7810201,Quản trị khách sạn,A00; A01; D01; D07,2022,XTKH3,25.67,30,,75.0
7810201,Quản trị khách sạn,A00; A01; D01; D07,2022,XTKH4,30.0,30,,75.0
7810201,Quản trị khách sạn,A00; A01; D01; D07,2022,XTKH5,25.72,30,,75.0
7810201,Quản trị khách sạn,A00; A01; D01; D07,2022,XTKH6,27.55,30,,75.0
7810201,Quản trị khách sạn,A00; A01; D01; D07,2023,Chuẩn,26.75,30,,60.0
7810201,Quản trị khách sạn,A00; A01; D01; D07,2023,XTKH1,22.75,30,,60.0
7810201,Quản trị khách sạn,A00; A01; D01; D07,2023,XTKH2,20.45,30,,60.0
7810201,Quản trị khách sạn,A00; A01; D01; D07,2023,XTKH3,25.86,30,,60.0
7810201,Quản trị khách sạn,A00; A01; D01; D07,2024,Chuẩn,26.94,30,,60.0
7810201,Quản trị khách sạn,A00; A01; D01; D07,2024,XTKH1,26.25,30,,60.0
7810201,Quản trị khách sạn,A00; A01; D01; D07,2024,XTKH2,21.9,30,,60.0
7810201,Quản trị khách sạn,A00; A01; D01; D07,2025,Chuẩn,26.25,30,,50.0
7810201,Quản trị khách sạn,A00; A01; D01; D07,2026,Chuẩn,26.08,30,,50.0
7850101,Quản lý tài nguyên và môi trường,A00; A01; D01; D07,2018,Chuẩn,20.5,30,,
7850101,Quản lý tài nguyên và môi trường,A00; A01; D01; D07,2019,Chuẩn,22.65,30,,
7850101,Quản lý tài nguyên và môi trường,A00; A01; D01; D07,2020,Chuẩn,25.6,30,,
7850101,Quản lý tài nguyên và môi trường,A00; A01; D01; D07,2021,Chuẩn,26.9,30,,
7850101,Quản lý tài nguyên và môi trường,A00; A01; D01; D07,2022,Chuẩn,26.1,30,,110.0
7850101,Quản lý tài nguyên và môi trường,A00; A01; D01; D07,2022,XTKH1,25.88,30,,110.0
7850101,Quản lý tài nguyên và môi trường,A00; A01; D01; D07,2022,XTKH2,19.35,30,,110.0
7850101,Quản lý tài nguyên và môi trường,A00; A01; D01; D07,2022,XTKH3,22.13,30,,110.0
7850101,Quản lý tài nguyên và môi trường,A00; A01; D01; D07,2022,XTKH4,27.7,30,,110.0
7850101,Quản lý tài nguyên và môi trường,A00; A01; D01; D07,2022,XTKH5,25.57,30,,110.0
7850101,Quản lý tài nguyên và môi trường,A00; A01; D01; D07,2022,XTKH6,26.2,30,,110.0
7850101,Quản lý tài nguyên và môi trường,A00; A01; D01; D07,2023,Chuẩn,26.4,30,,75.0
7850101,Quản lý tài nguyên và môi trường,A00; A01; D01; D07,2023,XTKH1,22.69,30,,75.0
7850101,Quản lý tài nguyên và môi trường,A00; A01; D01; D07,2023,XTKH2,18.05,30,,75.0
7850101,Quản lý tài nguyên và môi trường,A00; A01; D01; D07,2023,XTKH3,24.41,30,,75.0
7850101,Quản lý tài nguyên và môi trường,A00; A01; D01; D07,2024,Chuẩn,26.76,30,,60.0
7850101,Quản lý tài nguyên và môi trường,A00; A01; D01; D07,2024,XTKH1,24.38,30,,60.0
7850101,Quản lý tài nguyên và môi trường,A00; A01; D01; D07,2024,XTKH2,19.75,30,,60.0
7850101,Quản lý tài nguyên và môi trường,A00; A01; D01; D07,2025,Chuẩn,24.17,30,,50.0
7850101,Quản lý tài nguyên và môi trường,A00; A01; D01; D07,2026,Chuẩn,24.2,30,,50.0
7850102,Kinh tế tài nguyên thiên nhiên,A00; A01; D01; B00,2015,Chuẩn,23.0,30,,
7850102,Kinh tế tài nguyên thiên nhiên,A00; A01; D01; B00,2016,Chuẩn,21.0,30,,
7850102,Kinh tế tài nguyên thiên nhiên,A00; A01; D01; B00,2017,Chuẩn,24.25,30,,
7850102,Kinh tế tài nguyên thiên nhiên,A00; A01; D01; B00,2018,Chuẩn,20.75,30,,
7850102,Kinh tế tài nguyên thiên nhiên,A00; A01; D01; B00,2019,Chuẩn,22.3,30,,
7850102,Kinh tế tài nguyên thiên nhiên,A00; A01; D01; B00,2020,Chuẩn,25.6,30,,
7850102,Kinh tế tài nguyên thiên nhiên,A00; A01; D01; B00,2021,Chuẩn,26.95,30,,
7850102,Kinh tế tài nguyên thiên nhiên,A00; A01; D01; B00,2022,Chuẩn,26.1,30,,120.0
7850102,Kinh tế tài nguyên thiên nhiên,A00; A01; D01; B00,2022,XTKH2,19.35,30,,120.0
7850102,Kinh tế tài nguyên thiên nhiên,A00; A01; D01; B00,2022,XTKH3,22.53,30,,120.0
7850102,Kinh tế tài nguyên thiên nhiên,A00; A01; D01; B00,2022,XTKH4,27.3,30,,120.0
7850102,Kinh tế tài nguyên thiên nhiên,A00; A01; D01; B00,2022,XTKH5,25.5,30,,120.0
7850102,Kinh tế tài nguyên thiên nhiên,A00; A01; D01; B00,2022,XTKH6,26.2,30,,120.0
7850102,Kinh tế tài nguyên thiên nhiên,A00; A01; D01; B00,2023,Chuẩn,26.35,30,,80.0
7850102,Kinh tế tài nguyên thiên nhiên,A00; A01; D01; B00,2023,XTKH2,18.05,30,,80.0
7850102,Kinh tế tài nguyên thiên nhiên,A00; A01; D01; B00,2023,XTKH3,24.36,30,,80.0
7850102,Kinh tế tài nguyên thiên nhiên,A00; A01; D01; B00,2024,Chuẩn,26.87,30,,80.0
7850102,Kinh tế tài nguyên thiên nhiên,A00; A01; D01; B00,2024,XTKH1,24.38,30,,80.0
7850102,Kinh tế tài nguyên thiên nhiên,A00; A01; D01; B00,2024,XTKH2,19.33,30,,80.0
7850102,Kinh tế tài nguyên thiên nhiên,A00; A01; D01; B00,2025,Chuẩn,23.5,30,,50.0
7850102,Kinh tế tài nguyên thiên nhiên,A00; A01; D01; B00,2026,Chuẩn,24.38,30,,50.0
7850103,Quản lý đất đai,A00; A01; D01; D07,2018,Chuẩn,20.5,30,,
7850103,Quản lý đất đai,A00; A01; D01; D07,2019,Chuẩn,22.5,30,,
7850103,Quản lý đất đai,A00; A01; D01; D07,2020,Chuẩn,24.1,30,,
7850103,Quản lý đất đai,A00; A01; D01; D07,2021,Chuẩn,27.5,30,,
7850103,Quản lý đất đai,A00; A01; D01; D07,2022,Chuẩn,26.2,30,,90.0
7850103,Quản lý đất đai,A00; A01; D01; D07,2022,XTKH2,19.6,30,,90.0
7850103,Quản lý đất đai,A00; A01; D01; D07,2022,XTKH3,21.85,30,,90.0
7850103,Quản lý đất đai,A00; A01; D01; D07,2022,XTKH4,27.5,30,,90.0
7850103,Quản lý đất đai,A00; A01; D01; D07,2022,XTKH5,25.72,30,,90.0
7850103,Quản lý đất đai,A00; A01; D01; D07,2022,XTKH6,26.15,30,,90.0
7850103,Quản lý đất đai,A00; A01; D01; D07,2023,Chuẩn,26.55,30,,65.0
7850103,Quản lý đất đai,A00; A01; D01; D07,2023,XTKH2,18.0,30,,65.0
7850103,Quản lý đất đai,A00; A01; D01; D07,2023,XTKH3,24.51,30,,65.0
7850103,Quản lý đất đai,A00; A01; D01; D07,2024,Chuẩn,26.85,30,,65.0
7850103,Quản lý đất đai,A00; A01; D01; D07,2024,XTKH1,24.38,30,,65.0
7850103,Quản lý đất đai,A00; A01; D01; D07,2024,XTKH2,20.0,30,,65.0
7850103,Quản lý đất đai,A00; A01; D01; D07,2025,Chuẩn,24.38,30,,50.0
7850103,Quản lý đất đai,A00; A01; D01; D07,2026,Chuẩn,24.75,30,,50.0
CLC1,Kinh tế phát triển,A00; A01; D01; D07,2026,Chuẩn,25.28,30,,220.0
CLC2,Kinh tế Đầu tư,A00; A01; D01; D07,2026,Chuẩn,24.83,30,,585.0
CLC3,Quản trị Kinh doanh quốc tế,A00; A01; D01; D07,2026,Chuẩn,25.89,30,,1900.0
EBBA,Quản trị kinh doanh (E0BBA),A00; A01; D01; D07,2015,Chuẩn,22.25,30,,
EBBA,Quản trị kinh doanh (E0BBA),A00; A01; D01; D07,2016,Chuẩn,23.07,30,,
EBBA,Quản trị kinh doanh (E0BBA),A00; A01; D01; D07,2017,Chuẩn,25.25,30,,
EBBA,Quản trị kinh doanh (E0BBA),A00; A01; D01; D07,2018,Chuẩn,22.1,30,,
EBBA,Quản trị kinh doanh (E0BBA),A00; A01; D01; D07,2019,Chuẩn,24.25,30,,
EBBA,Quản trị kinh doanh (E0BBA),A00; A01; D01; D07,2020,Chuẩn,26.25,30,,
EBBA,Quản trị kinh doanh (E0BBA),A00; A01; D01; D07,2021,Chuẩn,27.05,30,,
EBBA,Quản trị kinh doanh (E0BBA),A00; A01; D01; D07,2022,Chuẩn,26.8,30,,160.0
EBBA,Quản trị kinh doanh (E0BBA),A00; A01; D01; D07,2022,XTKH1,24.19,30,,160.0
EBBA,Quản trị kinh doanh (E0BBA),A00; A01; D01; D07,2022,XTKH2,19.85,30,,160.0
EBBA,Quản trị kinh doanh (E0BBA),A00; A01; D01; D07,2022,XTKH3,25.5,30,,160.0
EBBA,Quản trị kinh doanh (E0BBA),A00; A01; D01; D07,2022,XTKH4,29.6,30,,160.0
EBBA,Quản trị kinh doanh (E0BBA),A00; A01; D01; D07,2022,XTKH5,26.28,30,,160.0
EBBA,Quản trị kinh doanh (E0BBA),A00; A01; D01; D07,2022,XTKH6,26.95,30,,160.0
EBBA,Quản trị kinh doanh (E0BBA),A00; A01; D01; D07,2023,Chuẩn,27.1,30,,160.0
EBBA,Quản trị kinh doanh (E0BBA),A00; A01; D01; D07,2023,XTKH1,23.44,30,,160.0
EBBA,Quản trị kinh doanh (E0BBA),A00; A01; D01; D07,2023,XTKH2,18.8,30,,160.0
EBBA,Quản trị kinh doanh (E0BBA),A00; A01; D01; D07,2023,XTKH3,26.0,30,,160.0
EBBA,Quản trị kinh doanh (E0BBA),A00; A01; D01; D07,2024,Chuẩn,27.01,30,,160.0
EBBA,Quản trị kinh doanh (E0BBA),A00; A01; D01; D07,2024,XTKH1,26.63,30,,160.0
EBBA,Quản trị kinh doanh (E0BBA),A00; A01; D01; D07,2024,XTKH2,20.87,30,,160.0
EBBA,Quản trị kinh doanh (E0BBA),A00; A01; D01; D07,2025,Chuẩn,25.64,30,,110.0
EBBA,Quản trị kinh doanh (E-BBA),A00; A01; D01; D07,2026,Chuẩn,25.74,30,,110.0
EP01,Khởi nghiệp và phát triển kinh doanh (BBAE),A01; D01; D07; D09,2018,Chuẩn,28.0,30,,
EP01,Khởi nghiệp và phát triển kinh doanh (BBAE),A01; D01; D07; D09,2019,Chuẩn,31.0,30,,
EP01,Khởi nghiệp và phát triển kinh doanh (BBAE),A01; D01; D07; D09,2020,Chuẩn,33.35,30,,
EP01,Khởi nghiệp và phát triển kinh doanh (BBAE),A01; D01; D07; D09,2021,Chuẩn,36.45,30,,
EP01,Khởi nghiệp và phát triển kinh doanh (BBAE),A01; D01; D07; D09,2022,Chuẩn,34.9,30,,120.0
EP01,Khởi nghiệp và phát triển kinh doanh (BBAE),A01; D01; D07; D09,2022,XTKH1,23.94,30,,120.0
EP01,Khởi nghiệp và phát triển kinh doanh (BBAE),A01; D01; D07; D09,2022,XTKH2,18.9,30,,120.0
EP01,Khởi nghiệp và phát triển kinh doanh (BBAE),A01; D01; D07; D09,2022,XTKH3,23.72,30,,120.0
EP01,Khởi nghiệp và phát triển kinh doanh (BBAE),A01; D01; D07; D09,2022,XTKH4,27.55,30,,120.0
EP01,Khởi nghiệp và phát triển kinh doanh (BBAE),A01; D01; D07; D09,2022,XTKH5,25.53,30,,120.0
EP01,Khởi nghiệp và phát triển kinh doanh (BBAE),A01; D01; D07; D09,2022,XTKH6,32.03,30,,120.0
EP01,Khởi nghiệp và phát triển kinh doanh (BBAE),A01; D01; D07; D09,2023,Chuẩn,36.1,40,môn tiếng Anh hệ số 2,120.0
EP01,Khởi nghiệp và phát triển kinh doanh (BBAE),A01; D01; D07; D09,2023,XTKH1,23.0,30,,120.0
EP01,Khởi nghiệp và phát triển kinh doanh (BBAE),A01; D01; D07; D09,2023,XTKH2,18.0,30,,120.0
EP01,Khởi nghiệp và phát triển kinh doanh (BBAE),A01; D01; D07; D09,2023,XTKH3,24.56,30,,120.0
EP01,Khởi nghiệp và phát triển kinh doanh (BBAE),A01; D01; D07; D09,2024,Chuẩn,36.25,40,môn tiếng Anh hệ số 2,120.0
EP01,Khởi nghiệp và phát triển kinh doanh (BBAE),A01; D01; D07; D09,2024,XTKH1,24.38,30,,120.0
EP01,Khởi nghiệp và phát triển kinh doanh (BBAE),A01; D01; D07; D09,2024,XTKH2,19.45,30,,120.0
EP01,Khởi nghiệp và phát triển kinh doanh (BBAE),A01; D01; D07; D09,2025,Chuẩn,24.92,30,,90.0
EP01,Khởi nghiệp và phát triển kinh doanh (BBAE)/ngành QTKD,A01; D01; D07; D09,2026,Chuẩn,25.22,30,,90.0
EP02,Định phí Bảo hiểm & Quản trị rủi ro (Actuary),A00; A01; D01; D07,2018,Chuẩn,21.5,30,,
EP02,Định phí Bảo hiểm & Quản trị rủi ro (Actuary),A00; A01; D01; D07,2019,Chuẩn,23.5,30,,
EP02,Định phí Bảo hiểm & Quản trị rủi ro (Actuary),A00; A01; D01; D07,2020,Chuẩn,25.85,30,,
EP02,Định phí Bảo hiểm & Quản trị rủi ro (Actuary),A00; A01; D01; D07,2021,Chuẩn,26.95,30,,
EP02,Định phí Bảo hiểm & Quản trị rủi ro (Actuary),A00; A01; D01; D07,2022,Chuẩn,26.4,30,,40.0
EP02,Định phí Bảo hiểm & Quản trị rủi ro (Actuary),A00; A01; D01; D07,2022,XTKH1,27.94,30,,40.0
EP02,Định phí Bảo hiểm & Quản trị rủi ro (Actuary),A00; A01; D01; D07,2022,XTKH2,20.0,30,,40.0
EP02,Định phí Bảo hiểm & Quản trị rủi ro (Actuary),A00; A01; D01; D07,2022,XTKH3,25.73,30,,40.0
EP02,Định phí Bảo hiểm & Quản trị rủi ro (Actuary),A00; A01; D01; D07,2022,XTKH4,29.55,30,,40.0
EP02,Định phí Bảo hiểm & Quản trị rủi ro (Actuary),A00; A01; D01; D07,2022,XTKH5,26.42,30,,40.0
EP02,Định phí Bảo hiểm & Quản trị rủi ro (Actuary),A00; A01; D01; D07,2022,XTKH6,26.2,30,,40.0
EP02,Định phí Bảo hiểm & Quản trị rủi ro (Actuary),A00; A01; D01; D07,2023,Chuẩn,26.45,30,,80.0
EP02,Định phí Bảo hiểm & Quản trị rủi ro (Actuary),A00; A01; D01; D07,2023,XTKH1,26.81,30,,80.0
EP02,Định phí Bảo hiểm & Quản trị rủi ro (Actuary),A00; A01; D01; D07,2023,XTKH2,18.0,30,,80.0
EP02,Định phí Bảo hiểm & Quản trị rủi ro (Actuary),A00; A01; D01; D07,2023,XTKH3,25.15,30,,80.0
EP02,Định phí Bảo hiểm & Quản trị rủi ro (Actuary),A00; A01; D01; D07,2024,Chuẩn,26.57,30,,110.0
EP02,Định phí Bảo hiểm & Quản trị rủi ro (Actuary),A00; A01; D01; D07,2024,XTKH1,26.44,30,,110.0
EP02,Định phí Bảo hiểm & Quản trị rủi ro (Actuary),A00; A01; D01; D07,2024,XTKH2,20.78,30,,110.0
EP02,Định phí Bảo hiểm & Quản trị rủi ro (Actuary),A00; A01; D01; D07,2025,Chuẩn,25.5,30,,60.0
EP02,Khoa học tính toán trong Tài chính và Bảo hiểm,A00; A01; D01; D07,2026,Chuẩn,26.44,30,,50.0
EP03,Khoa học dữ liệu trong Kinh tế & Kinh doanh (DSEB),A00; A01; D01; D07,2019,Chuẩn,23.0,30,,
EP03,Khoa học dữ liệu trong Kinh tế & Kinh doanh (DSEB),A00; A01; D01; D07,2020,Chuẩn,25.8,30,,
EP03,Khoa học dữ liệu trong Kinh tế & Kinh doanh (DSEB),A00; A01; D01; D07,2021,Chuẩn,26.95,30,,
EP03,Khoa học dữ liệu trong Kinh tế & Kinh doanh (DSEB),A00; A01; D01; D07,2022,Chuẩn,26.5,30,,80.0
EP03,Khoa học dữ liệu trong Kinh tế & Kinh doanh (DSEB),A00; A01; D01; D07,2022,XTKH1,27.0,30,,80.0
EP03,Khoa học dữ liệu trong Kinh tế & Kinh doanh (DSEB),A00; A01; D01; D07,2022,XTKH2,21.4,30,,80.0
EP03,Khoa học dữ liệu trong Kinh tế & Kinh doanh (DSEB),A00; A01; D01; D07,2022,XTKH3,26.33,30,,80.0
EP03,Khoa học dữ liệu trong Kinh tế & Kinh doanh (DSEB),A00; A01; D01; D07,2022,XTKH4,30.45,30,,80.0
EP03,Khoa học dữ liệu trong Kinh tế & Kinh doanh (DSEB),A00; A01; D01; D07,2022,XTKH5,26.9,30,,80.0
EP03,Khoa học dữ liệu trong Kinh tế & Kinh doanh (DSEB),A00; A01; D01; D07,2022,XTKH6,27.5,30,,80.0
EP03,Khoa học dữ liệu trong Kinh tế & Kinh doanh (DSEB),A00; A01; D01; D07,2023,Chuẩn,26.85,30,,80.0
EP03,Khoa học dữ liệu trong Kinh tế & Kinh doanh (DSEB),A00; A01; D01; D07,2023,XTKH1,27.19,30,,80.0
EP03,Khoa học dữ liệu trong Kinh tế & Kinh doanh (DSEB),A00; A01; D01; D07,2023,XTKH2,20.05,30,,80.0
EP03,Khoa học dữ liệu trong Kinh tế & Kinh doanh (DSEB),A00; A01; D01; D07,2023,XTKH3,26.56,30,,80.0
EP03,Khoa học dữ liệu trong Kinh tế & Kinh doanh (DSEB),A00; A01; D01; D07,2024,Chuẩn,26.97,30,,120.0
EP03,Khoa học dữ liệu trong Kinh tế & Kinh doanh (DSEB),A00; A01; D01; D07,2024,XTKH1,28.01,30,,120.0
EP03,Khoa học dữ liệu trong Kinh tế & Kinh doanh (DSEB),A00; A01; D01; D07,2024,XTKH2,21.5,30,,120.0
EP03,Khoa học dữ liệu trong Kinh tế & Kinh doanh (DSEB),A00; A01; D01; D07,2025,Chuẩn,26.78,30,,100.0
EP03,Phân tích dữ liệu kinh tế (EDA),A00; A01; D01; D07,2026,Chuẩn,27.24,30,,90.0
EP04,Kế toán tích hợp chứng chỉ quốc tế (ACT0ICAEW),A00; A01; D01; D07,2019,Chuẩn,24.65,30,,
EP04,Kế toán tích hợp chứng chỉ quốc tế (ACT0ICAEW),A00; A01; D01; D07,2020,Chuẩn,26.5,30,,
EP04,Kế toán tích hợp chứng chỉ quốc tế (ACT0ICAEW),A00; A01; D01; D07,2021,Chuẩn,27.3,30,,
EP04,Kế toán tích hợp chứng chỉ quốc tế (ACT0ICAEW),A00; A01; D01; D07,2022,Chuẩn,26.8,30,,55.0
EP04,Kế toán tích hợp chứng chỉ quốc tế (ACT0ICAEW),A00; A01; D01; D07,2022,XTKH1,23.88,30,,55.0
EP04,Kế toán tích hợp chứng chỉ quốc tế (ACT0ICAEW),A00; A01; D01; D07,2022,XTKH2,20.8,30,,55.0
EP04,Kế toán tích hợp chứng chỉ quốc tế (ACT0ICAEW),A00; A01; D01; D07,2022,XTKH3,26.27,30,,55.0
EP04,Kế toán tích hợp chứng chỉ quốc tế (ACT0ICAEW),A00; A01; D01; D07,2022,XTKH4,30.2,30,,55.0
EP04,Kế toán tích hợp chứng chỉ quốc tế (ACT0ICAEW),A00; A01; D01; D07,2022,XTKH5,26.92,30,,55.0
EP04,Kế toán tích hợp chứng chỉ quốc tế (ACT0ICAEW),A00; A01; D01; D07,2022,XTKH6,27.25,30,,55.0
EP04,Kế toán tích hợp chứng chỉ quốc tế (ACT0ICAEW),A00; A01; D01; D07,2023,Chuẩn,26.9,30,,55.0
EP04,Kế toán tích hợp chứng chỉ quốc tế (ACT0ICAEW),A00; A01; D01; D07,2023,XTKH1,25.31,30,,55.0
EP04,Kế toán tích hợp chứng chỉ quốc tế (ACT0ICAEW),A00; A01; D01; D07,2023,XTKH2,19.3,30,,55.0
EP04,Kế toán tích hợp chứng chỉ quốc tế (ACT0ICAEW),A00; A01; D01; D07,2023,XTKH3,26.57,30,,55.0
EP04,Kế toán tích hợp chứng chỉ quốc tế (ACT0ICAEW),A00; A01; D01; D07,2024,Chuẩn,27.2,30,,60.0
EP04,Kế toán tích hợp chứng chỉ quốc tế (ACT0ICAEW),A00; A01; D01; D07,2024,XTKH1,27.19,30,,60.0
EP04,Kế toán tích hợp chứng chỉ quốc tế (ACT0ICAEW),A00; A01; D01; D07,2024,XTKH2,22.02,30,,60.0
EP04,Kế toán tích hợp chứng chỉ quốc tế (ACT0ICAEW),A00; A01; D01; D07,2025,Chuẩn,25.09,30,,60.0
EP04,Kế toán tích hợp chứng chỉ quốc tế (ICAEW CFAB),A00; A01; D01; D07,2026,Chuẩn,26.62,30,,60.0
EP05,Kinh doanh số (E0BDB),A00; A01; D01; D07,2019,Chuẩn,23.35,30,,
EP05,Kinh doanh số (E0BDB),A00; A01; D01; D07,2020,Chuẩn,26.1,30,,
EP05,Kinh doanh số (E0BDB),A00; A01; D01; D07,2021,Chuẩn,27.15,30,,
EP05,Kinh doanh số (E0BDB),A00; A01; D01; D07,2022,Chuẩn,26.8,30,,55.0
EP05,Kinh doanh số (E0BDB),A00; A01; D01; D07,2022,XTKH1,24.81,30,,55.0
EP05,Kinh doanh số (E0BDB),A00; A01; D01; D07,2022,XTKH2,20.75,30,,55.0
EP05,Kinh doanh số (E0BDB),A00; A01; D01; D07,2022,XTKH3,25.77,30,,55.0
EP05,Kinh doanh số (E0BDB),A00; A01; D01; D07,2022,XTKH4,30.3,30,,55.0
EP05,Kinh doanh số (E0BDB),A00; A01; D01; D07,2022,XTKH5,27.0,30,,55.0
EP05,Kinh doanh số (E0BDB),A00; A01; D01; D07,2022,XTKH6,27.35,30,,55.0
EP05,Kinh doanh số (E0BDB),A00; A01; D01; D07,2023,Chuẩn,26.85,30,,55.0
EP05,Kinh doanh số (E0BDB),A00; A01; D01; D07,2023,XTKH1,25.88,30,,55.0
EP05,Kinh doanh số (E0BDB),A00; A01; D01; D07,2023,XTKH2,19.65,30,,55.0
EP05,Kinh doanh số (E0BDB),A00; A01; D01; D07,2023,XTKH3,26.81,30,,55.0
EP05,Kinh doanh số (E0BDB),A00; A01; D01; D07,2024,Chuẩn,27.0,30,,60.0
EP05,Kinh doanh số (E0BDB),A00; A01; D01; D07,2024,XTKH1,27.75,30,,60.0
EP05,Kinh doanh số (E0BDB),A00; A01; D01; D07,2024,XTKH2,21.93,30,,60.0
EP05,Kinh doanh số (E0BDB),A00; A01; D01; D07,2025,Chuẩn,26.4,30,,60.0
EP05,Kinh doanh số (E-BDB)/ngành QTKD,A00; A01; D01; D07,2026,Chuẩn,26.84,30,,60.0
EP06,Phân tích kinh doanh (BA),A00; A01; D01; D07,2019,Chuẩn,23.35,30,,
EP06,Phân tích kinh doanh (BA),A00; A01; D01; D07,2020,Chuẩn,26.3,30,,
EP06,Phân tích kinh doanh (BA),A00; A01; D01; D07,2021,Chuẩn,27.3,30,,
EP06,Phân tích kinh doanh (BA),A00; A01; D01; D07,2022,Chuẩn,27.2,30,,55.0
EP06,Phân tích kinh doanh (BA),A00; A01; D01; D07,2022,XTKH1,26.81,30,,55.0
EP06,Phân tích kinh doanh (BA),A00; A01; D01; D07,2022,XTKH2,21.25,30,,55.0
EP06,Phân tích kinh doanh (BA),A00; A01; D01; D07,2022,XTKH3,26.67,30,,55.0
EP06,Phân tích kinh doanh (BA),A00; A01; D01; D07,2022,XTKH4,30.7,30,,55.0
EP06,Phân tích kinh doanh (BA),A00; A01; D01; D07,2022,XTKH5,27.13,30,,55.0
EP06,Phân tích kinh doanh (BA),A00; A01; D01; D07,2022,XTKH6,27.45,30,,55.0
EP06,Phân tích kinh doanh (BA),A00; A01; D01; D07,2023,Chuẩn,27.15,30,,55.0
EP06,Phân tích kinh doanh (BA),A00; A01; D01; D07,2023,XTKH1,27.02,30,,55.0
EP06,Phân tích kinh doanh (BA),A00; A01; D01; D07,2023,XTKH2,19.85,30,,55.0
EP06,Phân tích kinh doanh (BA),A00; A01; D01; D07,2023,XTKH3,27.3,30,,55.0
EP06,Phân tích kinh doanh (BA),A00; A01; D01; D07,2024,Chuẩn,27.48,30,,60.0
EP06,Phân tích kinh doanh (BA),A00; A01; D01; D07,2024,XTKH1,28.69,30,,60.0
EP06,Phân tích kinh doanh (BA),A00; A01; D01; D07,2024,XTKH2,22.57,30,,60.0
EP06,Phân tích kinh doanh (BA),A00; A01; D01; D07,2025,Chuẩn,27.5,30,,60.0
EP06,Phân tích kinh doanh (BA)/ngành QTKD,A00; A01; D01; D07,2026,Chuẩn,27.4,30,,60.0
EP07,Quản trị điều hành thông minh (E0SOM),A01; D01; D07; D10,2019,Chuẩn,23.15,30,,
EP07,Quản trị điều hành thông minh (E0SOM),A01; D01; D07; D10,2020,Chuẩn,26.0,30,,
EP07,Quản trị điều hành thông minh (E0SOM),A01; D01; D07; D10,2021,Chuẩn,27.1,30,,
EP07,Quản trị điều hành thông minh (E0SOM),A01; D01; D07; D10,2022,Chuẩn,26.9,30,,55.0
EP07,Quản trị điều hành thông minh (E0SOM),A01; D01; D07; D10,2022,XTKH2,19.5,30,,55.0
EP07,Quản trị điều hành thông minh (E0SOM),A01; D01; D07; D10,2022,XTKH3,24.73,30,,55.0
EP07,Quản trị điều hành thông minh (E0SOM),A01; D01; D07; D10,2022,XTKH4,28.6,30,,55.0
EP07,Quản trị điều hành thông minh (E0SOM),A01; D01; D07; D10,2022,XTKH5,25.65,30,,55.0
EP07,Quản trị điều hành thông minh (E0SOM),A01; D01; D07; D10,2022,XTKH6,26.3,30,,55.0
EP07,Quản trị điều hành thông minh (E0SOM),A01; D01; D07; D10,2023,Chuẩn,26.65,30,,55.0
EP07,Quản trị điều hành thông minh (E0SOM),A01; D01; D07; D10,2023,XTKH1,23.35,30,,55.0
EP07,Quản trị điều hành thông minh (E0SOM),A01; D01; D07; D10,2023,XTKH2,18.05,30,,55.0
EP07,Quản trị điều hành thông minh (E0SOM),A01; D01; D07; D10,2023,XTKH3,25.03,30,,55.0
EP07,Quản trị điều hành thông minh (E0SOM),A01; D01; D07; D10,2024,Chuẩn,26.96,30,,60.0
EP07,Quản trị điều hành thông minh (E0SOM),A01; D01; D07; D10,2024,XTKH1,25.31,30,,60.0
EP07,Quản trị điều hành thông minh (E0SOM),A01; D01; D07; D10,2024,XTKH2,20.25,30,,60.0
EP07,Quản trị điều hành thông minh (E0SOM),A01; D01; D07; D10,2025,Chuẩn,25.1,30,,70.0
EP07,Quản trị điều hành thông minh (E-SOM) /ngành QTKD,A01; D01; D07; D10,2026,Chuẩn,25.8,30,,70.0
EP08,Quản trị chất lượng và Đổi mới (E0MQI),A01; D01; D07; D10,2019,Chuẩn,22.75,30,,
EP08,Quản trị chất lượng và Đổi mới (E0MQI),A01; D01; D07; D10,2020,Chuẩn,24.1,30,,
EP08,Quản trị chất lượng và Đổi mới (E0MQI),A01; D01; D07; D10,2021,Chuẩn,27.1,30,,
EP08,Quản trị chất lượng và Đổi mới (E0MQI),A01; D01; D07; D10,2022,Chuẩn,26.45,30,,55.0
EP08,Quản trị chất lượng và Đổi mới (E0MQI),A01; D01; D07; D10,2022,XTKH1,23.25,30,,55.0
EP08,Quản trị chất lượng và Đổi mới (E0MQI),A01; D01; D07; D10,2022,XTKH2,18.9,30,,55.0
EP08,Quản trị chất lượng và Đổi mới (E0MQI),A01; D01; D07; D10,2022,XTKH3,22.25,30,,55.0
EP08,Quản trị chất lượng và Đổi mới (E0MQI),A01; D01; D07; D10,2022,XTKH4,27.15,30,,55.0
EP08,Quản trị chất lượng và Đổi mới (E0MQI),A01; D01; D07; D10,2022,XTKH5,25.5,30,,55.0
EP08,Quản trị chất lượng và Đổi mới (E0MQI),A01; D01; D07; D10,2022,XTKH6,26.95,30,,55.0
EP08,Quản trị chất lượng và Đổi mới (E0MQI),A01; D01; D07; D10,2023,Chuẩn,26.6,30,,55.0
EP08,Quản trị chất lượng và Đổi mới (E0MQI),A01; D01; D07; D10,2023,XTKH1,23.63,30,,55.0
EP08,Quản trị chất lượng và Đổi mới (E0MQI),A01; D01; D07; D10,2023,XTKH2,18.0,30,,55.0
EP08,Quản trị chất lượng và Đổi mới (E0MQI),A01; D01; D07; D10,2023,XTKH3,24.56,30,,55.0
EP08,Quản trị chất lượng và Đổi mới (E0MQI),A01; D01; D07; D10,2024,Chuẩn,26.86,30,,60.0
EP08,Quản trị chất lượng và Đổi mới (E0MQI),A01; D01; D07; D10,2024,XTKH1,24.38,30,,60.0
EP08,Quản trị chất lượng và Đổi mới (E0MQI),A01; D01; D07; D10,2024,XTKH2,19.33,30,,60.0
EP08,Quản trị chất lượng và Đổi mới (E0MQI),A01; D01; D07; D10,2025,Chuẩn,24.2,30,,70.0
EP08,Quản trị chất lượng và Đổi mới (E-MQI)/ngành QTKD,A01; D01; D07; D10,2026,Chuẩn,25.12,30,,70.0
EP09,Công nghệ tài chính (BFT),A00; A01; D01; D07,2019,Chuẩn,22.75,30,,
EP09,Công nghệ tài chính (BFT),A00; A01; D01; D07,2020,Chuẩn,25.75,30,,
EP09,Công nghệ tài chính (BFT),A00; A01; D01; D07,2021,Chuẩn,27.1,30,,
EP09,Công nghệ tài chính (BFT),A00; A01; D01; D07,2022,Chuẩn,26.9,30,,55.0
EP09,Công nghệ tài chính (BFT),A00; A01; D01; D07,2022,XTKH1,24.0,30,,55.0
EP09,Công nghệ tài chính (BFT),A00; A01; D01; D07,2022,XTKH2,20.85,30,,55.0
EP09,Công nghệ tài chính (BFT),A00; A01; D01; D07,2022,XTKH3,25.4,30,,55.0
EP09,Công nghệ tài chính (BFT),A00; A01; D01; D07,2022,XTKH4,29.3,30,,55.0
EP09,Công nghệ tài chính (BFT),A00; A01; D01; D07,2022,XTKH5,26.48,30,,55.0
EP09,Công nghệ tài chính (BFT),A00; A01; D01; D07,2022,XTKH6,26.7,30,,55.0
EP09,Công nghệ tài chính (BFT),A00; A01; D01; D07,2023,Chuẩn,26.75,30,,100.0
EP09,Công nghệ tài chính (BFT),A00; A01; D01; D07,2023,XTKH1,24.56,30,,100.0
EP09,Công nghệ tài chính (BFT),A00; A01; D01; D07,2023,XTKH2,19.4,30,,100.0
EP09,Công nghệ tài chính (BFT),A00; A01; D01; D07,2023,XTKH3,26.27,30,,100.0
EP09,Công nghệ tài chính (BFT),A00; A01; D01; D07,2024,Chuẩn,26.96,30,,120.0
EP09,Công nghệ tài chính (BFT),A00; A01; D01; D07,2024,XTKH1,27.19,30,,120.0
EP09,Công nghệ tài chính (BFT),A00; A01; D01; D07,2024,XTKH2,21.07,30,,120.0
EP09,Công nghệ tài chính (BFT),A00; A01; D01; D07,2025,Chuẩn,26.29,30,,100.0
EP09,Công nghệ tài chính và Ngân hàng số/ngành Tài chính Ngân hàng,A00; A01; D01; D07,2026,Chuẩn,26.86,30,,100.0
EP10,Đầu tư tài chính (BFI),A01; D01; D07; D10,2019,Chuẩn,31.75,30,,
EP10,Đầu tư tài chính (BFI),A01; D01; D07; D10,2020,Chuẩn,34.55,30,,
EP10,Đầu tư tài chính (BFI),A01; D01; D07; D10,2021,Chuẩn,37.1,30,,
EP10,Đầu tư tài chính (BFI),A01; D01; D07; D10,2022,Chuẩn,36.25,30,,55.0
EP10,Đầu tư tài chính (BFI),A01; D01; D07; D10,2022,XTKH1,26.44,30,,55.0
EP10,Đầu tư tài chính (BFI),A01; D01; D07; D10,2022,XTKH2,20.25,30,,55.0
EP10,Đầu tư tài chính (BFI),A01; D01; D07; D10,2022,XTKH3,26.4,30,,55.0
EP10,Đầu tư tài chính (BFI),A01; D01; D07; D10,2022,XTKH4,30.0,30,,55.0
EP10,Đầu tư tài chính (BFI),A01; D01; D07; D10,2022,XTKH5,26.57,30,,55.0
EP10,Đầu tư tài chính (BFI),A01; D01; D07; D10,2022,XTKH6,36.28,30,,55.0
EP10,Đầu tư tài chính (BFI),A01; D01; D07; D10,2023,Chuẩn,36.5,40,môn tiếng Anh hệ số 2,100.0
EP10,Đầu tư tài chính (BFI),A01; D01; D07; D10,2023,XTKH1,25.83,30,,100.0
EP10,Đầu tư tài chính (BFI),A01; D01; D07; D10,2023,XTKH2,18.2,30,,100.0
EP10,Đầu tư tài chính (BFI),A01; D01; D07; D10,2023,XTKH3,26.25,30,,100.0
EP10,Đầu tư tài chính (BFI),A01; D01; D07; D10,2024,Chuẩn,36.36,40,môn tiếng Anh hệ số 2,120.0
EP10,Đầu tư tài chính (BFI),A01; D01; D07; D10,2024,XTKH1,27.56,30,,120.0
EP10,Đầu tư tài chính (BFI),A01; D01; D07; D10,2024,XTKH2,21.05,30,,120.0
EP10,Đầu tư tài chính (BFI),A01; D01; D07; D10,2025,Chuẩn,26.27,30,,100.0
EP10,Tài chính và Đầu tư (BFI)/ngành TC-NH,A01; D01; D07; D10,2026,Chuẩn,26.76,30,,100.0
EP11,Quản trị khách sạn quốc tế (IHME),A01; D01; D09; D10,2019,Chuẩn,33.35,30,,
EP11,Quản trị khách sạn quốc tế (IHME),A01; D01; D09; D10,2020,Chuẩn,34.5,30,,
EP11,Quản trị khách sạn quốc tế (IHME),A01; D01; D09; D10,2021,Chuẩn,36.6,30,,
EP11,Quản trị khách sạn quốc tế (IHME),A01; D01; D09; D10,2022,Chuẩn,34.4,30,,55.0
EP11,Quản trị khách sạn quốc tế (IHME),A01; D01; D09; D10,2022,XTKH1,23.44,30,,55.0
EP11,Quản trị khách sạn quốc tế (IHME),A01; D01; D09; D10,2022,XTKH2,19.0,30,,55.0
EP11,Quản trị khách sạn quốc tế (IHME),A01; D01; D09; D10,2022,XTKH3,24.67,30,,55.0
EP11,Quản trị khách sạn quốc tế (IHME),A01; D01; D09; D10,2022,XTKH4,29.4,30,,55.0
EP11,Quản trị khách sạn quốc tế (IHME),A01; D01; D09; D10,2022,XTKH5,25.68,30,,55.0
EP11,Quản trị khách sạn quốc tế (IHME),A01; D01; D09; D10,2022,XTKH6,35.13,30,,55.0
EP11,Quản trị khách sạn quốc tế (IHME),A01; D01; D09; D10,2023,Chuẩn,35.75,40,môn tiếng Anh hệ số 2,55.0
EP11,Quản trị khách sạn quốc tế (IHME),A01; D01; D09; D10,2023,XTKH1,24.0,30,,55.0
EP11,Quản trị khách sạn quốc tế (IHME),A01; D01; D09; D10,2023,XTKH2,18.05,30,,55.0
EP11,Quản trị khách sạn quốc tế (IHME),A01; D01; D09; D10,2023,XTKH3,25.28,30,,55.0
EP11,Quản trị khách sạn quốc tế (IHME),A01; D01; D09; D10,2024,Chuẩn,35.65,40,môn tiếng Anh hệ số 2,60.0
EP11,Quản trị khách sạn quốc tế (IHME),A01; D01; D09; D10,2024,XTKH1,26.44,30,,60.0
EP11,Quản trị khách sạn quốc tế (IHME),A01; D01; D09; D10,2024,XTKH2,20.24,30,,60.0
EP11,Quản trị khách sạn quốc tế (IHME),A01; D01; D09; D10,2025,Chuẩn,24.25,30,,50.0
EP11,Quản trị khách sạn quốc tế (IHME),A01; D01; D09; D10,2026,Chuẩn,24.93,30,,50.0
EP12,Kiểm toán tích hợp chứng chỉ quốc tế (AUD0ICAEW),A00; A01; D01; D07,2020,Chuẩn,26.65,30,,
EP12,Kiểm toán tích hợp chứng chỉ quốc tế (AUD0ICAEW),A00; A01; D01; D07,2021,Chuẩn,27.55,30,,
EP12,Kiểm toán tích hợp chứng chỉ quốc tế (AUD0ICAEW),A00; A01; D01; D07,2022,Chuẩn,27.2,30,,55.0
EP12,Kiểm toán tích hợp chứng chỉ quốc tế (AUD0ICAEW),A00; A01; D01; D07,2022,XTKH1,22.88,30,,55.0
EP12,Kiểm toán tích hợp chứng chỉ quốc tế (AUD0ICAEW),A00; A01; D01; D07,2022,XTKH2,21.45,30,,55.0
EP12,Kiểm toán tích hợp chứng chỉ quốc tế (AUD0ICAEW),A00; A01; D01; D07,2022,XTKH3,27.6,30,,55.0
EP12,Kiểm toán tích hợp chứng chỉ quốc tế (AUD0ICAEW),A00; A01; D01; D07,2022,XTKH4,31.5,30,,55.0
EP12,Kiểm toán tích hợp chứng chỉ quốc tế (AUD0ICAEW),A00; A01; D01; D07,2022,XTKH5,27.75,30,,55.0
EP12,Kiểm toán tích hợp chứng chỉ quốc tế (AUD0ICAEW),A00; A01; D01; D07,2022,XTKH6,28.1,30,,55.0
EP12,Kiểm toán tích hợp chứng chỉ quốc tế (AUD0ICAEW),A00; A01; D01; D07,2023,Chuẩn,27.2,30,,55.0
EP12,Kiểm toán tích hợp chứng chỉ quốc tế (AUD0ICAEW),A00; A01; D01; D07,2023,XTKH1,26.63,30,,55.0
EP12,Kiểm toán tích hợp chứng chỉ quốc tế (AUD0ICAEW),A00; A01; D01; D07,2023,XTKH2,20.6,30,,55.0
EP12,Kiểm toán tích hợp chứng chỉ quốc tế (AUD0ICAEW),A00; A01; D01; D07,2023,XTKH3,27.69,30,,55.0
EP12,Kiểm toán tích hợp chứng chỉ quốc tế (AUD0ICAEW),A00; A01; D01; D07,2024,Chuẩn,27.45,30,,60.0
EP12,Kiểm toán tích hợp chứng chỉ quốc tế (AUD0ICAEW),A00; A01; D01; D07,2024,XTKH1,28.55,30,,60.0
EP12,Kiểm toán tích hợp chứng chỉ quốc tế (AUD0ICAEW),A00; A01; D01; D07,2024,XTKH2,22.81,30,,60.0
EP12,Kiểm toán tích hợp chứng chỉ quốc tế (AUD0ICAEW),A00; A01; D01; D07,2025,Chuẩn,27.25,30,,60.0
EP12,Kiểm toán tích hợp chứng chỉ quốc tế (ICAEW CFAB),A00; A01; D01; D07,2026,Chuẩn,28.25,30,,60.0
EP13,Kinh tế học tài chính (FE),A00; A01; D01; D07,2020,Chuẩn,24.5,30,,
EP13,Kinh tế học tài chính (FE),A00; A01; D01; D07,2021,Chuẩn,26.95,30,,
EP13,Kinh tế học tài chính (FE),A00; A01; D01; D07,2022,Chuẩn,26.8,30,,80.0
EP13,Kinh tế học tài chính (FE),A00; A01; D01; D07,2022,XTKH1,23.06,30,,80.0
EP13,Kinh tế học tài chính (FE),A00; A01; D01; D07,2022,XTKH2,20.05,30,,80.0
EP13,Kinh tế học tài chính (FE),A00; A01; D01; D07,2022,XTKH3,24.75,30,,80.0
EP13,Kinh tế học tài chính (FE),A00; A01; D01; D07,2022,XTKH4,28.95,30,,80.0
EP13,Kinh tế học tài chính (FE),A00; A01; D01; D07,2022,XTKH5,26.0,30,,80.0
EP13,Kinh tế học tài chính (FE),A00; A01; D01; D07,2022,XTKH6,26.2,30,,80.0
EP13,Kinh tế học tài chính (FE),A00; A01; D01; D07,2023,Chuẩn,26.75,30,,100.0
EP13,Kinh tế học tài chính (FE),A00; A01; D01; D07,2023,XTKH1,22.69,30,,100.0
EP13,Kinh tế học tài chính (FE),A00; A01; D01; D07,2023,XTKH2,18.0,30,,100.0
EP13,Kinh tế học tài chính (FE),A00; A01; D01; D07,2023,XTKH3,25.0,30,,100.0
EP13,Kinh tế học tài chính (FE),A00; A01; D01; D07,2024,Chuẩn,26.96,30,,120.0
EP13,Kinh tế học tài chính (FE),A00; A01; D01; D07,2024,XTKH1,25.65,30,,120.0
EP13,Kinh tế học tài chính (FE),A00; A01; D01; D07,2024,XTKH2,20.25,30,,120.0
EP13,Kinh tế học tài chính (FE),A00; A01; D01; D07,2025,Chuẩn,25.41,30,,80.0
EP13,Kinh tế học tài chính (FE)/ngành Kinh tế,A00; A01; D01; D07,2026,Chuẩn,25.89,30,,90.0
EP14,Logistics và Quản lý chuỗi cung ứng tích hợp chứng chỉ quốc tế (LSIC),A01; D01; D07; D10,2020,Chuẩn,35.55,30,,
EP14,Logistics và Quản lý chuỗi cung ứng tích hợp chứng chỉ quốc tế (LSIC),A01; D01; D07; D10,2021,Chuẩn,37.55,30,,
EP14,Logistics và Quản lý chuỗi cung ứng tích hợp chứng chỉ quốc tế (LSIC),A01; D01; D07; D10,2022,Chuẩn,36.25,30,,55.0
EP14,Logistics và Quản lý chuỗi cung ứng tích hợp chứng chỉ quốc tế (LSIC),A01; D01; D07; D10,2022,XTKH1,25.13,30,,55.0
EP14,Logistics và Quản lý chuỗi cung ứng tích hợp chứng chỉ quốc tế (LSIC),A01; D01; D07; D10,2022,XTKH2,22.2,30,,55.0
EP14,Logistics và Quản lý chuỗi cung ứng tích hợp chứng chỉ quốc tế (LSIC),A01; D01; D07; D10,2022,XTKH3,28.33,30,,55.0
EP14,Logistics và Quản lý chuỗi cung ứng tích hợp chứng chỉ quốc tế (LSIC),A01; D01; D07; D10,2022,XTKH4,31.9,30,,55.0
EP14,Logistics và Quản lý chuỗi cung ứng tích hợp chứng chỉ quốc tế (LSIC),A01; D01; D07; D10,2022,XTKH5,27.98,30,,55.0
EP14,Logistics và Quản lý chuỗi cung ứng tích hợp chứng chỉ quốc tế (LSIC),A01; D01; D07; D10,2022,XTKH6,38.0,30,,55.0
EP14,Logistics và Quản lý chuỗi cung ứng tích hợp chứng chỉ quốc tế (LSIC),A01; D01; D07; D10,2023,Chuẩn,36.4,40,môn tiếng Anh hệ số 2,100.0
EP14,Logistics và Quản lý chuỗi cung ứng tích hợp chứng chỉ quốc tế (LSIC),A01; D01; D07; D10,2023,XTKH1,26.38,30,,100.0
EP14,Logistics và Quản lý chuỗi cung ứng tích hợp chứng chỉ quốc tế (LSIC),A01; D01; D07; D10,2023,XTKH2,20.95,30,,100.0
EP14,Logistics và Quản lý chuỗi cung ứng tích hợp chứng chỉ quốc tế (LSIC),A01; D01; D07; D10,2023,XTKH3,27.26,30,,100.0
EP14,Logistics và Quản lý chuỗi cung ứng tích hợp chứng chỉ quốc tế (LSIC),A01; D01; D07; D10,2024,Chuẩn,36.42,30,,120.0
EP14,Logistics và Quản lý chuỗi cung ứng tích hợp chứng chỉ quốc tế (LSIC),A01; D01; D07; D10,2024,XTKH1,28.01,30,,120.0
EP14,Logistics và Quản lý chuỗi cung ứng tích hợp chứng chỉ quốc tế (LSIC),A01; D01; D07; D10,2024,XTKH2,22.74,30,,120.0
EP14,Logistics và Quản lý chuỗi cung ứng tích hợp chứng chỉ quốc tế (LSIC),A01; D01; D07; D10,2025,Chuẩn,27.69,30,,100.0
EP14,Logistics và Quản lý chuỗi cung ứng tích hợp chứng chỉ quốc tế (LSIC),A01; D01; D07; D10,2026,Chuẩn,27.87,30,,100.0
EP15,Khoa học dữ liệu*,A00; A01; D01; D07,2024,Chuẩn,35.46,40,môn Toán hệ số 2,120.0
EP15,Khoa học dữ liệu*,A00; A01; D01; D07,2024,XTKH1,27.0,30,,120.0
EP15,Khoa học dữ liệu*,A00; A01; D01; D07,2024,XTKH2,21.0,30,,120.0
EP15,Khoa học dữ liệu*,A00; A01; D01; D07,2025,Chuẩn,26.13,30,,80.0
EP15,Khoa học dữ liệu,A00; A01; D01; D07,2026,Chuẩn,26.52,30,,70.0
EP16,Trí tuệ nhân tạo*,A00; A01; D01; D07,2024,Chuẩn,34.5,40,môn Toán hệ số 2,120.0
EP16,Trí tuệ nhân tạo*,A00; A01; D01; D07,2024,XTKH1,27.0,30,,120.0
EP16,Trí tuệ nhân tạo*,A00; A01; D01; D07,2024,XTKH2,21.05,30,,120.0
EP16,Trí tuệ nhân tạo*,A00; A01; D01; D07,2025,Chuẩn,25.44,30,,80.0
EP16,Trí tuệ nhân tạo,A00; A01; D01; D07,2026,Chuẩn,25.64,30,,80.0
EP17,Kỹ thuật phần mềm*,A00; A01; D01; D07,2024,Chuẩn,34.06,40,môn Toán hệ số 2,60.0
EP17,Kỹ thuật phần mềm*,A00; A01; D01; D07,2024,XTKH1,25.65,30,,60.0
EP17,Kỹ thuật phần mềm*,A00; A01; D01; D07,2024,XTKH2,20.45,30,,60.0
EP17,Kỹ thuật phần mềm*,A00; A01; D01; D07,2025,Chuẩn,24.7,30,,50.0
EP17,Kỹ thuật phần mềm,A00; A01; D01; D07,2026,Chuẩn,25.0,30,,50.0
EP18,Quản trị giải trí và sự kiện**,A00; A01; D01; D07,2024,Chuẩn,36.55,40,môn tiếng Anh hệ số 2,60.0
EP18,Quản trị giải trí và sự kiện**,A00; A01; D01; D07,2024,XTKH1,27.19,30,,60.0
EP18,Quản trị giải trí và sự kiện**,A00; A01; D01; D07,2024,XTKH2,21.0,30,,60.0
EP18,Quản trị giải trí và sự kiện**,A00; A01; D01; D07,2025,Chuẩn,25.89,30,,50.0
EP18,Quản trị giải trí và sự kiện,A00; A01; D01; D07,2026,Chuẩn,25.89,30,,50.0
EP19,Công nghệ Marketing/ngành Marketing,A00; A01; D01; D07,2026,Chuẩn,26.68,30,,50.0
EP20,Công nghệ Logistics và Quản trị chuỗi cung ứng/Ngành KHDL,A00; A01; D01; D07,2026,Chuẩn,27.39,30,,50.0
EP21,Kiểm toán nội bộ/Ngành Kiểm toán,A00; A01; D01; D07,2026,Chuẩn,26.39,30,,50.0
EP22,Kinh tế quốc tế/Kinh tế quốc tế,A00; A01; D01; D07,2026,Chuẩn,27.2,30,,50.0
EP23,Kinh tế số,A00; A01; D01; D07,2026,Chuẩn,26.51,30,,50.0
EP24,Kinh tế Y tế/Ngành Kinh tế,A00; A01; D01; D07,2026,Chuẩn,24.42,30,,40.0
EP25,Phát triển quốc tế/Ngành Kinh tế phát triển,A00; A01; D01; D07,2026,Chuẩn,24.68,30,,40.0
EP26,Công nghệ môi trường và phát triển bền vững/Ngành kinh tế,A00; A01; D01; D07,2026,Chuẩn,23.48,30,,50.0
EP27,Quản trị công nghiệp sáng tạo/Ngành Du lịch,A00; A01; D01; D07,2026,Chuẩn,24.08,30,,50.0
EP28,Quản trị nhân lực quốc tế/Ngành Quản trị nhân lực,A00; A01; D01; D07,2026,Chuẩn,25.75,30,,40.0
EP29,Quản trị rủi ro định lượng/Ngành Toán kinh tế,A00; A01; D01; D07,2026,Chuẩn,26.15,30,,50.0
EP30,Toán ứng dụng,A00; A01; D01; D07,2026,Chuẩn,25.6,30,,50.0
EP31,Thẩm định giá/Ngành TC-NH,A00; A01; D01; D07,2026,Chuẩn,24.1,30,,50.0
EP32,Thống kê và Trí tuệ kinh doanh/Ngành Thống kê kinh tế,A00; A01; D01; D07,2026,Chuẩn,25.54,30,,50.0
EPMP,Quản lý công và Chính sách (E0 PMP),A00; A01; D01; D07,2016,Chuẩn,20.55,30,,
EPMP,Quản lý công và Chính sách (E0 PMP),A00; A01; D01; D07,2017,Chuẩn,23.25,30,,
EPMP,Quản lý công và Chính sách (E0 PMP),A00; A01; D01; D07,2018,Chuẩn,21.0,30,,
EPMP,Quản lý công và Chính sách (E0 PMP),A00; A01; D01; D07,2019,Chuẩn,21.5,30,,
EPMP,Quản lý công và Chính sách (E0 PMP),A00; A01; D01; D07,2020,Chuẩn,25.35,30,,
EPMP,Quản lý công và Chính sách (E0 PMP),A00; A01; D01; D07,2021,Chuẩn,26.85,30,,
EPMP,Quản lý công và Chính sách (E0 PMP),A00; A01; D01; D07,2022,Chuẩn,26.1,30,,80.0
EPMP,Quản lý công và Chính sách (E0 PMP),A00; A01; D01; D07,2022,XTKH1,23.63,30,,80.0
EPMP,Quản lý công và Chính sách (E0 PMP),A00; A01; D01; D07,2022,XTKH2,18.95,30,,80.0
EPMP,Quản lý công và Chính sách (E0 PMP),A00; A01; D01; D07,2022,XTKH3,21.33,30,,80.0
EPMP,Quản lý công và Chính sách (E0 PMP),A00; A01; D01; D07,2022,XTKH4,27.15,30,,80.0
EPMP,Quản lý công và Chính sách (E0 PMP),A00; A01; D01; D07,2022,XTKH5,25.53,30,,80.0
EPMP,Quản lý công và Chính sách (E0 PMP),A00; A01; D01; D07,2022,XTKH6,25.6,30,,80.0
EPMP,Quản lý công và Chính sách (E0 PMP),A00; A01; D01; D07,2023,Chuẩn,26.1,30,,80.0
EPMP,Quản lý công và Chính sách (E0 PMP),A00; A01; D01; D07,2023,XTKH1,25.13,30,,80.0
EPMP,Quản lý công và Chính sách (E0 PMP),A00; A01; D01; D07,2023,XTKH2,18.05,30,,80.0
EPMP,Quản lý công và Chính sách (E0 PMP),A00; A01; D01; D07,2023,XTKH3,24.37,30,,80.0
EPMP,Quản lý công và Chính sách (E0 PMP),A00; A01; D01; D07,2024,Chuẩn,26.7,30,,120.0
EPMP,Quản lý công và Chính sách (E0 PMP),A00; A01; D01; D07,2024,XTKH1,24.38,30,,120.0
EPMP,Quản lý công và Chính sách (E0 PMP),A00; A01; D01; D07,2024,XTKH2,19.35,30,,120.0
EPMP,Quản lý công và Chính sách (E0 PMP),A00; A01; D01; D07,2025,Chuẩn,23.0,30,,70.0
EPMP,Quản lý công và Chính sách (E-PMP)/ngành Kinh tế,A00; A01; D01; D07,2026,Chuẩn,24.05,30,,70.0
POHE1,Quản trị khách sạn**,A01; D01; D07; D09,2015,Chuẩn,20.33,30,,
POHE1,Quản trị khách sạn**,A01; D01; D07; D09,2016,Chuẩn,26.16,30,,
POHE1,Quản trị khách sạn**,A01; D01; D07; D09,2017,Chuẩn,31.0,30,,
POHE1,Quản trị khách sạn**,A01; D01; D07; D09,2018,Chuẩn,28.75,30,,
POHE1,Quản trị khách sạn**,A01; D01; D07; D09,2019,Chuẩn,31.75,30,,
POHE1,Quản trị khách sạn**,A01; D01; D07; D09,2020,Chuẩn,34.25,30,,
POHE1,Quản trị khách sạn**,A01; D01; D07; D09,2021,Chuẩn,36.75,30,,
POHE1,Quản trị khách sạn**,A01; D01; D07; D09,2022,Chuẩn,35.35,30,,60.0
POHE1,Quản trị khách sạn**,A01; D01; D07; D09,2022,XTKH1,24.75,30,,60.0
POHE1,Quản trị khách sạn**,A01; D01; D07; D09,2022,XTKH2,19.65,30,,60.0
POHE1,Quản trị khách sạn**,A01; D01; D07; D09,2022,XTKH3,24.0,30,,60.0
POHE1,Quản trị khách sạn**,A01; D01; D07; D09,2022,XTKH4,29.0,30,,60.0
POHE1,Quản trị khách sạn**,A01; D01; D07; D09,2022,XTKH5,25.7,30,,60.0
POHE1,Quản trị khách sạn**,A01; D01; D07; D09,2022,XTKH6,34.57,30,,60.0
POHE1,Quản trị khách sạn**,A01; D01; D07; D09,2023,Chuẩn,35.65,40,môn tiếng Anh hệ số 2,60.0
POHE1,Quản trị khách sạn**,A01; D01; D07; D09,2023,XTKH1,23.25,30,,60.0
POHE1,Quản trị khách sạn**,A01; D01; D07; D09,2023,XTKH2,18.4,30,,60.0
POHE1,Quản trị khách sạn**,A01; D01; D07; D09,2023,XTKH3,25.76,30,,60.0
POHE1,Quản trị khách sạn**,A01; D01; D07; D09,2024,Chuẩn,35.8,40,môn tiếng Anh hệ số 2,60.0
POHE1,Quản trị khách sạn**,A01; D01; D07; D09,2024,XTKH1,26.01,30,,60.0
POHE1,Quản trị khách sạn**,A01; D01; D07; D09,2024,XTKH2,21.0,30,,60.0
POHE1,Quản trị khách sạn**,A01; D01; D07; D09,2025,Chuẩn,25.61,30,,50.0
POHE1,Quản trị khách sạn,A01; D01; D07; D09,2026,Chuẩn,25.05,30,,50.0
POHE2,Quản trị lữ hành**,A01; D01; D07; D09,2015,Chuẩn,20.33,30,,
POHE2,Quản trị lữ hành**,A01; D01; D07; D09,2016,Chuẩn,26.16,30,,
POHE2,Quản trị lữ hành**,A01; D01; D07; D09,2017,Chuẩn,31.0,30,,
POHE2,Quản trị lữ hành**,A01; D01; D07; D09,2018,Chuẩn,28.75,30,,
POHE2,Quản trị lữ hành**,A01; D01; D07; D09,2019,Chuẩn,31.75,30,,
POHE2,Quản trị lữ hành**,A01; D01; D07; D09,2020,Chuẩn,34.25,30,,
POHE2,Quản trị lữ hành**,A01; D01; D07; D09,2021,Chuẩn,36.75,30,,
POHE2,Quản trị lữ hành**,A01; D01; D07; D09,2022,Chuẩn,34.8,30,,60.0
POHE2,Quản trị lữ hành**,A01; D01; D07; D09,2022,XTKH1,22.94,30,,60.0
POHE2,Quản trị lữ hành**,A01; D01; D07; D09,2022,XTKH2,18.85,30,,60.0
POHE2,Quản trị lữ hành**,A01; D01; D07; D09,2022,XTKH3,21.68,30,,60.0
POHE2,Quản trị lữ hành**,A01; D01; D07; D09,2022,XTKH4,27.2,30,,60.0
POHE2,Quản trị lữ hành**,A01; D01; D07; D09,2022,XTKH5,25.6,30,,60.0
POHE2,Quản trị lữ hành**,A01; D01; D07; D09,2022,XTKH6,29.6,30,,60.0
POHE2,Quản trị lữ hành**,A01; D01; D07; D09,2023,Chuẩn,35.65,40,môn tiếng Anh hệ số 2,60.0
POHE2,Quản trị lữ hành**,A01; D01; D07; D09,2023,XTKH2,18.05,30,,60.0
POHE2,Quản trị lữ hành**,A01; D01; D07; D09,2023,XTKH3,24.86,30,,60.0
POHE2,Quản trị lữ hành**,A01; D01; D07; D09,2024,Chuẩn,35.75,40,môn tiếng Anh hệ số 2,60.0
POHE2,Quản trị lữ hành**,A01; D01; D07; D09,2024,XTKH1,24.56,30,,60.0
POHE2,Quản trị lữ hành**,A01; D01; D07; D09,2024,XTKH2,19.75,30,,60.0
POHE2,Quản trị lữ hành**,A01; D01; D07; D09,2025,Chuẩn,24.64,30,,50.0
POHE2,Quản trị lữ hành,A01; D01; D07; D09,2026,Chuẩn,24.77,30,,50.0
POHE3,Truyền thông Marketing**,A01; D01; D07; D09,2015,Chuẩn,20.33,30,,
POHE3,Truyền thông Marketing**,A01; D01; D07; D09,2016,Chuẩn,26.16,30,,
POHE3,Truyền thông Marketing**,A01; D01; D07; D09,2017,Chuẩn,31.0,30,,
POHE3,Truyền thông Marketing**,A01; D01; D07; D09,2018,Chuẩn,28.75,30,,
POHE3,Truyền thông Marketing**,A01; D01; D07; D09,2019,Chuẩn,31.75,30,,
POHE3,Truyền thông Marketing**,A01; D01; D07; D09,2020,Chuẩn,34.25,30,,
POHE3,Truyền thông Marketing**,A01; D01; D07; D09,2021,Chuẩn,36.75,30,,
POHE3,Truyền thông Marketing**,A01; D01; D07; D09,2022,Chuẩn,38.15,30,,60.0
POHE3,Truyền thông Marketing**,A01; D01; D07; D09,2022,XTKH1,24.63,30,,60.0
POHE3,Truyền thông Marketing**,A01; D01; D07; D09,2022,XTKH2,21.25,30,,60.0
POHE3,Truyền thông Marketing**,A01; D01; D07; D09,2022,XTKH3,26.4,30,,60.0
POHE3,Truyền thông Marketing**,A01; D01; D07; D09,2022,XTKH4,31.3,30,,60.0
POHE3,Truyền thông Marketing**,A01; D01; D07; D09,2022,XTKH5,27.25,30,,60.0
POHE3,Truyền thông Marketing**,A01; D01; D07; D09,2022,XTKH6,37.57,30,,60.0
POHE3,Truyền thông Marketing**,A01; D01; D07; D09,2023,Chuẩn,37.1,40,môn tiếng Anh hệ số 2,60.0
POHE3,Truyền thông Marketing**,A01; D01; D07; D09,2023,XTKH1,26.25,30,,60.0
POHE3,Truyền thông Marketing**,A01; D01; D07; D09,2023,XTKH2,20.85,30,,60.0
POHE3,Truyền thông Marketing**,A01; D01; D07; D09,2023,XTKH3,27.51,30,,60.0
POHE3,Truyền thông Marketing**,A01; D01; D07; D09,2024,Chuẩn,37.49,40,môn tiếng Anh hệ số 2,60.0
POHE3,Truyền thông Marketing**,A01; D01; D07; D09,2024,XTKH1,28.31,30,,60.0
POHE3,Truyền thông Marketing**,A01; D01; D07; D09,2024,XTKH2,23.01,30,,60.0
POHE3,Truyền thông Marketing**,A01; D01; D07; D09,2025,Chuẩn,27.61,30,,60.0
POHE3,Truyền thông Marketing,A01; D01; D07; D09,2026,Chuẩn,27.39,30,,60.0
POHE4,Luật kinh doanh**,A01; D01; D07; D09,2015,Chuẩn,20.33,30,,
POHE4,Luật kinh doanh**,A01; D01; D07; D09,2016,Chuẩn,26.16,30,,
POHE4,Luật kinh doanh**,A01; D01; D07; D09,2017,Chuẩn,31.0,30,,
POHE4,Luật kinh doanh**,A01; D01; D07; D09,2018,Chuẩn,28.75,30,,
POHE4,Luật kinh doanh**,A01; D01; D07; D09,2019,Chuẩn,31.75,30,,
POHE4,Luật kinh doanh**,A01; D01; D07; D09,2020,Chuẩn,34.25,30,,
POHE4,Luật kinh doanh**,A01; D01; D07; D09,2021,Chuẩn,36.75,30,,
POHE4,Luật kinh doanh**,A01; D01; D07; D09,2022,Chuẩn,35.5,30,,60.0
POHE4,Luật kinh doanh**,A01; D01; D07; D09,2022,XTKH1,22.94,30,,60.0
POHE4,Luật kinh doanh**,A01; D01; D07; D09,2022,XTKH2,19.0,30,,60.0
POHE4,Luật kinh doanh**,A01; D01; D07; D09,2022,XTKH3,23.58,30,,60.0
POHE4,Luật kinh doanh**,A01; D01; D07; D09,2022,XTKH4,28.7,30,,60.0
POHE4,Luật kinh doanh**,A01; D01; D07; D09,2022,XTKH5,25.97,30,,60.0
POHE4,Luật kinh doanh**,A01; D01; D07; D09,2022,XTKH6,33.45,30,,60.0
POHE4,Luật kinh doanh**,A01; D01; D07; D09,2023,Chuẩn,36.2,40,môn tiếng Anh hệ số 2,60.0
POHE4,Luật kinh doanh**,A01; D01; D07; D09,2023,XTKH1,23.84,30,,60.0
POHE4,Luật kinh doanh**,A01; D01; D07; D09,2023,XTKH2,18.8,30,,60.0
POHE4,Luật kinh doanh**,A01; D01; D07; D09,2023,XTKH3,25.65,30,,60.0
POHE4,Luật kinh doanh**,A01; D01; D07; D09,2024,Chuẩn,35.26,40,môn tiếng Anh hệ số 2,60.0
POHE4,Luật kinh doanh**,A01; D01; D07; D09,2024,XTKH1,26.44,30,,60.0
POHE4,Luật kinh doanh**,A01; D01; D07; D09,2024,XTKH2,21.23,30,,60.0
POHE4,Luật kinh doanh**,A01; D01; D07; D09,2025,Chuẩn,25.5,30,,50.0
POHE4,Luật kinh doanh,A01; D01; D07; D09,2026,Chuẩn,25.68,30,,50.0
POHE5,Quản trị kinh doanh thương mại**,A01; D01; D07; D09,2015,Chuẩn,20.33,30,,
POHE5,Quản trị kinh doanh thương mại**,A01; D01; D07; D09,2016,Chuẩn,26.16,30,,
POHE5,Quản trị kinh doanh thương mại**,A01; D01; D07; D09,2017,Chuẩn,31.0,30,,
POHE5,Quản trị kinh doanh thương mại**,A01; D01; D07; D09,2018,Chuẩn,28.75,30,,
POHE5,Quản trị kinh doanh thương mại**,A01; D01; D07; D09,2019,Chuẩn,31.75,30,,
POHE5,Quản trị kinh doanh thương mại**,A01; D01; D07; D09,2020,Chuẩn,34.25,30,,
POHE5,Quản trị kinh doanh thương mại**,A01; D01; D07; D09,2021,Chuẩn,36.75,30,,
POHE5,Quản trị kinh doanh thương mại**,A01; D01; D07; D09,2022,Chuẩn,36.95,30,,60.0
POHE5,Quản trị kinh doanh thương mại**,A01; D01; D07; D09,2022,XTKH1,24.38,30,,60.0
POHE5,Quản trị kinh doanh thương mại**,A01; D01; D07; D09,2022,XTKH2,20.65,30,,60.0
POHE5,Quản trị kinh doanh thương mại**,A01; D01; D07; D09,2022,XTKH3,25.45,30,,60.0
POHE5,Quản trị kinh doanh thương mại**,A01; D01; D07; D09,2022,XTKH4,29.75,30,,60.0
POHE5,Quản trị kinh doanh thương mại**,A01; D01; D07; D09,2022,XTKH5,26.67,30,,60.0
POHE5,Quản trị kinh doanh thương mại**,A01; D01; D07; D09,2022,XTKH6,36.07,30,,60.0
POHE5,Quản trị kinh doanh thương mại**,A01; D01; D07; D09,2023,Chuẩn,36.85,40,môn tiếng Anh hệ số 2,60.0
POHE5,Quản trị kinh doanh thương mại**,A01; D01; D07; D09,2023,XTKH1,24.4,30,,60.0
POHE5,Quản trị kinh doanh thương mại**,A01; D01; D07; D09,2023,XTKH2,20.0,30,,60.0
POHE5,Quản trị kinh doanh thương mại**,A01; D01; D07; D09,2023,XTKH3,26.31,30,,60.0
POHE5,Quản trị kinh doanh thương mại**,A01; D01; D07; D09,2024,Chuẩn,36.59,40,môn tiếng Anh hệ số 2,60.0
POHE5,Quản trị kinh doanh thương mại**,A01; D01; D07; D09,2024,XTKH1,27.19,30,,60.0
POHE5,Quản trị kinh doanh thương mại**,A01; D01; D07; D09,2024,XTKH2,21.93,30,,60.0
POHE5,Quản trị kinh doanh thương mại**,A01; D01; D07; D09,2025,Chuẩn,26.29,30,,50.0
POHE5,Quản trị kinh doanh thương mại,A01; D01; D07; D09,2026,Chuẩn,26.64,30,,50.0
POHE6,Quản lý thị trường**,A01; D01; D07; D09,2015,Chuẩn,20.33,30,,
POHE6,Quản lý thị trường**,A01; D01; D07; D09,2016,Chuẩn,26.16,30,,
POHE6,Quản lý thị trường**,A01; D01; D07; D09,2017,Chuẩn,31.0,30,,
POHE6,Quản lý thị trường**,A01; D01; D07; D09,2018,Chuẩn,28.75,30,,
POHE6,Quản lý thị trường**,A01; D01; D07; D09,2019,Chuẩn,31.75,30,,
POHE6,Quản lý thị trường**,A01; D01; D07; D09,2020,Chuẩn,34.25,30,,
POHE6,Quản lý thị trường**,A01; D01; D07; D09,2021,Chuẩn,36.75,30,,
POHE6,Quản lý thị trường**,A01; D01; D07; D09,2022,Chuẩn,35.0,30,,60.0
POHE6,Quản lý thị trường**,A01; D01; D07; D09,2022,XTKH2,19.05,30,,60.0
POHE6,Quản lý thị trường**,A01; D01; D07; D09,2022,XTKH3,22.33,30,,60.0
POHE6,Quản lý thị trường**,A01; D01; D07; D09,2022,XTKH4,27.6,30,,60.0
POHE6,Quản lý thị trường**,A01; D01; D07; D09,2022,XTKH5,25.5,30,,60.0
POHE6,Quản lý thị trường**,A01; D01; D07; D09,2022,XTKH6,31.27,30,,60.0
POHE6,Quản lý thị trường**,A01; D01; D07; D09,2023,Chuẩn,35.65,40,môn tiếng Anh hệ số 2,60.0
POHE6,Quản lý thị trường**,A01; D01; D07; D09,2023,XTKH1,22.93,30,,60.0
POHE6,Quản lý thị trường**,A01; D01; D07; D09,2023,XTKH2,18.3,30,,60.0
POHE6,Quản lý thị trường**,A01; D01; D07; D09,2023,XTKH3,24.86,30,,60.0
POHE6,Quản lý thị trường**,A01; D01; D07; D09,2024,Chuẩn,35.88,40,môn tiếng Anh hệ số 2,60.0
POHE6,Quản lý thị trường**,A01; D01; D07; D09,2024,XTKH1,24.38,30,,60.0
POHE6,Quản lý thị trường**,A01; D01; D07; D09,2024,XTKH2,20.25,30,,60.0
POHE6,Quản lý thị trường**,A01; D01; D07; D09,2025,Chuẩn,24.66,30,,50.0
POHE6,Quản lý thị trường,A01; D01; D07; D09,2026,Chuẩn,24.89,30,,50.0
POHE7,Thẩm định giá**,A01; D01; D07; D09,2015,Chuẩn,20.33,30,,
POHE7,Thẩm định giá**,A01; D01; D07; D09,2016,Chuẩn,26.16,30,,
POHE7,Thẩm định giá**,A01; D01; D07; D09,2017,Chuẩn,31.0,30,,
POHE7,Thẩm định giá**,A01; D01; D07; D09,2018,Chuẩn,28.75,30,,
POHE7,Thẩm định giá**,A01; D01; D07; D09,2019,Chuẩn,31.75,30,,
POHE7,Thẩm định giá**,A01; D01; D07; D09,2020,Chuẩn,34.25,30,,
POHE7,Thẩm định giá**,A01; D01; D07; D09,2021,Chuẩn,36.75,30,,
POHE7,Thẩm định giá**,A01; D01; D07; D09,2022,Chuẩn,35.0,30,,60.0
POHE7,Thẩm định giá**,A01; D01; D07; D09,2022,XTKH2,19.0,30,,60.0
POHE7,Thẩm định giá**,A01; D01; D07; D09,2022,XTKH3,21.47,30,,60.0
POHE7,Thẩm định giá**,A01; D01; D07; D09,2022,XTKH4,27.15,30,,60.0
POHE7,Thẩm định giá**,A01; D01; D07; D09,2022,XTKH5,25.75,30,,60.0
POHE7,Thẩm định giá**,A01; D01; D07; D09,2022,XTKH6,28.75,30,,60.0
POHE7,Thẩm định giá**,A01; D01; D07; D09,2023,Chuẩn,35.85,40,môn tiếng Anh hệ số 2,60.0
POHE7,Thẩm định giá**,A01; D01; D07; D09,2023,XTKH2,18.0,30,,60.0
POHE7,Thẩm định giá**,A01; D01; D07; D09,2023,XTKH3,24.86,30,,60.0
POHE7,Thẩm định giá**,A01; D01; D07; D09,2024,Chuẩn,36.05,40,môn tiếng Anh hệ số 2,60.0
POHE7,Thẩm định giá**,A01; D01; D07; D09,2024,XTKH1,24.74,30,,60.0
POHE7,Thẩm định giá**,A01; D01; D07; D09,2024,XTKH2,19.33,30,,60.0
POHE7,Thẩm định giá**,A01; D01; D07; D09,2025,Chuẩn,24.55,30,,50.0
POHE7,Thẩm định giá,A01; D01; D07; D09,2026,Chuẩn,24.96,30,,50.0
TT1,Kế toán,A00; A01; D01; D07,2026,Chuẩn,25.25,30,,165.0
TT2,Tài chính,A00; A01; D01; D07,2026,Chuẩn,26.0,30,,330.0
